"FIE00143596","2018-04-02","61.8456","24.2906","153.0","JUUPAJOKI HYYTIALA, FI","   88",",,E","   -5",",,E","  -34",",,E"
"FIE00143596","2018-04-03","61.8456","24.2906","153.0","JUUPAJOKI HYYTIALA, FI","    0",",,E","   27",",,E","  -46",",,E"
"FIE00143596","2018-04-04","61.8456","24.2906","153.0","JUUPAJOKI HYYTIALA, FI","   50",",,E","   59",",,E"," -130",",,E"
"FIE00143596","2018-04-05","61.8456","24.2906","153.0","JUUPAJOKI HYYTIALA, FI","   17",",,E","   38",",,E","    7",",,E"
"FIE00143596","2018-04-06","61.8456","24.2906","153.0","JUUPAJOKI HYYTIALA, FI","   33",",,E","   46",",,E","    3",",,E"
"FIE00143596","2018-04-07","61.8456","24.2906","153.0","JUUPAJOKI HYYTIALA, FI","    0",",,E","   54",",,E","  -34",",,E"
"FIE00143596","2018-04-08","61.8456","24.2906","153.0","JUUPAJOKI HYYTIALA, FI","   16",",,E","  101",",,E","   -9",",,E"
"FIE00143596","2018-04-09","61.8456","24.2906","153.0","JUUPAJOKI HYYTIALA, FI","   14",",,E","   43",",,E","    3",",,E"
"FIE00143596","2018-04-10","61.8456","24.2906","153.0","JUUPAJOKI HYYTIALA, FI","    0",",,E","   74",",,E","  -28",",,E"
"FIE00143596","2018-04-11","61.8456","24.2906","153.0","JUUPAJOKI HYYTIALA, FI","    0",",,E","   83",",,E","  -85",",,E"
"FIE00143596","2018-04-12","61.8456","24.2906","153.0","JUUPAJOKI HYYTIALA, FI","    0",",,E","   98",",,E","  -69",",,E"
"FIE00143596","2018-04-13","61.8456","24.2906","153.0","JUUPAJOKI HYYTIALA, FI","    0",",,E","  108",",,E","  -65",",,E"
"FIE00143596","2018-04-14","61.8456","24.2906","153.0","JUUPAJOKI HYYTIALA, FI","    0",",,E","  141",",,E","  -53",",,E"
"FIE00143596","2018-04-15","61.8456","24.2906","153.0","JUUPAJOKI HYYTIALA, FI","    1",",,E","  159",",,E","  -38",",,E"
"FIE00143596","2018-04-16","61.8456","24.2906","153.0","JUUPAJOKI HYYTIALA, FI","    9",",,E","   87",",,E","    9",",,E"
"FIE00143596","2018-04-17","61.8456","24.2906","153.0","JUUPAJOKI HYYTIALA, FI","    0",",,E","   71",",,E","   28",",,E"
"FIE00143596","2018-04-18","61.8456","24.2906","153.0","JUUPAJOKI HYYTIALA, FI","   13",",,E","  139",",,E","   15",",,E"
"FIE00143596","2018-04-19","61.8456","24.2906","153.0","JUUPAJOKI HYYTIALA, FI","    0",",,E","  137",",,E","   31",",,E"
"FIE00143596","2018-04-20","61.8456","24.2906","153.0","JUUPAJOKI HYYTIALA, FI","  112",",,E","  162",",,E","    4",",,E"
"FIE00143596","2018-04-21","61.8456","24.2906","153.0","JUUPAJOKI HYYTIALA, FI","   23",",,E","  100",",,E","   39",",,E"
"FIE00143596","2018-04-22","61.8456","24.2906","153.0","JUUPAJOKI HYYTIALA, FI","    1",",,E","   53",",,E","   -3",",,E"
"FIE00143596","2018-04-23","61.8456","24.2906","153.0","JUUPAJOKI HYYTIALA, FI","    3",",,E","  107",",,E","  -48",",,E"
"FIE00143596","2018-04-24","61.8456","24.2906","153.0","JUUPAJOKI HYYTIALA, FI","    4",",,E","   76",",,E","   12",",,E"
"FIE00143596","2018-04-25","61.8456","24.2906","153.0","JUUPAJOKI HYYTIALA, FI","    6",",,E","   88",",,E","   35",",,E"
"FIE00143596","2018-04-26","61.8456","24.2906","153.0","JUUPAJOKI HYYTIALA, FI","    2",",,E","   82",",,E","   -5",",,E"
"FIE00143596","2018-04-27","61.8456","24.2906","153.0","JUUPAJOKI HYYTIALA, FI","    0",",,E","  126",",,E","  -13",",,E"
"FIE00143596","2018-04-28","61.8456","24.2906","153.0","JUUPAJOKI HYYTIALA, FI","    0",",,E","  117",",,E","  -23",",,E"
"FIE00143596","2018-04-29","61.8456","24.2906","153.0","JUUPAJOKI HYYTIALA, FI","   34",",,E","   94",",,E","  -26",",,E"
"FIE00143596","2018-04-30","61.8456","24.2906","153.0","JUUPAJOKI HYYTIALA, FI","    0",",,E","  116",",,E","  -10",",,E"
"FIE00143596","2018-05-01","61.8456","24.2906","153.0","JUUPAJOKI HYYTIALA, FI","  116",",,E","   72",",,E","   18",",,E"
"FIE00143596","2018-05-02","61.8456","24.2906","153.0","JUUPAJOKI HYYTIALA, FI","  119",",,E","   81",",,E","   50",",,E"
"FIE00143596","2018-05-03","61.8456","24.2906","153.0","JUUPAJOKI HYYTIALA, FI","   36",",,E","  133",",,E","   39",",,E"
"FIE00143596","2018-05-04","61.8456","24.2906","153.0","JUUPAJOKI HYYTIALA, FI","    0",",,E","  101",",,E","   50",",,E"
"FIE00143596","2018-05-05","61.8456","24.2906","153.0","JUUPAJOKI HYYTIALA, FI","    0",",,E","  135",",,E","    5",",,E"
"FIE00143596","2018-05-06","61.8456","24.2906","153.0","JUUPAJOKI HYYTIALA, FI","    0",",,E","  196",",,E","   -5",",,E"
"FIE00143596","2018-05-07","61.8456","24.2906","153.0","JUUPAJOKI HYYTIALA, FI","    0",",,E","  215",",,E","   39",",,E"
"FIE00143596","2018-05-08","61.8456","24.2906","153.0","JUUPAJOKI HYYTIALA, FI","    0",",,E","  175",",,E","   26",",,E"
"FIE00143596","2018-05-09","61.8456","24.2906","153.0","JUUPAJOKI HYYTIALA, FI","    0",",,E","  204",",,E","   12",",,E"
"FIE00143596","2018-05-10","61.8456","24.2906","153.0","JUUPAJOKI HYYTIALA, FI","    0",",,E","  216",",,E","   34",",,E"
"FIE00143596","2018-05-11","61.8456","24.2906","153.0","JUUPAJOKI HYYTIALA, FI","    0",",,E","  239",",,E","   10",",,E"
"FIE00143596","2018-05-12","61.8456","24.2906","153.0","JUUPAJOKI HYYTIALA, FI","    0",",,E","  255",",,E","   33",",,E"
"FIE00143596","2018-05-13","61.8456","24.2906","153.0","JUUPAJOKI HYYTIALA, FI","    0",",,E","  273",",,E","   44",",,E"
"FIE00143596","2018-05-14","61.8456","24.2906","153.0","JUUPAJOKI HYYTIALA, FI","    0",",,E","  281",",,E","   62",",,E"
"FIE00143596","2018-05-15","61.8456","24.2906","153.0","JUUPAJOKI HYYTIALA, FI","    0",",,E","  273",",,E","  100",",,E"
"FIE00143596","2018-05-16","61.8456","24.2906","153.0","JUUPAJOKI HYYTIALA, FI","    0",",,E","  275",",,E","   88",",,E"
"FIE00143596","2018-05-17","61.8456","24.2906","153.0","JUUPAJOKI HYYTIALA, FI","    0",",,E","  227",",,E","   93",",,E"
"FIE00143596","2018-05-18","61.8456","24.2906","153.0","JUUPAJOKI HYYTIALA, FI","    0",",,E","  177",",,E","   84",",,E"
"FIE00143596","2018-05-19","61.8456","24.2906","153.0","JUUPAJOKI HYYTIALA, FI","    0",",,E","  180",",,E","   31",",,E"
"FIE00143596","2018-05-20","61.8456","24.2906","153.0","JUUPAJOKI HYYTIALA, FI","    0",",,E","  220",",,E","   25",",,E"
"FIE00143596","2018-05-21","61.8456","24.2906","153.0","JUUPAJOKI HYYTIALA, FI","    0",",,E","  250",",,E","   89",",,E"
"FIE00143596","2018-05-22","61.8456","24.2906","153.0","JUUPAJOKI HYYTIALA, FI","    0",",,E","  251",",,E","   48",",,E"
"FIE00143596","2018-05-23","61.8456","24.2906","153.0","JUUPAJOKI HYYTIALA, FI","    0",",,E","  203",",,E","  120",",,E"
"FIE00143596","2018-05-24","61.8456","24.2906","153.0","JUUPAJOKI HYYTIALA, FI","    0",",,E","  199",",,E","   40",",,E"
"FIE00143596","2018-05-25","61.8456","24.2906","153.0","JUUPAJOKI HYYTIALA, FI","    0",",,E","  247",",,E","   25",",,E"
"FIE00143596","2018-05-26","61.8456","24.2906","153.0","JUUPAJOKI HYYTIALA, FI","    0",",,E","  249",",,E","   73",",,E"
"FIE00143596","2018-05-27","61.8456","24.2906","153.0","JUUPAJOKI HYYTIALA, FI","    0",",,E","  205",",,E","   84",",,E"
"FIE00143596","2018-05-28","61.8456","24.2906","153.0","JUUPAJOKI HYYTIALA, FI","    0",",,E","  248",",,E","   45",",,E"
"FIE00143596","2018-05-29","61.8456","24.2906","153.0","JUUPAJOKI HYYTIALA, FI","    0",",,E","  253",",,E","   68",",,E"
"FIE00143596","2018-05-30","61.8456","24.2906","153.0","JUUPAJOKI HYYTIALA, FI","    0",",,E","  220",",,E","  108",",,E"
"FIE00143596","2018-05-31","61.8456","24.2906","153.0","JUUPAJOKI HYYTIALA, FI","    0",",,E",,,,
"FIE00143596","2018-06-01","61.8456","24.2906","153.0","JUUPAJOKI HYYTIALA, FI","    0",",,E","  233",",,E","   53",",,E"
"FIE00143596","2018-06-02","61.8456","24.2906","153.0","JUUPAJOKI HYYTIALA, FI","    0",",,E","  253",",,E","  112",",,E"
"FIE00143596","2018-06-03","61.8456","24.2906","153.0","JUUPAJOKI HYYTIALA, FI","    0",",,E","  215",",,E","   73",",,E"
"FIE00143596","2018-06-04","61.8456","24.2906","153.0","JUUPAJOKI HYYTIALA, FI","    0",",,E","  165",",,E","  103",",,E"
"FIE00143596","2018-06-05","61.8456","24.2906","153.0","JUUPAJOKI HYYTIALA, FI","    0",",,E","  114",",,E","   61",",,E"
"FIE00143596","2018-06-06","61.8456","24.2906","153.0","JUUPAJOKI HYYTIALA, FI","    2",",,E","  129",",,E","   39",",,E"
"FIE00143596","2018-06-07","61.8456","24.2906","153.0","JUUPAJOKI HYYTIALA, FI","   14",",,E","  137",",,E","   15",",,E"
"FIE00143596","2018-06-08","61.8456","24.2906","153.0","JUUPAJOKI HYYTIALA, FI","    0",",,E","  155",",,E","    5",",,E"
"FIE00143596","2018-06-09","61.8456","24.2906","153.0","JUUPAJOKI HYYTIALA, FI","    0",",,E","  159",",,E","   24",",,E"
"FIE00143596","2018-06-10","61.8456","24.2906","153.0","JUUPAJOKI HYYTIALA, FI","    0",",,E","  235",",,E","   36",",,E"
"FIE00143596","2018-06-11","61.8456","24.2906","153.0","JUUPAJOKI HYYTIALA, FI","   48",",,E","  257",",,E","  113",",,E"
"FIE00143596","2018-06-12","61.8456","24.2906","153.0","JUUPAJOKI HYYTIALA, FI","    0",",,E","  178",",,E","   65",",,E"
"FIE00143596","2018-06-13","61.8456","24.2906","153.0","JUUPAJOKI HYYTIALA, FI","    0",",,E","  164",",,E","   42",",,E"
"FIE00143596","2018-06-14","61.8456","24.2906","153.0","JUUPAJOKI HYYTIALA, FI","    0",",,E","  214",",,E","   34",",,E"
"FIE00143596","2018-06-15","61.8456","24.2906","153.0","JUUPAJOKI HYYTIALA, FI","    0",",,E","  223",",,E","  136",",,E"
"FIE00143596","2018-06-16","61.8456","24.2906","153.0","JUUPAJOKI HYYTIALA, FI","    0",",,E","  245",",,E","   90",",,E"
"FIE00143596","2018-06-17","61.8456","24.2906","153.0","JUUPAJOKI HYYTIALA, FI","    8",",,E","  260",",,E","   76",",,E"
"FIE00143596","2018-06-18","61.8456","24.2906","153.0","JUUPAJOKI HYYTIALA, FI","    0",",,E","  226",",,E","  133",",,E"
"FIE00143596","2018-06-19","61.8456","24.2906","153.0","JUUPAJOKI HYYTIALA, FI","  190",",,E","  171",",,E","  113",",,E"
"FIE00143596","2018-06-20","61.8456","24.2906","153.0","JUUPAJOKI HYYTIALA, FI","    0",",,E","  196",",,E","  102",",,E"
"FIE00143596","2018-06-21","61.8456","24.2906","153.0","JUUPAJOKI HYYTIALA, FI","  248",",,E","  194",",,E","   38",",,E"
"FIE00143596","2018-06-22","61.8456","24.2906","153.0","JUUPAJOKI HYYTIALA, FI","   37",",,E","  138",",,E","   89",",,E"
"FIE00143596","2018-06-23","61.8456","24.2906","153.0","JUUPAJOKI HYYTIALA, FI","    0",",,E","  166",",,E","   88",",,E"
"FIE00143596","2018-06-24","61.8456","24.2906","153.0","JUUPAJOKI HYYTIALA, FI","    0",",,E","  199",",,E","   91",",,E"
"FIE00143596","2018-06-25","61.8456","24.2906","153.0","JUUPAJOKI HYYTIALA, FI","    0",",,E","  179",",,E","  115",",,E"
"FIE00143596","2018-06-26","61.8456","24.2906","153.0","JUUPAJOKI HYYTIALA, FI","    0",",,E","  215",",,E","  100",",,E"
"FIE00143596","2018-06-27","61.8456","24.2906","153.0","JUUPAJOKI HYYTIALA, FI","    0",",,E","  241",",,E","   85",",,E"
"FIE00143596","2018-06-28","61.8456","24.2906","153.0","JUUPAJOKI HYYTIALA, FI","  232",",,E","  267",",,E","   78",",,E"
"FIE00143596","2018-06-29","61.8456","24.2906","153.0","JUUPAJOKI HYYTIALA, FI","   42",",,E","  232",",,E","  101",",,E"
"FIE00143596","2018-06-30","61.8456","24.2906","153.0","JUUPAJOKI HYYTIALA, FI","    0",",,E","  165",",,E","   70",",,E"
"FIE00143596","2018-07-01","61.8456","24.2906","153.0","JUUPAJOKI HYYTIALA, FI","    0",",,E","  201",",,E","   59",",,E"
"FIE00143596","2018-07-02","61.8456","24.2906","153.0","JUUPAJOKI HYYTIALA, FI","    0",",,E","  174",",,E","   87",",,E"
"FIE00143596","2018-07-03","61.8456","24.2906","153.0","JUUPAJOKI HYYTIALA, FI","   85",",,E","  154",",,E","  125",",,E"
"FIE00143596","2018-07-04","61.8456","24.2906","153.0","JUUPAJOKI HYYTIALA, FI","   90",",,E","  168",",,E","  121",",,E"
"FIE00143596","2018-07-05","61.8456","24.2906","153.0","JUUPAJOKI HYYTIALA, FI","    6",",,E","  210",",,E","  117",",,E"
"FIE00143596","2018-07-06","61.8456","24.2906","153.0","JUUPAJOKI HYYTIALA, FI","    0",",,E","  223",",,E","  134",",,E"
"FIE00143596","2018-07-07","61.8456","24.2906","153.0","JUUPAJOKI HYYTIALA, FI","    0",",,E","  212",",,E","  139",",,E"
"FIE00143596","2018-07-08","61.8456","24.2906","153.0","JUUPAJOKI HYYTIALA, FI","    0",",,E","  202",",,E","  128",",,E"
"FIE00143596","2018-07-09","61.8456","24.2906","153.0","JUUPAJOKI HYYTIALA, FI","    0",",,E","  239",",,E","  120",",,E"
"FIE00143596","2018-07-10","61.8456","24.2906","153.0","JUUPAJOKI HYYTIALA, FI","    0",",,E","  239",",,E","  105",",,E"
"FIE00143596","2018-07-11","61.8456","24.2906","153.0","JUUPAJOKI HYYTIALA, FI","    0",",,E","  236",",,E","   97",",,E"
"FIE00143596","2018-07-12","61.8456","24.2906","153.0","JUUPAJOKI HYYTIALA, FI","    0",",,E","  249",",,E","  105",",,E"
"FIE00143596","2018-07-13","61.8456","24.2906","153.0","JUUPAJOKI HYYTIALA, FI","    5",",,E","  274",",,E","  151",",,E"
"FIE00143596","2018-07-14","61.8456","24.2906","153.0","JUUPAJOKI HYYTIALA, FI","    0",",,E","  270",",,E","  152",",,E"
"FIE00143596","2018-07-15","61.8456","24.2906","153.0","JUUPAJOKI HYYTIALA, FI","    0",",,E","  286",",,E","  134",",,E"
"FIE00143596","2018-07-16","61.8456","24.2906","153.0","JUUPAJOKI HYYTIALA, FI","    0",",,E","  309",",,E","  130",",,E"
"FIE00143596","2018-07-17","61.8456","24.2906","153.0","JUUPAJOKI HYYTIALA, FI","    0",",,E","  318",",,E","  147",",,E"
"FIE00143596","2018-07-18","61.8456","24.2906","153.0","JUUPAJOKI HYYTIALA, FI","    0",",,E","  305",",,E","  157",",,E"
"FIE00143596","2018-07-19","61.8456","24.2906","153.0","JUUPAJOKI HYYTIALA, FI","    0",",,E","  296",",,E","  123",",,E"
"FIE00143596","2018-07-20","61.8456","24.2906","153.0","JUUPAJOKI HYYTIALA, FI","  144",",,E","  288",",,E","  158",",,E"
"FIE00143596","2018-07-21","61.8456","24.2906","153.0","JUUPAJOKI HYYTIALA, FI","  169",",,E","  232",",,E","  169",",,E"
"FIE00143596","2018-07-22","61.8456","24.2906","153.0","JUUPAJOKI HYYTIALA, FI","    0",",,E","  267",",,E","  179",",,E"
"FIE00143596","2018-07-23","61.8456","24.2906","153.0","JUUPAJOKI HYYTIALA, FI","    0",",,E","  276",",,E","  108",",,E"
"FIE00143596","2018-07-24","61.8456","24.2906","153.0","JUUPAJOKI HYYTIALA, FI","    0",",,E","  297",",,E","  128",",,E"
"FIE00143596","2018-07-25","61.8456","24.2906","153.0","JUUPAJOKI HYYTIALA, FI","    0",",,E","  298",",,E","  160",",,E"
"FIE00143596","2018-07-26","61.8456","24.2906","153.0","JUUPAJOKI HYYTIALA, FI","    0",",,E","  302",",,E","  159",",,E"
"FIE00143596","2018-07-27","61.8456","24.2906","153.0","JUUPAJOKI HYYTIALA, FI","    0",",,E","  316",",,E","  164",",,E"
"FIE00143596","2018-07-28","61.8456","24.2906","153.0","JUUPAJOKI HYYTIALA, FI","    0",",,E","  282",",,E","  187",",,E"
"FIE00143596","2018-07-29","61.8456","24.2906","153.0","JUUPAJOKI HYYTIALA, FI","    0",",,E","  294",",,E","  194",",,E"
"FIE00143596","2018-07-30","61.8456","24.2906","153.0","JUUPAJOKI HYYTIALA, FI","    0",",,E",,,,
"FIE00143596","2018-07-31","61.8456","24.2906","153.0","JUUPAJOKI HYYTIALA, FI","    0",",,E","  307",",,E","  166",",,E"
"FIE00143596","2018-08-01","61.8456","24.2906","153.0","JUUPAJOKI HYYTIALA, FI","    0",",,E","  310",",,E","  161",",,E"
"FIE00143596","2018-08-02","61.8456","24.2906","153.0","JUUPAJOKI HYYTIALA, FI","  159",",,E","  311",",,E","  177",",,E"
"FIE00143596","2018-08-03","61.8456","24.2906","153.0","JUUPAJOKI HYYTIALA, FI","    0",",,E","  282",",,E","  158",",,E"
"FIE00143596","2018-08-04","61.8456","24.2906","153.0","JUUPAJOKI HYYTIALA, FI","    0",",,E","  258",",,E","  163",",,E"
"FIE00143596","2018-08-05","61.8456","24.2906","153.0","JUUPAJOKI HYYTIALA, FI","   22",",,E","  229",",,E","  145",",,E"
"FIE00143596","2018-08-06","61.8456","24.2906","153.0","JUUPAJOKI HYYTIALA, FI","    5",",,E","  170",",,E","  115",",,E"
"FIE00143596","2018-08-07","61.8456","24.2906","153.0","JUUPAJOKI HYYTIALA, FI","    0",",,E","  225",",,E","  108",",,E"
"FIE00143596","2018-08-08","61.8456","24.2906","153.0","JUUPAJOKI HYYTIALA, FI","    0",",,E","  261",",,E","   57",",,E"
"FIE00143596","2018-08-09","61.8456","24.2906","153.0","JUUPAJOKI HYYTIALA, FI","    1",",,E","  271",",,E","  152",",,E"
"FIE00143596","2018-08-10","61.8456","24.2906","153.0","JUUPAJOKI HYYTIALA, FI","    0",",,E","  304",",,E","  171",",,E"
"FIE00143596","2018-08-11","61.8456","24.2906","153.0","JUUPAJOKI HYYTIALA, FI","    0",",,E","  232",",,E","  171",",,E"
"FIE00143596","2018-08-12","61.8456","24.2906","153.0","JUUPAJOKI HYYTIALA, FI","   27",",,E","  174",",,E","   60",",,E"
"FIE00143596","2018-08-13","61.8456","24.2906","153.0","JUUPAJOKI HYYTIALA, FI","    0",",,E","  174",",,E","   80",",,E"
"FIE00143596","2018-08-14","61.8456","24.2906","153.0","JUUPAJOKI HYYTIALA, FI","    0",",,E","  205",",,E","   99",",,E"
"FIE00143596","2018-08-15","61.8456","24.2906","153.0","JUUPAJOKI HYYTIALA, FI","    0",",,E","  215",",,E","   92",",,E"
"FIE00143596","2018-08-16","61.8456","24.2906","153.0","JUUPAJOKI HYYTIALA, FI","    0",",,E","  226",",,E","   72",",,E"
"FIE00143596","2018-08-17","61.8456","24.2906","153.0","JUUPAJOKI HYYTIALA, FI","   16",",,E","  234",",,E","  123",",,E"
"FIE00143596","2018-08-18","61.8456","24.2906","153.0","JUUPAJOKI HYYTIALA, FI","   17",",,E","  231",",,E","  161",",,E"
"FIE00143596","2018-08-19","61.8456","24.2906","153.0","JUUPAJOKI HYYTIALA, FI","    0",",,E","  209",",,E","  140",",,E"
"FIE00143596","2018-08-20","61.8456","24.2906","153.0","JUUPAJOKI HYYTIALA, FI","   48",",,E","  195",",,E","   52",",,E"
"FIE00143596","2018-08-21","61.8456","24.2906","153.0","JUUPAJOKI HYYTIALA, FI","    0",",,E","  169",",,E","   85",",,E"
"FIE00143596","2018-08-22","61.8456","24.2906","153.0","JUUPAJOKI HYYTIALA, FI","    0",",,E","  185",",,E","   52",",,E"
"FIE00143596","2018-08-23","61.8456","24.2906","153.0","JUUPAJOKI HYYTIALA, FI","   63",",,E","  200",",,E","  139",",,E"
"FIE00143596","2018-08-24","61.8456","24.2906","153.0","JUUPAJOKI HYYTIALA, FI","   34",",,E","  255",",,E","  125",",,E"
"FIE00143596","2018-08-25","61.8456","24.2906","153.0","JUUPAJOKI HYYTIALA, FI","    0",",,E","  189",",,E","  135",",,E"
"FIE00143596","2018-08-26","61.8456","24.2906","153.0","JUUPAJOKI HYYTIALA, FI","    0",",,E","  167",",,E","   66",",,E"
"FIE00143596","2018-08-27","61.8456","24.2906","153.0","JUUPAJOKI HYYTIALA, FI","    2",",,E","  180",",,E","   81",",,E"
"FIE00143596","2018-08-28","61.8456","24.2906","153.0","JUUPAJOKI HYYTIALA, FI","    0",",,E","  176",",,E","   23",",,E"
"FIE00143596","2018-08-29","61.8456","24.2906","153.0","JUUPAJOKI HYYTIALA, FI","    0",",,E","  225",",,E","   51",",,E"
"FIE00143596","2018-08-30","61.8456","24.2906","153.0","JUUPAJOKI HYYTIALA, FI","    4",",,E","  145",",,E","   63",",,E"
"FIE00143596","2018-08-31","61.8456","24.2906","153.0","JUUPAJOKI HYYTIALA, FI","    0",",,E","  175",",,E","  112",",,E"
"FIE00143596","2018-09-01","61.8456","24.2906","153.0","JUUPAJOKI HYYTIALA, FI","   22",",,E","  190",",,E","  118",",,E"
"FIE00143596","2018-09-02","61.8456","24.2906","153.0","JUUPAJOKI HYYTIALA, FI","   26",",,E","  208",",,E","  141",",,E"
"FIE00143596","2018-09-03","61.8456","24.2906","153.0","JUUPAJOKI HYYTIALA, FI","    0",",,E","  229",",,E","   83",",,E"
"FIE00143596","2018-09-04","61.8456","24.2906","153.0","JUUPAJOKI HYYTIALA, FI","    0",",,E","  217",",,E","   99",",,E"
"FIE00143596","2018-09-05","61.8456","24.2906","153.0","JUUPAJOKI HYYTIALA, FI","    0",",,E","  190",",,E","  111",",,E"
"FIE00143596","2018-09-06","61.8456","24.2906","153.0","JUUPAJOKI HYYTIALA, FI","    0",",,E","  171",",,E","  113",",,E"
"FIE00143596","2018-09-07","61.8456","24.2906","153.0","JUUPAJOKI HYYTIALA, FI","    0",",,E","  206",",,E","   89",",,E"
"FIE00143596","2018-09-08","61.8456","24.2906","153.0","JUUPAJOKI HYYTIALA, FI","    0",",,E","  212",",,E","  123",",,E"
"FIE00143596","2018-09-09","61.8456","24.2906","153.0","JUUPAJOKI HYYTIALA, FI","    0",",,E","  205",",,E","  115",",,E"
"FIE00143596","2018-09-10","61.8456","24.2906","153.0","JUUPAJOKI HYYTIALA, FI","    1",",,E","  178",",,E","  133",",,E"
"FIE00143596","2018-09-11","61.8456","24.2906","153.0","JUUPAJOKI HYYTIALA, FI","  314",",,E","  158",",,E","  115",",,E"
"FIE00143596","2018-09-12","61.8456","24.2906","153.0","JUUPAJOKI HYYTIALA, FI","   15",",,E","  150",",,E","  103",",,E"
"FIE00143596","2018-09-13","61.8456","24.2906","153.0","JUUPAJOKI HYYTIALA, FI","    0",",,E","  162",",,E","   82",",,E"
"FIE00143596","2018-09-14","61.8456","24.2906","153.0","JUUPAJOKI HYYTIALA, FI","    5",",,E","  156",",,E","   38",",,E"
"FIE00143596","2018-09-15","61.8456","24.2906","153.0","JUUPAJOKI HYYTIALA, FI","   75",",,E","  139",",,E","   80",",,E"
"FIE00143596","2018-09-16","61.8456","24.2906","153.0","JUUPAJOKI HYYTIALA, FI","    2",",,E","  148",",,E","   47",",,E"
"FIE00143596","2018-09-17","61.8456","24.2906","153.0","JUUPAJOKI HYYTIALA, FI","  171",",,E","  137",",,E","   41",",,E"
"FIE00143596","2018-09-18","61.8456","24.2906","153.0","JUUPAJOKI HYYTIALA, FI","    9",",,E","  132",",,E","   63",",,E"
"FIE00143596","2018-09-19","61.8456","24.2906","153.0","JUUPAJOKI HYYTIALA, FI","    0",",,E","  167",",,E","  116",",,E"
"FIE00143596","2018-09-20","61.8456","24.2906","153.0","JUUPAJOKI HYYTIALA, FI","    0",",,E","  194",",,E","  124",",,E"
"FIE00143596","2018-09-21","61.8456","24.2906","153.0","JUUPAJOKI HYYTIALA, FI","   26",",,E","  166",",,E","   92",",,E"
"FIE00143596","2018-09-22","61.8456","24.2906","153.0","JUUPAJOKI HYYTIALA, FI","    2",",,E","  183",",,E","   94",",,E"
"FIE00143596","2018-09-23","61.8456","24.2906","153.0","JUUPAJOKI HYYTIALA, FI","    8",",,E","  133",",,E","   60",",,E"
"FIE00143596","2018-09-24","61.8456","24.2906","153.0","JUUPAJOKI HYYTIALA, FI","    0",",,E","  108",",,E","    3",",,E"
"FIE00143596","2018-09-25","61.8456","24.2906","153.0","JUUPAJOKI HYYTIALA, FI","    1",",,E","  113",",,E","   10",",,E"
"FIE00143596","2018-09-26","61.8456","24.2906","153.0","JUUPAJOKI HYYTIALA, FI","   68",",,E","   92",",,E","   68",",,E"
"FIE00143596","2018-09-27","61.8456","24.2906","153.0","JUUPAJOKI HYYTIALA, FI","    0",",,E","   92",",,E","   31",",,E"
"FIE00143596","2018-09-28","61.8456","24.2906","153.0","JUUPAJOKI HYYTIALA, FI","    0",",,E","   86",",,E","   -8",",,E"
"FIE00143596","2018-09-29","61.8456","24.2906","153.0","JUUPAJOKI HYYTIALA, FI","   23",",,E","   86",",,E","  -43",",,E"
"FIE00143596","2018-09-30","61.8456","24.2906","153.0","JUUPAJOKI HYYTIALA, FI","    0",",,E","  106",",,E","   42",",,E"
"FIE00143596","2018-10-01","61.8456","24.2906","153.0","JUUPAJOKI HYYTIALA, FI","    8",",,E","  115",",,E","   46",",,E"
"FIE00143596","2018-10-02","61.8456","24.2906","153.0","JUUPAJOKI HYYTIALA, FI","    0",",,E","  102",",,E","    0",",,E"
"FIE00143596","2018-10-03","61.8456","24.2906","153.0","JUUPAJOKI HYYTIALA, FI","    0",",,E","   68",",,E","    3",",,E"
"FIE00143596","2018-10-04","61.8456","24.2906","153.0","JUUPAJOKI HYYTIALA, FI","    9",",,E","   34",",,E","  -18",",,E"
"FIE00143596","2018-10-05","61.8456","24.2906","153.0","JUUPAJOKI HYYTIALA, FI","   85",",,E","   97",",,E","  -25",",,E"
"FIE00143596","2018-10-06","61.8456","24.2906","153.0","JUUPAJOKI HYYTIALA, FI","    0",",,E","  104",",,E","   30",",,E"
"FIE00143596","2018-10-07","61.8456","24.2906","153.0","JUUPAJOKI HYYTIALA, FI","    0",",,E","   82",",,E","   -8",",,E"
"FIE00143596","2018-10-08","61.8456","24.2906","153.0","JUUPAJOKI HYYTIALA, FI","   16",",,E","   76",",,E","  -49",",,E"
"FIE00143596","2018-10-09","61.8456","24.2906","153.0","JUUPAJOKI HYYTIALA, FI","   42",",,E","  107",",,E","   68",",,E"
"FIE00143596","2018-10-10","61.8456","24.2906","153.0","JUUPAJOKI HYYTIALA, FI","    0",",,E","  127",",,E","   41",",,E"
"FIE00143596","2018-10-11","61.8456","24.2906","153.0","JUUPAJOKI HYYTIALA, FI","    3",",,E","  105",",,E","   -7",",,E"
"FIE00143596","2018-10-12","61.8456","24.2906","153.0","JUUPAJOKI HYYTIALA, FI","    0",",,E","  161",",,E","   82",",,E"
"FIE00143596","2018-10-13","61.8456","24.2906","153.0","JUUPAJOKI HYYTIALA, FI","    0",",,E","  137",",,E","   96",",,E"
"FIE00143596","2018-10-14","61.8456","24.2906","153.0","JUUPAJOKI HYYTIALA, FI","    0",",,E","  200",",,E","  111",",,E"
"FIE00143596","2018-10-15","61.8456","24.2906","153.0","JUUPAJOKI HYYTIALA, FI","    0",",,E","  168",",,E","   97",",,E"
"FIE00143596","2018-10-16","61.8456","24.2906","153.0","JUUPAJOKI HYYTIALA, FI","    1",",,E","  123",",,E","   25",",,E"
"FIE00143596","2018-10-17","61.8456","24.2906","153.0","JUUPAJOKI HYYTIALA, FI","    0",",,E","  122",",,E","  -12",",,E"
"FIE00143596","2018-10-18","61.8456","24.2906","153.0","JUUPAJOKI HYYTIALA, FI","   33",",,E","  120",",,E","   57",",,E"
"FIE00143596","2018-10-19","61.8456","24.2906","153.0","JUUPAJOKI HYYTIALA, FI","    0",",,E","   94",",,E","   38",",,E"
"FIE00143596","2018-10-20","61.8456","24.2906","153.0","JUUPAJOKI HYYTIALA, FI","    0",",,E","   67",",,E","    0",",,E"
"FIE00143596","2018-10-21","61.8456","24.2906","153.0","JUUPAJOKI HYYTIALA, FI","   29",",,E","   94",",,E","   36",",,E"
"FIE00143596","2018-10-22","61.8456","24.2906","153.0","JUUPAJOKI HYYTIALA, FI","    0",",,E","  111",",,E","   44",",,E"
"FIE00143596","2018-10-23","61.8456","24.2906","153.0","JUUPAJOKI HYYTIALA, FI","  131",",,E","   44",",,E","  -25",",,E"
"FIE00143596","2018-10-24","61.8456","24.2906","153.0","JUUPAJOKI HYYTIALA, FI","    2",",,E","   40",",,E","  -17",",,E"
"FIE00143596","2018-10-25","61.8456","24.2906","153.0","JUUPAJOKI HYYTIALA, FI","   35",",,E","   37",",,E","  -22",",,E"
"FIE00143596","2018-10-26","61.8456","24.2906","153.0","JUUPAJOKI HYYTIALA, FI","    8",",,E","   16",",,E","  -10",",,E"
"FIE00143596","2018-10-27","61.8456","24.2906","153.0","JUUPAJOKI HYYTIALA, FI","    1",",,E","    6",",,E","  -16",",,E"
"FIE00143596","2018-10-28","61.8456","24.2906","153.0","JUUPAJOKI HYYTIALA, FI","    0",",,E","    6",",,E","  -49",",,E"
"FIE00143596","2018-10-29","61.8456","24.2906","153.0","JUUPAJOKI HYYTIALA, FI","    0",",,E","  -26",",,E","  -89",",,E"
"FIE00143596","2018-10-30","61.8456","24.2906","153.0","JUUPAJOKI HYYTIALA, FI","    1",",,E","   12",",,E","  -65",",,E"
"FIE00143596","2018-10-31","61.8456","24.2906","153.0","JUUPAJOKI HYYTIALA, FI","   11",",,E","   77",",,E","   12",",,E"
"FIE00143596","2018-11-01","61.8456","24.2906","153.0","JUUPAJOKI HYYTIALA, FI","    0",",,E","   80",",,E","   20",",,E"
"FIE00143596","2018-11-02","61.8456","24.2906","153.0","JUUPAJOKI HYYTIALA, FI","   22",",,E","   80",",,E","   -2",",,E"
"FIE00143596","2018-11-03","61.8456","24.2906","153.0","JUUPAJOKI HYYTIALA, FI","    8",",,E","   92",",,E","   38",",,E"
"FIE00143596","2018-11-04","61.8456","24.2906","153.0","JUUPAJOKI HYYTIALA, FI","    1",",,E","   65",",,E","    2",",,E"
"FIE00143596","2018-11-05","61.8456","24.2906","153.0","JUUPAJOKI HYYTIALA, FI","    0",",,E","   69",",,E","   24",",,E"
"FIE00143596","2018-11-06","61.8456","24.2906","153.0","JUUPAJOKI HYYTIALA, FI","    6",",,E","   53",",,E","   35",",,E"
"FIE00143596","2018-11-07","61.8456","24.2906","153.0","JUUPAJOKI HYYTIALA, FI","   10",",,E","   77",",,E","   34",",,E"
"FIE00143596","2018-11-08","61.8456","24.2906","153.0","JUUPAJOKI HYYTIALA, FI","   14",",,E","   72",",,E","   52",",,E"
"FIE00143596","2018-11-09","61.8456","24.2906","153.0","JUUPAJOKI HYYTIALA, FI","   10",",,E","   52",",,E","   40",",,E"
"FIE00143596","2018-11-10","61.8456","24.2906","153.0","JUUPAJOKI HYYTIALA, FI","    3",",,E","   40",",,E","   24",",,E"
"FIE00143596","2018-11-11","61.8456","24.2906","153.0","JUUPAJOKI HYYTIALA, FI","    1",",,E","   39",",,E","   26",",,E"
"FIE00143596","2018-11-12","61.8456","24.2906","153.0","JUUPAJOKI HYYTIALA, FI","   59",",,E","   39",",,E","   29",",,E"
"FIE00143596","2018-11-13","61.8456","24.2906","153.0","JUUPAJOKI HYYTIALA, FI","    8",",,E","   63",",,E","   38",",,E"
"FIE00143596","2018-11-14","61.8456","24.2906","153.0","JUUPAJOKI HYYTIALA, FI","    0",",,E","   54",",,E","   32",",,E"
"FIE00143596","2018-11-15","61.8456","24.2906","153.0","JUUPAJOKI HYYTIALA, FI","    8",",,E","   73",",,E","   32",",,E"
"FIE00143596","2018-11-16","61.8456","24.2906","153.0","JUUPAJOKI HYYTIALA, FI","    0",",,E","   84",",,E","   69",",,E"
"FIE00143596","2018-11-17","61.8456","24.2906","153.0","JUUPAJOKI HYYTIALA, FI","    0",",,E","   70",",,E","   35",",,E"
"FIE00143596","2018-11-18","61.8456","24.2906","153.0","JUUPAJOKI HYYTIALA, FI","    0",",,E","   45",",,E","  -11",",,E"
"FIE00143596","2018-11-19","61.8456","24.2906","153.0","JUUPAJOKI HYYTIALA, FI","    0",",,E","   -9",",,E","  -68",",,E"
"FIE00143596","2018-11-20","61.8456","24.2906","153.0","JUUPAJOKI HYYTIALA, FI","    0",",,E","    5",",,E","  -77",",,E"
"FIE00143596","2018-11-21","61.8456","24.2906","153.0","JUUPAJOKI HYYTIALA, FI","    0",",,E","  -13",",,E","  -63",",,E"
"FIE00143596","2018-11-22","61.8456","24.2906","153.0","JUUPAJOKI HYYTIALA, FI","    0",",,E","    0",",,E","  -30",",,E"
"FIE00143596","2018-11-23","61.8456","24.2906","153.0","JUUPAJOKI HYYTIALA, FI","    0",",,E","   -1",",,E","  -46",",,E"
"FIE00143596","2018-11-24","61.8456","24.2906","153.0","JUUPAJOKI HYYTIALA, FI","    0",",,E","   -8",",,E","  -68",",,E"
"FIE00143596","2018-11-25","61.8456","24.2906","153.0","JUUPAJOKI HYYTIALA, FI","    0",",,E","  -27",",,E","  -81",",,E"
"FIE00143596","2018-11-26","61.8456","24.2906","153.0","JUUPAJOKI HYYTIALA, FI","   11",",,E","  -26",",,E"," -117",",,E"
"FIE00143596","2018-11-27","61.8456","24.2906","153.0","JUUPAJOKI HYYTIALA, FI","    3",",,E","  -43",",,E","  -64",",,E"
"FIE00143596","2018-11-28","61.8456","24.2906","153.0","JUUPAJOKI HYYTIALA, FI","    0",",,E","  -45",",,E","  -77",",,E"
"FIE00143596","2018-11-29","61.8456","24.2906","153.0","JUUPAJOKI HYYTIALA, FI","    2",",,E","   11",",,E","  -69",",,E"
"FIE00143596","2018-11-30","61.8456","24.2906","153.0","JUUPAJOKI HYYTIALA, FI","    1",",,E","   16",",,E","  -14",",,E"
"FIE00143596","2018-12-01","61.8456","24.2906","153.0","JUUPAJOKI HYYTIALA, FI","    0",",,E","   11",",,E","  -54",",,E"
"FIE00143596","2018-12-02","61.8456","24.2906","153.0","JUUPAJOKI HYYTIALA, FI","    0",",,E","  -25",",,E","  -75",",,E"
"FIE00143596","2018-12-03","61.8456","24.2906","153.0","JUUPAJOKI HYYTIALA, FI","   12",",,E","  -22",",,E","  -33",",,E"
"FIE00143596","2018-12-04","61.8456","24.2906","153.0","JUUPAJOKI HYYTIALA, FI","   40",",,E","   25",",,E","  -32",",,E"
"FIE00143596","2018-12-05","61.8456","24.2906","153.0","JUUPAJOKI HYYTIALA, FI","    6",",,E","   30",",,E","   -7",",,E"
"FIE00143596","2018-12-06","61.8456","24.2906","153.0","JUUPAJOKI HYYTIALA, FI","    0",",,E","    0",",,E","  -46",",,E"
"FIE00143596","2018-12-07","61.8456","24.2906","153.0","JUUPAJOKI HYYTIALA, FI","   26",",,E","    0",",,E","  -64",",,E"
"FIE00143596","2018-12-08","61.8456","24.2906","153.0","JUUPAJOKI HYYTIALA, FI","   53",",,E","    2",",,E","  -16",",,E"
"FIE00143596","2018-12-09","61.8456","24.2906","153.0","JUUPAJOKI HYYTIALA, FI","   32",",,E","   25",",,E","   -1",",,E"
"FIE00143596","2018-12-10","61.8456","24.2906","153.0","JUUPAJOKI HYYTIALA, FI","    0",",,E","   23",",,E","   -1",",,E"
"FIE00143596","2018-12-11","61.8456","24.2906","153.0","JUUPAJOKI HYYTIALA, FI","    7",",,E","    3",",,E","  -11",",,E"
"FIE00143596","2018-12-12","61.8456","24.2906","153.0","JUUPAJOKI HYYTIALA, FI","    6",",,E","   -7",",,E","  -24",",,E"
"FIE00143596","2018-12-13","61.8456","24.2906","153.0","JUUPAJOKI HYYTIALA, FI","    0",",,E","  -21",",,E","  -36",",,E"
"FIE00143596","2018-12-14","61.8456","24.2906","153.0","JUUPAJOKI HYYTIALA, FI","    0",",,E","  -32",",,E","  -66",",,E"
"FIE00143596","2018-12-15","61.8456","24.2906","153.0","JUUPAJOKI HYYTIALA, FI","    0",",,E","  -63",",,E","  -79",",,E"
"FIE00143596","2018-12-16","61.8456","24.2906","153.0","JUUPAJOKI HYYTIALA, FI","   19",",,E","  -60",",,E","  -83",",,E"
"FIE00143596","2018-12-17","61.8456","24.2906","153.0","JUUPAJOKI HYYTIALA, FI","   18",",,E","  -24",",,E","  -61",",,E"
"FIE00143596","2018-12-18","61.8456","24.2906","153.0","JUUPAJOKI HYYTIALA, FI","    8",",,E","  -14",",,E","  -24",",,E"
"FIE00143596","2018-12-19","61.8456","24.2906","153.0","JUUPAJOKI HYYTIALA, FI","    6",",,E","  -14",",,E","  -22",",,E"
"FIE00143596","2018-12-20","61.8456","24.2906","153.0","JUUPAJOKI HYYTIALA, FI","    0",",,E","  -17",",,E","  -68",",,E"
"FIE00143596","2018-12-21","61.8456","24.2906","153.0","JUUPAJOKI HYYTIALA, FI","    5",",,E","  -68",",,E","  -99",",,E"
"FIE00143596","2018-12-22","61.8456","24.2906","153.0","JUUPAJOKI HYYTIALA, FI","    6",",,E","  -98",",,E"," -113",",,E"
"FIE00143596","2018-12-23","61.8456","24.2906","153.0","JUUPAJOKI HYYTIALA, FI","    0",",,E"," -107",",,E"," -172",",,E"
"FIE00143596","2018-12-24","61.8456","24.2906","153.0","JUUPAJOKI HYYTIALA, FI","    7",",,E","  -59",",,E"," -155",",,E"
"FIE00143596","2018-12-25","61.8456","24.2906","153.0","JUUPAJOKI HYYTIALA, FI","   26",",,E","   12",",,E","  -59",",,E"
"FIE00143596","2018-12-26","61.8456","24.2906","153.0","JUUPAJOKI HYYTIALA, FI","    0",",,E","   18",",,E","  -14",",,E"
"FIE00143596","2018-12-27","61.8456","24.2906","153.0","JUUPAJOKI HYYTIALA, FI","    5",",,E","   -1",",,E","  -25",",,E"
"FIE00143596","2018-12-28","61.8456","24.2906","153.0","JUUPAJOKI HYYTIALA, FI","    0",",,E","   -6",",,E","  -14",",,E"
"FIE00143596","2018-12-29","61.8456","24.2906","153.0","JUUPAJOKI HYYTIALA, FI","    1",",,E","    0",",,E","  -36",",,E"
"FIE00143596","2018-12-30","61.8456","24.2906","153.0","JUUPAJOKI HYYTIALA, FI","    0",",,E","   -2",",,E","  -48",",,E"
"FIE00143596","2018-12-31","61.8456","24.2906","153.0","JUUPAJOKI HYYTIALA, FI","   56",",,E","  -23",",,E"," -108",",,E"
"FIE00143596","2019-01-01","61.8456","24.2906","153.0","JUUPAJOKI HYYTIALA, FI","  190",",,E","    4",",,E","  -23",",,E"
"FIE00143596","2019-01-02","61.8456","24.2906","153.0","JUUPAJOKI HYYTIALA, FI","    0",",,E","    2",",,E"," -102",",,E"
"FIE00143596","2019-01-03","61.8456","24.2906","153.0","JUUPAJOKI HYYTIALA, FI","   15",",,E"," -101",",,E"," -203",",,E"
"FIE00143596","2019-01-04","61.8456","24.2906","153.0","JUUPAJOKI HYYTIALA, FI","    0",",,E","  -20",",,E"," -195",",,E"
"FIE00143596","2019-01-05","61.8456","24.2906","153.0","JUUPAJOKI HYYTIALA, FI","    0",",,E","  -37",",,E","  -83",",,E"
"FIE00143596","2019-01-06","61.8456","24.2906","153.0","JUUPAJOKI HYYTIALA, FI","    8",",,E","  -17",",,E","  -74",",,E"
"FIE00143596","2019-01-07","61.8456","24.2906","153.0","JUUPAJOKI HYYTIALA, FI","    5",",,E","    7",",,E","  -21",",,E"
"FIE00143596","2019-01-08","61.8456","24.2906","153.0","JUUPAJOKI HYYTIALA, FI","   15",",,E","  -14",",,E","  -25",",,E"
"FIE00143596","2019-01-09","61.8456","24.2906","153.0","JUUPAJOKI HYYTIALA, FI","    0",",,E","  -24",",,E","  -60",",,E"
"FIE00143596","2019-01-10","61.8456","24.2906","153.0","JUUPAJOKI HYYTIALA, FI","   17",",,E","  -60",",,E","  -99",",,E"
"FIE00143596","2019-01-11","61.8456","24.2906","153.0","JUUPAJOKI HYYTIALA, FI","    0",",,E","    7",",,E","  -78",",,E"
"FIE00143596","2019-01-12","61.8456","24.2906","153.0","JUUPAJOKI HYYTIALA, FI","    0",",,E","    8",",,E","  -76",",,E"
"FIE00143596","2019-01-13","61.8456","24.2906","153.0","JUUPAJOKI HYYTIALA, FI","   50",",,E","  -57",",,E"," -130",",,E"
"FIE00143596","2019-01-14","61.8456","24.2906","153.0","JUUPAJOKI HYYTIALA, FI","   10",",,E","  -30",",,E","  -69",",,E"
"FIE00143596","2019-01-15","61.8456","24.2906","153.0","JUUPAJOKI HYYTIALA, FI","    6",",,E","  -62",",,E","  -86",",,E"
"FIE00143596","2019-01-16","61.8456","24.2906","153.0","JUUPAJOKI HYYTIALA, FI","   19",",,E","  -52",",,E"," -103",",,E"
"FIE00143596","2019-01-17","61.8456","24.2906","153.0","JUUPAJOKI HYYTIALA, FI","   18",",,E","  -82",",,E"," -109",",,E"
"FIE00143596","2019-01-18","61.8456","24.2906","153.0","JUUPAJOKI HYYTIALA, FI","    4",",,E","  -88",",,E"," -164",",,E"
"FIE00143596","2019-01-19","61.8456","24.2906","153.0","JUUPAJOKI HYYTIALA, FI","   54",",,E","  -73",",,E"," -152",",,E"
"FIE00143596","2019-01-20","61.8456","24.2906","153.0","JUUPAJOKI HYYTIALA, FI","    4",",,E","  -64",",,E"," -136",",,E"
"FIE00143596","2019-01-21","61.8456","24.2906","153.0","JUUPAJOKI HYYTIALA, FI","    0",",,E"," -130",",,E"," -253",",,E"
"FIE00143596","2019-01-22","61.8456","24.2906","153.0","JUUPAJOKI HYYTIALA, FI","    9",",,E"," -122",",,E"," -263",",,E"
"FIE00143596","2019-01-23","61.8456","24.2906","153.0","JUUPAJOKI HYYTIALA, FI","   12",",,E","  -46",",,E"," -122",",,E"
"FIE00143596","2019-01-24","61.8456","24.2906","153.0","JUUPAJOKI HYYTIALA, FI","    2",",,E","  -52",",,E"," -198",",,E"
"FIE00143596","2019-01-25","61.8456","24.2906","153.0","JUUPAJOKI HYYTIALA, FI","   24",",,E","  -60",",,E"," -166",",,E"
"FIE00143596","2019-01-26","61.8456","24.2906","153.0","JUUPAJOKI HYYTIALA, FI","   14",",,E","  -60",",,E"," -124",",,E"
"FIE00143596","2019-01-27","61.8456","24.2906","153.0","JUUPAJOKI HYYTIALA, FI","    0",",,E"," -124",",,E"," -249",",,E"
"FIE00143596","2019-01-28","61.8456","24.2906","153.0","JUUPAJOKI HYYTIALA, FI","   48",",,E"," -126",",,E"," -268",",,E"
"FIE00143596","2019-01-29","61.8456","24.2906","153.0","JUUPAJOKI HYYTIALA, FI","   62",",,E","  -77",",,E"," -129",",,E"
"FIE00143596","2019-01-30","61.8456","24.2906","153.0","JUUPAJOKI HYYTIALA, FI","    2",",,E","  -70",",,E","  -99",",,E"
"FIE00143596","2019-01-31","61.8456","24.2906","153.0","JUUPAJOKI HYYTIALA, FI","    0",",,E","  -90",",,E"," -147",",,E"
"FIE00143596","2019-02-01","61.8456","24.2906","153.0","JUUPAJOKI HYYTIALA, FI","    0",",,E","  -76",",,E"," -140",",,E"
"FIE00143596","2019-02-02","61.8456","24.2906","153.0","JUUPAJOKI HYYTIALA, FI","   35",",,E","  -87",",,E"," -158",",,E"
"FIE00143596","2019-02-03","61.8456","24.2906","153.0","JUUPAJOKI HYYTIALA, FI","  112",",,E","  -55",",,E"," -100",",,E"
"FIE00143596","2019-02-04","61.8456","24.2906","153.0","JUUPAJOKI HYYTIALA, FI","   12",",,E","  -24",",,E"," -106",",,E"
"FIE00143596","2019-02-05","61.8456","24.2906","153.0","JUUPAJOKI HYYTIALA, FI","   61",",,E","  -17",",,E"," -100",",,E"
"FIE00143596","2019-02-06","61.8456","24.2906","153.0","JUUPAJOKI HYYTIALA, FI","   18",",,E","  -30",",,E"," -145",",,E"
"FIE00143596","2019-02-07","61.8456","24.2906","153.0","JUUPAJOKI HYYTIALA, FI","   21",",,E","   -5",",,E","  -74",",,E"
"FIE00143596","2019-02-08","61.8456","24.2906","153.0","JUUPAJOKI HYYTIALA, FI","   16",",,E","    9",",,E","  -18",",,E"
"FIE00143596","2019-02-09","61.8456","24.2906","153.0","JUUPAJOKI HYYTIALA, FI","   45",",,E","   12",",,E","   -3",",,E"
"FIE00143596","2019-02-10","61.8456","24.2906","153.0","JUUPAJOKI HYYTIALA, FI","   29",",,E","   22",",,E","    2",",,E"
"FIE00143596","2019-02-11","61.8456","24.2906","153.0","JUUPAJOKI HYYTIALA, FI","   25",",,E","   16",",,E","    0",",,E"
"FIE00143596","2019-02-12","61.8456","24.2906","153.0","JUUPAJOKI HYYTIALA, FI","    0",",,E","    0",",,E","  -70",",,E"
"FIE00143596","2019-02-13","61.8456","24.2906","153.0","JUUPAJOKI HYYTIALA, FI","    8",",,E","    5",",,E","  -91",",,E"
"FIE00143596","2019-02-14","61.8456","24.2906","153.0","JUUPAJOKI HYYTIALA, FI","    0",",,E","   24",",,E","  -41",",,E"
"FIE00143596","2019-02-15","61.8456","24.2906","153.0","JUUPAJOKI HYYTIALA, FI","    0",",,E","   72",",,E","   19",",,E"
"FIE00143596","2019-02-16","61.8456","24.2906","153.0","JUUPAJOKI HYYTIALA, FI","    0",",,E","   51",",,E","   -3",",,E"
"FIE00143596","2019-02-17","61.8456","24.2906","153.0","JUUPAJOKI HYYTIALA, FI","    0",",,E","   29",",,E","  -47",",,E"
"FIE00143596","2019-02-18","61.8456","24.2906","153.0","JUUPAJOKI HYYTIALA, FI","    7",",,E","   23",",,E","  -92",",,E"
"FIE00143596","2019-02-19","61.8456","24.2906","153.0","JUUPAJOKI HYYTIALA, FI","    6",",,E","   27",",,E","   19",",,E"
"FIE00143596","2019-02-20","61.8456","24.2906","153.0","JUUPAJOKI HYYTIALA, FI","    5",",,E","   21",",,E","  -65",",,E"
"FIE00143596","2019-02-21","61.8456","24.2906","153.0","JUUPAJOKI HYYTIALA, FI","    0",",,E","  -53",",,E"," -136",",,E"
"FIE00143596","2019-02-22","61.8456","24.2906","153.0","JUUPAJOKI HYYTIALA, FI","   19",",,E","  -50",",,E"," -206",",,E"
"FIE00143596","2019-02-23","61.8456","24.2906","153.0","JUUPAJOKI HYYTIALA, FI","    0",",,E","   94",",,E","  -73",",,E"
"FIE00143596","2019-02-24","61.8456","24.2906","153.0","JUUPAJOKI HYYTIALA, FI","    2",",,E","   37",",,E","    4",",,E"
"FIE00143596","2019-02-25","61.8456","24.2906","153.0","JUUPAJOKI HYYTIALA, FI","    0",",,E","   63",",,E","   25",",,E"
"FIE00143596","2019-02-26","61.8456","24.2906","153.0","JUUPAJOKI HYYTIALA, FI","    0",",,E","   32",",,E","    5",",,E"
"FIE00143596","2019-02-27","61.8456","24.2906","153.0","JUUPAJOKI HYYTIALA, FI","    1",",,E","   59",",,E","    0",",,E"
"FIE00143596","2019-02-28","61.8456","24.2906","153.0","JUUPAJOKI HYYTIALA, FI","   40",",,E","   50",",,E","  -52",",,E"
"FIE00143596","2019-03-01","61.8456","24.2906","153.0","JUUPAJOKI HYYTIALA, FI","    0",",,E","  -34",",,E"," -119",",,E"
"FIE00143596","2019-03-02","61.8456","24.2906","153.0","JUUPAJOKI HYYTIALA, FI","   33",",,E","   -1",",,E","  -63",",,E"
"FIE00143596","2019-03-03","61.8456","24.2906","153.0","JUUPAJOKI HYYTIALA, FI","    0",",,E","  -48",",,E"," -148",",,E"
"FIE00143596","2019-03-04","61.8456","24.2906","153.0","JUUPAJOKI HYYTIALA, FI","    2",",,E","  -58",",,E"," -160",",,E"
"FIE00143596","2019-03-05","61.8456","24.2906","153.0","JUUPAJOKI HYYTIALA, FI","    0",",,E","  -65",",,E"," -117",",,E"
"FIE00143596","2019-03-06","61.8456","24.2906","153.0","JUUPAJOKI HYYTIALA, FI","    0",",,E","  -52",",,E"," -206",",,E"
"FIE00143596","2019-03-07","61.8456","24.2906","153.0","JUUPAJOKI HYYTIALA, FI","   33",",,E","    3",",,E","  -72",",,E"
"FIE00143596","2019-03-08","61.8456","24.2906","153.0","JUUPAJOKI HYYTIALA, FI","   50",",,E","   32",",,E","  -11",",,E"
"FIE00143596","2019-03-09","61.8456","24.2906","153.0","JUUPAJOKI HYYTIALA, FI","   10",",,E","   18",",,E","  -56",",,E"
"FIE00143596","2019-03-10","61.8456","24.2906","153.0","JUUPAJOKI HYYTIALA, FI","    8",",,E","  -25",",,E","  -62",",,E"
"FIE00143596","2019-03-11","61.8456","24.2906","153.0","JUUPAJOKI HYYTIALA, FI","    4",",,E","  -37",",,E"," -106",",,E"
"FIE00143596","2019-03-12","61.8456","24.2906","153.0","JUUPAJOKI HYYTIALA, FI","    0",",,E","   -1",",,E"," -101",",,E"
"FIE00143596","2019-03-13","61.8456","24.2906","153.0","JUUPAJOKI HYYTIALA, FI","   33",",,E",,,,
"FIE00143596","2019-03-14","61.8456","24.2906","153.0","JUUPAJOKI HYYTIALA, FI","   15",",,E","    8",",,E","  -42",",,E"
"FIE00143596","2019-03-15","61.8456","24.2906","153.0","JUUPAJOKI HYYTIALA, FI","   28",",,E","   23",",,E","   -1",",,E"
"FIE00143596","2019-03-16","61.8456","24.2906","153.0","JUUPAJOKI HYYTIALA, FI","   49",",,E","   12",",,E","    2",",,E"
"FIE00143596","2019-03-17","61.8456","24.2906","153.0","JUUPAJOKI HYYTIALA, FI","   54",",,E","   15",",,E","   -2",",,E"
"FIE00143596","2019-03-18","61.8456","24.2906","153.0","JUUPAJOKI HYYTIALA, FI","   13",",,E","   29",",,E","   -2",",,E"
"FIE00143596","2019-03-19","61.8456","24.2906","153.0","JUUPAJOKI HYYTIALA, FI","   10",",,E","   17",",,E","   -5",",,E"
"FIE00143596","2019-03-20","61.8456","24.2906","153.0","JUUPAJOKI HYYTIALA, FI","    5",",,E","    8",",,E","  -24",",,E"
"FIE00143596","2019-03-21","61.8456","24.2906","153.0","JUUPAJOKI HYYTIALA, FI","    0",",,E","   60",",,E","  -11",",,E"
"FIE00143596","2019-03-22","61.8456","24.2906","153.0","JUUPAJOKI HYYTIALA, FI","    0",",,E","   54",",,E","  -19",",,E"
"FIE00143596","2019-03-23","61.8456","24.2906","153.0","JUUPAJOKI HYYTIALA, FI","   12",",,E","   59",",,E","  -23",",,E"
"FIE00143596","2019-03-24","61.8456","24.2906","153.0","JUUPAJOKI HYYTIALA, FI","    0",",,E","   41",",,E","    0",",,E"
"FIE00143596","2019-03-25","61.8456","24.2906","153.0","JUUPAJOKI HYYTIALA, FI","    0",",,E","   33",",,E","  -55",",,E"
"FIE00143596","2019-03-26","61.8456","24.2906","153.0","JUUPAJOKI HYYTIALA, FI","    0",",,E",,,,
"FIE00143596","2019-03-27","61.8456","24.2906","153.0","JUUPAJOKI HYYTIALA, FI","    0",",,E","   22",",,E"," -110",",,E"
"FIE00143596","2019-03-28","61.8456","24.2906","153.0","JUUPAJOKI HYYTIALA, FI","    0",",,E","   75",",,E","  -48",",,E"
"FIE00143596","2019-03-29","61.8456","24.2906","153.0","JUUPAJOKI HYYTIALA, FI","    0",",,E","  113",",,E","   36",",,E"
"FIE00143596","2019-03-30","61.8456","24.2906","153.0","JUUPAJOKI HYYTIALA, FI","    0",",,E","   67",",,E","    7",",,E"
"FIE00143596","2019-03-31","61.8456","24.2906","153.0","JUUPAJOKI HYYTIALA, FI","    0",",,E","   48",",,E","   -6",",,E"
"FIE00143596","2019-04-01","61.8456","24.2906","153.0","JUUPAJOKI HYYTIALA, FI","    0",",,E","   52",",,E","  -21",",,E"
"FIE00143596","2019-04-02","61.8456","24.2906","153.0","JUUPAJOKI HYYTIALA, FI","    0",",,E","   82",",,E","   -8",",,E"
"FIE00143596","2019-04-03","61.8456","24.2906","153.0","JUUPAJOKI HYYTIALA, FI","    0",",,E","  107",",,E","  -29",",,E"
"FIE00143596","2019-04-04","61.8456","24.2906","153.0","JUUPAJOKI HYYTIALA, FI","    0",",,E","  122",",,E","   -9",",,E"
"FIE00143596","2019-04-05","61.8456","24.2906","153.0","JUUPAJOKI HYYTIALA, FI","    0",",,E","   97",",,E","   -8",",,E"
"FIE00143596","2019-04-06","61.8456","24.2906","153.0","JUUPAJOKI HYYTIALA, FI","    0",",,E","  136",",,E","  -43",",,E"
"FIE00143596","2019-04-07","61.8456","24.2906","153.0","JUUPAJOKI HYYTIALA, FI","   55",",,E","  121",",,E","  -32",",,E"
"FIE00143596","2019-04-08","61.8456","24.2906","153.0","JUUPAJOKI HYYTIALA, FI","  245",",,E","   68",",,E","    4",",,E"
"FIE00143596","2019-04-09","61.8456","24.2906","153.0","JUUPAJOKI HYYTIALA, FI","   77",",,E","    5",",,E","  -21",",,E"
"FIE00143596","2019-04-10","61.8456","24.2906","153.0","JUUPAJOKI HYYTIALA, FI","    0",",,E","   -9",",,E","  -44",",,E"
"FIE00143596","2019-04-11","61.8456","24.2906","153.0","JUUPAJOKI HYYTIALA, FI","    0",",,E","   25",",,E","  -74",",,E"
"FIE00143596","2019-04-12","61.8456","24.2906","153.0","JUUPAJOKI HYYTIALA, FI","    0",",,E","   51",",,E","  -95",",,E"
"FIE00143596","2019-04-13","61.8456","24.2906","153.0","JUUPAJOKI HYYTIALA, FI","    0",",,E","   55",",,E","  -36",",,E"
"FIE00143596","2019-04-14","61.8456","24.2906","153.0","JUUPAJOKI HYYTIALA, FI","    0",",,E","   82",",,E","   -8",",,E"
"FIE00143596","2019-04-15","61.8456","24.2906","153.0","JUUPAJOKI HYYTIALA, FI","    0",",,E","  109",",,E","  -62",",,E"
"FIE00143596","2019-04-16","61.8456","24.2906","153.0","JUUPAJOKI HYYTIALA, FI","    0",",,E","  131",",,E","  -43",",,E"
"FIE00143596","2019-04-17","61.8456","24.2906","153.0","JUUPAJOKI HYYTIALA, FI","    0",",,E","  158",",,E","  -44",",,E"
"FIE00143596","2019-04-18","61.8456","24.2906","153.0","JUUPAJOKI HYYTIALA, FI","    0",",,E","  167",",,E","  -21",",,E"
"FIE00143596","2019-04-19","61.8456","24.2906","153.0","JUUPAJOKI HYYTIALA, FI","    0",",,E","  127",",,E","   -1",",,E"
"FIE00143596","2019-04-20","61.8456","24.2906","153.0","JUUPAJOKI HYYTIALA, FI","    0",",,E","   93",",,E","   -5",",,E"
"FIE00143596","2019-04-21","61.8456","24.2906","153.0","JUUPAJOKI HYYTIALA, FI","    0",",,E","  139",",,E","  -33",",,E"
"FIE00143596","2019-04-22","61.8456","24.2906","153.0","JUUPAJOKI HYYTIALA, FI","    0",",,E","  151",",,E","   61",",,E"
"FIE00143596","2019-04-23","61.8456","24.2906","153.0","JUUPAJOKI HYYTIALA, FI","    0",",,E","  184",",,E","   46",",,E"
"FIE00143596","2019-04-24","61.8456","24.2906","153.0","JUUPAJOKI HYYTIALA, FI","    0",",,E","  193",",,E","   -1",",,E"
"FIE00143596","2019-04-25","61.8456","24.2906","153.0","JUUPAJOKI HYYTIALA, FI","    0",",,E","  210",",,E","    6",",,E"
"FIE00143596","2019-04-26","61.8456","24.2906","153.0","JUUPAJOKI HYYTIALA, FI","    0",",,E","  186",",,E","    2",",,E"
"FIE00143596","2019-04-27","61.8456","24.2906","153.0","JUUPAJOKI HYYTIALA, FI","    0",",,E","  208",",,E","   75",",,E"
"FIE00143596","2019-04-28","61.8456","24.2906","153.0","JUUPAJOKI HYYTIALA, FI","    0",",,E","  139",",,E","    4",",,E"
"FIE00143596","2019-04-29","61.8456","24.2906","153.0","JUUPAJOKI HYYTIALA, FI","    0",",,E","  155",",,E","  -43",",,E"
"FIE00143596","2019-04-30","61.8456","24.2906","153.0","JUUPAJOKI HYYTIALA, FI","    0",",,E","  147",",,E","   -1",",,E"
"FIE00143596","2019-05-01","61.8456","24.2906","153.0","JUUPAJOKI HYYTIALA, FI","  107",",,E","  133",",,E","  -20",",,E"
"FIE00143596","2019-05-02","61.8456","24.2906","153.0","JUUPAJOKI HYYTIALA, FI","    8",",,E","   42",",,E","   -4",",,E"
"FIE00143596","2019-05-03","61.8456","24.2906","153.0","JUUPAJOKI HYYTIALA, FI","    4",",,E","   14",",,E","  -23",",,E"
"FIE00143596","2019-05-04","61.8456","24.2906","153.0","JUUPAJOKI HYYTIALA, FI","   21",",,E","   43",",,E","  -22",",,E"
"FIE00143596","2019-05-05","61.8456","24.2906","153.0","JUUPAJOKI HYYTIALA, FI","    4",",,E","   88",",,E","  -31",",,E"
"FIE00143596","2019-05-06","61.8456","24.2906","153.0","JUUPAJOKI HYYTIALA, FI","    0",",,E","  117",",,E","  -41",",,E"
"FIE00143596","2019-05-07","61.8456","24.2906","153.0","JUUPAJOKI HYYTIALA, FI","    2",",,E","  117",",,E","    7",",,E"
"FIE00143596","2019-05-08","61.8456","24.2906","153.0","JUUPAJOKI HYYTIALA, FI","    0",",,E","  100",",,E","   -2",",,E"
"FIE00143596","2019-05-09","61.8456","24.2906","153.0","JUUPAJOKI HYYTIALA, FI","    0",",,E","  160",",,E","  -24",",,E"
"FIE00143596","2019-05-10","61.8456","24.2906","153.0","JUUPAJOKI HYYTIALA, FI","   24",",,E","  110",",,E","    8",",,E"
"FIE00143596","2019-05-11","61.8456","24.2906","153.0","JUUPAJOKI HYYTIALA, FI","  186",",,E","  123",",,E","   76",",,E"
"FIE00143596","2019-05-12","61.8456","24.2906","153.0","JUUPAJOKI HYYTIALA, FI","    0",",,E","  104",",,E","   69",",,E"
"FIE00143596","2019-05-13","61.8456","24.2906","153.0","JUUPAJOKI HYYTIALA, FI","    0",",,E","   99",",,E","   31",",,E"
"FIE00143596","2019-05-14","61.8456","24.2906","153.0","JUUPAJOKI HYYTIALA, FI","    0",",,E","  121",",,E","  -16",",,E"
"FIE00143596","2019-05-15","61.8456","24.2906","153.0","JUUPAJOKI HYYTIALA, FI","    0",",,E","  158",",,E","  -18",",,E"
"FIE00143596","2019-05-16","61.8456","24.2906","153.0","JUUPAJOKI HYYTIALA, FI","    0",",,E","  178",",,E","    6",",,E"
"FIE00143596","2019-05-17","61.8456","24.2906","153.0","JUUPAJOKI HYYTIALA, FI","    0",",,E","  204",",,E","   40",",,E"
"FIE00143596","2019-05-18","61.8456","24.2906","153.0","JUUPAJOKI HYYTIALA, FI","    0",",,E","  244",",,E","   33",",,E"
"FIE00143596","2019-05-19","61.8456","24.2906","153.0","JUUPAJOKI HYYTIALA, FI","    0",",,E","  253",",,E","   59",",,E"
"FIE00143596","2019-05-20","61.8456","24.2906","153.0","JUUPAJOKI HYYTIALA, FI","    0",",,E","  261",",,E","  127",",,E"
"FIE00143596","2019-05-21","61.8456","24.2906","153.0","JUUPAJOKI HYYTIALA, FI","    0",",,E","  254",",,E","  135",",,E"
"FIE00143596","2019-05-22","61.8456","24.2906","153.0","JUUPAJOKI HYYTIALA, FI","    0",",,E","  241",",,E","  129",",,E"
"FIE00143596","2019-05-23","61.8456","24.2906","153.0","JUUPAJOKI HYYTIALA, FI","    8",",,E","  171",",,E","   96",",,E"
"FIE00143596","2019-05-24","61.8456","24.2906","153.0","JUUPAJOKI HYYTIALA, FI","   14",",,E","  132",",,E","   60",",,E"
"FIE00143596","2019-05-25","61.8456","24.2906","153.0","JUUPAJOKI HYYTIALA, FI","   60",",,E","  110",",,E","   76",",,E"
"FIE00143596","2019-05-26","61.8456","24.2906","153.0","JUUPAJOKI HYYTIALA, FI","  158",",,E","   95",",,E","   48",",,E"
"FIE00143596","2019-05-27","61.8456","24.2906","153.0","JUUPAJOKI HYYTIALA, FI","   63",",,E","  138",",,E","   65",",,E"
"FIE00143596","2019-05-28","61.8456","24.2906","153.0","JUUPAJOKI HYYTIALA, FI","   46",",,E","  165",",,E","   64",",,E"
"FIE00143596","2019-05-29","61.8456","24.2906","153.0","JUUPAJOKI HYYTIALA, FI","    0",",,E","  170",",,E","   86",",,E"
"FIE00143596","2019-05-30","61.8456","24.2906","153.0","JUUPAJOKI HYYTIALA, FI","   33",",,E","  163",",,E","   44",",,E"
"FIE00143596","2019-05-31","61.8456","24.2906","153.0","JUUPAJOKI HYYTIALA, FI","    0",",,E","  133",",,E","   66",",,E"
"FIE00143596","2019-06-01","61.8456","24.2906","153.0","JUUPAJOKI HYYTIALA, FI","   52",",,E","  163",",,E","   57",",,E"
"FIE00143596","2019-06-02","61.8456","24.2906","153.0","JUUPAJOKI HYYTIALA, FI","    0",",,E","  162",",,E","   68",",,E"
"FIE00143596","2019-06-03","61.8456","24.2906","153.0","JUUPAJOKI HYYTIALA, FI","    1",",,E","  178",",,E","   22",",,E"
"FIE00143596","2019-06-04","61.8456","24.2906","153.0","JUUPAJOKI HYYTIALA, FI","    0",",,E","  225",",,E","  115",",,E"
"FIE00143596","2019-06-05","61.8456","24.2906","153.0","JUUPAJOKI HYYTIALA, FI","    0",",,E","  253",",,E","   91",",,E"
"FIE00143596","2019-06-06","61.8456","24.2906","153.0","JUUPAJOKI HYYTIALA, FI","    0",",,E","  300",",,E","  142",",,E"
"FIE00143596","2019-06-07","61.8456","24.2906","153.0","JUUPAJOKI HYYTIALA, FI","    0",",,E","  301",",,E","  128",",,E"
"FIE00143596","2019-06-08","61.8456","24.2906","153.0","JUUPAJOKI HYYTIALA, FI","  128",",,E","  288",",,E","  160",",,E"
"FIE00143596","2019-06-09","61.8456","24.2906","153.0","JUUPAJOKI HYYTIALA, FI","   17",",,E","  214",",,E","  149",",,E"
"FIE00143596","2019-06-10","61.8456","24.2906","153.0","JUUPAJOKI HYYTIALA, FI","    0",",,E","  187",",,E","  122",",,E"
"FIE00143596","2019-06-11","61.8456","24.2906","153.0","JUUPAJOKI HYYTIALA, FI","    0",",,E","  202",",,E","   85",",,E"
"FIE00143596","2019-06-12","61.8456","24.2906","153.0","JUUPAJOKI HYYTIALA, FI","    0",",,E","  178",",,E","   53",",,E"
"FIE00143596","2019-06-13","61.8456","24.2906","153.0","JUUPAJOKI HYYTIALA, FI","    0",",,E","  176",",,E","   89",",,E"
"FIE00143596","2019-06-14","61.8456","24.2906","153.0","JUUPAJOKI HYYTIALA, FI","    1",",,E","  163",",,E","  123",",,E"
"FIE00143596","2019-06-15","61.8456","24.2906","153.0","JUUPAJOKI HYYTIALA, FI","    0",",,E","  166",",,E","  108",",,E"
"FIE00143596","2019-06-16","61.8456","24.2906","153.0","JUUPAJOKI HYYTIALA, FI","    0",",,E","  225",",,E","   82",",,E"
"FIE00143596","2019-06-17","61.8456","24.2906","153.0","JUUPAJOKI HYYTIALA, FI","    0",",,E","  258",",,E","   96",",,E"
"FIE00143596","2019-06-18","61.8456","24.2906","153.0","JUUPAJOKI HYYTIALA, FI","   46",",,E","  245",",,E","  108",",,E"
"FIE00143596","2019-06-19","61.8456","24.2906","153.0","JUUPAJOKI HYYTIALA, FI","   35",",,E","  232",",,E","  139",",,E"
"FIE00143596","2019-06-20","61.8456","24.2906","153.0","JUUPAJOKI HYYTIALA, FI","    0",",,E","  270",",,E","  124",",,E"
"FIE00143596","2019-06-21","61.8456","24.2906","153.0","JUUPAJOKI HYYTIALA, FI","    0",",,E","  251",",,E","  156",",,E"
"FIE00143596","2019-06-22","61.8456","24.2906","153.0","JUUPAJOKI HYYTIALA, FI","    0",",,E","  205",",,E","  114",",,E"
"FIE00143596","2019-06-23","61.8456","24.2906","153.0","JUUPAJOKI HYYTIALA, FI","    0",",,E","  204",",,E","   92",",,E"
"FIE00143596","2019-06-24","61.8456","24.2906","153.0","JUUPAJOKI HYYTIALA, FI","    0",",,E","  203",",,E","   76",",,E"
"FIE00143596","2019-06-25","61.8456","24.2906","153.0","JUUPAJOKI HYYTIALA, FI","   15",",,E","  212",",,E","   74",",,E"
"FIE00143596","2019-06-26","61.8456","24.2906","153.0","JUUPAJOKI HYYTIALA, FI","   47",",,E","  177",",,E","  117",",,E"
"FIE00143596","2019-06-27","61.8456","24.2906","153.0","JUUPAJOKI HYYTIALA, FI","    0",",,E","  174",",,E","  123",",,E"
"FIE00143596","2019-06-28","61.8456","24.2906","153.0","JUUPAJOKI HYYTIALA, FI","    0",",,E","  185",",,E","   66",",,E"
"FIE00143596","2019-06-29","61.8456","24.2906","153.0","JUUPAJOKI HYYTIALA, FI","    0",",,E","  193",",,E","   74",",,E"
"FIE00143596","2019-06-30","61.8456","24.2906","153.0","JUUPAJOKI HYYTIALA, FI","    0",",,E","  207",",,E","   94",",,E"
"FIE00143596","2019-07-01","61.8456","24.2906","153.0","JUUPAJOKI HYYTIALA, FI","    0",",,E","  226",",,E","  139",",,E"
"FIE00143596","2019-07-02","61.8456","24.2906","153.0","JUUPAJOKI HYYTIALA, FI","  119",",,E","  190",",,E","   79",",,E"
"FIE00143596","2019-07-03","61.8456","24.2906","153.0","JUUPAJOKI HYYTIALA, FI","    0",",,E","  188",",,E","   69",",,E"
"FIE00143596","2019-07-04","61.8456","24.2906","153.0","JUUPAJOKI HYYTIALA, FI","    0",",,E","  180",",,E","   67",",,E"
"FIE00143596","2019-07-05","61.8456","24.2906","153.0","JUUPAJOKI HYYTIALA, FI","  109",",,E","  135",",,E","   61",",,E"
"FIE00143596","2019-07-06","61.8456","24.2906","153.0","JUUPAJOKI HYYTIALA, FI","    0",",,E","  204",",,E","   94",",,E"
"FIE00143596","2019-07-07","61.8456","24.2906","153.0","JUUPAJOKI HYYTIALA, FI","   59",",,E","  211",",,E","  107",",,E"
"FIE00143596","2019-07-08","61.8456","24.2906","153.0","JUUPAJOKI HYYTIALA, FI","    0",",,E","  148",",,E","  106",",,E"
"FIE00143596","2019-07-09","61.8456","24.2906","153.0","JUUPAJOKI HYYTIALA, FI","    0",",,E","  144",",,E","   90",",,E"
"FIE00143596","2019-07-10","61.8456","24.2906","153.0","JUUPAJOKI HYYTIALA, FI","    0",",,E","  208",",,E","   73",",,E"
"FIE00143596","2019-07-11","61.8456","24.2906","153.0","JUUPAJOKI HYYTIALA, FI","    0",",,E","  164",",,E","  101",",,E"
"FIE00143596","2019-07-12","61.8456","24.2906","153.0","JUUPAJOKI HYYTIALA, FI","    0",",,E","  187",",,E","   48",",,E"
"FIE00143596","2019-07-13","61.8456","24.2906","153.0","JUUPAJOKI HYYTIALA, FI","    0",",,E","  173",",,E","   62",",,E"
"FIE00143596","2019-07-14","61.8456","24.2906","153.0","JUUPAJOKI HYYTIALA, FI","    0",",,E","  179",",,E","   41",",,E"
"FIE00143596","2019-07-15","61.8456","24.2906","153.0","JUUPAJOKI HYYTIALA, FI","    5",",,E","  218",",,E","   58",",,E"
"FIE00143596","2019-07-16","61.8456","24.2906","153.0","JUUPAJOKI HYYTIALA, FI","   92",",,E","  183",",,E","  121",",,E"
"FIE00143596","2019-07-17","61.8456","24.2906","153.0","JUUPAJOKI HYYTIALA, FI","    2",",,E","  214",",,E","  104",",,E"
"FIE00143596","2019-07-18","61.8456","24.2906","153.0","JUUPAJOKI HYYTIALA, FI","    0",",,E","  220",",,E","  102",",,E"
"FIE00143596","2019-07-19","61.8456","24.2906","153.0","JUUPAJOKI HYYTIALA, FI","    0",",,E","  236",",,E","   97",",,E"
"FIE00143596","2019-07-20","61.8456","24.2906","153.0","JUUPAJOKI HYYTIALA, FI","    0",",,E","  242",",,E","   94",",,E"
"FIE00143596","2019-07-21","61.8456","24.2906","153.0","JUUPAJOKI HYYTIALA, FI","    0",",,E","  269",",,E","   95",",,E"
"FIE00143596","2019-07-22","61.8456","24.2906","153.0","JUUPAJOKI HYYTIALA, FI","    0",",,E","  274",",,E","  104",",,E"
"FIE00143596","2019-07-23","61.8456","24.2906","153.0","JUUPAJOKI HYYTIALA, FI","  296",",,E","  250",",,E","  108",",,E"
"FIE00143596","2019-07-24","61.8456","24.2906","153.0","JUUPAJOKI HYYTIALA, FI","    0",",,E","  272",",,E","  130",",,E"
"FIE00143596","2019-07-25","61.8456","24.2906","153.0","JUUPAJOKI HYYTIALA, FI","    0",",,E","  282",",,E","  146",",,E"
"FIE00143596","2019-07-26","61.8456","24.2906","153.0","JUUPAJOKI HYYTIALA, FI","    0",",,E","  285",",,E","  125",",,E"
"FIE00143596","2019-07-27","61.8456","24.2906","153.0","JUUPAJOKI HYYTIALA, FI","    0",",,E","  309",",,E","  145",",,E"
"FIE00143596","2019-07-28","61.8456","24.2906","153.0","JUUPAJOKI HYYTIALA, FI","    0",",,E","  296",",,E","  164",",,E"
"FIE00143596","2019-07-29","61.8456","24.2906","153.0","JUUPAJOKI HYYTIALA, FI","    0",",,E","  208",",,E","  101",",,E"
"FIE00143596","2019-07-30","61.8456","24.2906","153.0","JUUPAJOKI HYYTIALA, FI","    0",",,E","  153",",,E","   52",",,E"
"FIE00143596","2019-07-31","61.8456","24.2906","153.0","JUUPAJOKI HYYTIALA, FI","    0",",,E","  188",",,E","   98",",,E"
"FIE00143596","2019-08-01","61.8456","24.2906","153.0","JUUPAJOKI HYYTIALA, FI","    0",",,E","  173",",,E","   48",",,E"
"FIE00143596","2019-08-02","61.8456","24.2906","153.0","JUUPAJOKI HYYTIALA, FI","    0",",,E","  172",",,E","   79",",,E"
"FIE00143596","2019-08-03","61.8456","24.2906","153.0","JUUPAJOKI HYYTIALA, FI","    0",",,E","  156",",,E","   54",",,E"
"FIE00143596","2019-08-04","61.8456","24.2906","153.0","JUUPAJOKI HYYTIALA, FI","    0",",,E","  168",",,E","   54",",,E"
"FIE00143596","2019-08-05","61.8456","24.2906","153.0","JUUPAJOKI HYYTIALA, FI","    0",",,E","  208",",,E","   52",",,E"
"FIE00143596","2019-08-06","61.8456","24.2906","153.0","JUUPAJOKI HYYTIALA, FI","    0",",,E","  210",",,E","   44",",,E"
"FIE00143596","2019-08-07","61.8456","24.2906","153.0","JUUPAJOKI HYYTIALA, FI","   66",",,E","  224",",,E","   71",",,E"
"FIE00143596","2019-08-08","61.8456","24.2906","153.0","JUUPAJOKI HYYTIALA, FI","   15",",,E","  201",",,E","  118",",,E"
"FIE00143596","2019-08-09","61.8456","24.2906","153.0","JUUPAJOKI HYYTIALA, FI","    0",",,E","  223",",,E","  111",",,E"
"FIE00143596","2019-08-10","61.8456","24.2906","153.0","JUUPAJOKI HYYTIALA, FI","   47",",,E","  242",",,E","   81",",,E"
"FIE00143596","2019-08-11","61.8456","24.2906","153.0","JUUPAJOKI HYYTIALA, FI","  146",",,E","  179",",,E","  101",",,E"
"FIE00143596","2019-08-12","61.8456","24.2906","153.0","JUUPAJOKI HYYTIALA, FI","    0",",,E","  210",",,E","  152",",,E"
"FIE00143596","2019-08-13","61.8456","24.2906","153.0","JUUPAJOKI HYYTIALA, FI","    0",",,E","  230",",,E","  144",",,E"
"FIE00143596","2019-08-14","61.8456","24.2906","153.0","JUUPAJOKI HYYTIALA, FI","   38",",,E","  172",",,E","   90",",,E"
"FIE00143596","2019-08-15","61.8456","24.2906","153.0","JUUPAJOKI HYYTIALA, FI","    0",",,E","  152",",,E","  101",",,E"
"FIE00143596","2019-08-16","61.8456","24.2906","153.0","JUUPAJOKI HYYTIALA, FI","    4",",,E","  215",",,E","   79",",,E"
"FIE00143596","2019-08-17","61.8456","24.2906","153.0","JUUPAJOKI HYYTIALA, FI","    0",",,E","  223",",,E","  133",",,E"
"FIE00143596","2019-08-18","61.8456","24.2906","153.0","JUUPAJOKI HYYTIALA, FI","  106",",,E","  205",",,E","  139",",,E"
"FIE00143596","2019-08-19","61.8456","24.2906","153.0","JUUPAJOKI HYYTIALA, FI","   40",",,E","  197",",,E","  136",",,E"
"FIE00143596","2019-08-20","61.8456","24.2906","153.0","JUUPAJOKI HYYTIALA, FI","    7",",,E","  216",",,E","  111",",,E"
"FIE00143596","2019-08-21","61.8456","24.2906","153.0","JUUPAJOKI HYYTIALA, FI","    0",",,E","  209",",,E","  123",",,E"
"FIE00143596","2019-08-22","61.8456","24.2906","153.0","JUUPAJOKI HYYTIALA, FI","    8",",,E","  198",",,E","   63",",,E"
"FIE00143596","2019-08-23","61.8456","24.2906","153.0","JUUPAJOKI HYYTIALA, FI","  144",",,E","  177",",,E","   86",",,E"
"FIE00143596","2019-08-24","61.8456","24.2906","153.0","JUUPAJOKI HYYTIALA, FI","    0",",,E","  196",",,E","  116",",,E"
"FIE00143596","2019-08-25","61.8456","24.2906","153.0","JUUPAJOKI HYYTIALA, FI","    0",",,E","  215",",,E","   48",",,E"
"FIE00143596","2019-08-26","61.8456","24.2906","153.0","JUUPAJOKI HYYTIALA, FI","    0",",,E","  208",",,E","  148",",,E"
"FIE00143596","2019-08-27","61.8456","24.2906","153.0","JUUPAJOKI HYYTIALA, FI","    0",",,E","  256",",,E","   91",",,E"
"FIE00143596","2019-08-28","61.8456","24.2906","153.0","JUUPAJOKI HYYTIALA, FI","    0",",,E","  262",",,E","  100",",,E"
"FIE00143596","2019-08-29","61.8456","24.2906","153.0","JUUPAJOKI HYYTIALA, FI","   22",",,E","  257",",,E","  113",",,E"
"FIE00143596","2019-08-30","61.8456","24.2906","153.0","JUUPAJOKI HYYTIALA, FI","    8",",,E","  213",",,E","  143",",,E"
"FIE00143596","2019-08-31","61.8456","24.2906","153.0","JUUPAJOKI HYYTIALA, FI","    0",",,E","  219",",,E","  106",",,E"
"FIE00143596","2019-09-01","61.8456","24.2906","153.0","JUUPAJOKI HYYTIALA, FI","    0",",,E","  235",",,E","  104",",,E"
"FIE00143596","2019-09-02","61.8456","24.2906","153.0","JUUPAJOKI HYYTIALA, FI","   77",",,E","  232",",,E","  116",",,E"
"FIE00143596","2019-09-03","61.8456","24.2906","153.0","JUUPAJOKI HYYTIALA, FI","    0",",,E","  184",",,E","  110",",,E"
"FIE00143596","2019-09-04","61.8456","24.2906","153.0","JUUPAJOKI HYYTIALA, FI","   27",",,E","  183",",,E","   62",",,E"
"FIE00143596","2019-09-05","61.8456","24.2906","153.0","JUUPAJOKI HYYTIALA, FI","   39",",,E","  169",",,E","   43",",,E"
"FIE00143596","2019-09-06","61.8456","24.2906","153.0","JUUPAJOKI HYYTIALA, FI","    4",",,E","  163",",,E","  105",",,E"
"FIE00143596","2019-09-07","61.8456","24.2906","153.0","JUUPAJOKI HYYTIALA, FI","   40",",,E","  154",",,E","   28",",,E"
"FIE00143596","2019-09-08","61.8456","24.2906","153.0","JUUPAJOKI HYYTIALA, FI","    6",",,E","  193",",,E","   99",",,E"
"FIE00143596","2019-09-09","61.8456","24.2906","153.0","JUUPAJOKI HYYTIALA, FI","   31",",,E","  157",",,E","  116",",,E"
"FIE00143596","2019-09-10","61.8456","24.2906","153.0","JUUPAJOKI HYYTIALA, FI","    0",",,E","  212",",,E","  140",",,E"
"FIE00143596","2019-09-11","61.8456","24.2906","153.0","JUUPAJOKI HYYTIALA, FI","  114",",,E","  166",",,E","  124",",,E"
"FIE00143596","2019-09-12","61.8456","24.2906","153.0","JUUPAJOKI HYYTIALA, FI","   44",",,E","  161",",,E","  121",",,E"
"FIE00143596","2019-09-13","61.8456","24.2906","153.0","JUUPAJOKI HYYTIALA, FI","    1",",,E","  153",",,E","   96",",,E"
"FIE00143596","2019-09-14","61.8456","24.2906","153.0","JUUPAJOKI HYYTIALA, FI","   77",",,E","  128",",,E","   56",",,E"
"FIE00143596","2019-09-15","61.8456","24.2906","153.0","JUUPAJOKI HYYTIALA, FI","  124",",,E","  124",",,E","   28",",,E"
"FIE00143596","2019-09-16","61.8456","24.2906","153.0","JUUPAJOKI HYYTIALA, FI","    0",",,E","   99",",,E","   61",",,E"
"FIE00143596","2019-09-17","61.8456","24.2906","153.0","JUUPAJOKI HYYTIALA, FI","   27",",,E","  110",",,E","   48",",,E"
"FIE00143596","2019-09-18","61.8456","24.2906","153.0","JUUPAJOKI HYYTIALA, FI","    0",",,E","  103",",,E","   27",",,E"
"FIE00143596","2019-09-19","61.8456","24.2906","153.0","JUUPAJOKI HYYTIALA, FI","   11",",,E","   87",",,E","   -5",",,E"
"FIE00143596","2019-09-20","61.8456","24.2906","153.0","JUUPAJOKI HYYTIALA, FI","   10",",,E","   99",",,E","   -5",",,E"
"FIE00143596","2019-09-21","61.8456","24.2906","153.0","JUUPAJOKI HYYTIALA, FI","   10",",,E","   86",",,E","   35",",,E"
"FIE00143596","2019-09-22","61.8456","24.2906","153.0","JUUPAJOKI HYYTIALA, FI","    0",",,E","   96",",,E","   -1",",,E"
"FIE00143596","2019-09-23","61.8456","24.2906","153.0","JUUPAJOKI HYYTIALA, FI","    0",",,E","   85",",,E","   -8",",,E"
"FIE00143596","2019-09-24","61.8456","24.2906","153.0","JUUPAJOKI HYYTIALA, FI","    0",",,E","   72",",,E","  -19",",,E"
"FIE00143596","2019-09-25","61.8456","24.2906","153.0","JUUPAJOKI HYYTIALA, FI","    0",",,E","   94",",,E","  -12",",,E"
"FIE00143596","2019-09-26","61.8456","24.2906","153.0","JUUPAJOKI HYYTIALA, FI","    0",",,E","  120",",,E","  -17",",,E"
"FIE00143596","2019-09-27","61.8456","24.2906","153.0","JUUPAJOKI HYYTIALA, FI","    0",",,E","  144",",,E","   58",",,E"
"FIE00143596","2019-09-28","61.8456","24.2906","153.0","JUUPAJOKI HYYTIALA, FI","    1",",,E","  115",",,E","   13",",,E"
"FIE00143596","2019-09-29","61.8456","24.2906","153.0","JUUPAJOKI HYYTIALA, FI","   21",",,E","  108",",,E","   51",",,E"
"FIE00143596","2019-09-30","61.8456","24.2906","153.0","JUUPAJOKI HYYTIALA, FI","  104",",,E","  136",",,E","   74",",,E"
"FIE00143596","2019-10-01","61.8456","24.2906","153.0","JUUPAJOKI HYYTIALA, FI","   10",",,E","  104",",,E","   31",",,E"
"FIE00143596","2019-10-02","61.8456","24.2906","153.0","JUUPAJOKI HYYTIALA, FI","    5",",,E","   64",",,E","   20",",,E"
"FIE00143596","2019-10-03","61.8456","24.2906","153.0","JUUPAJOKI HYYTIALA, FI","   14",",,E","   36",",,E","   19",",,E"
"FIE00143596","2019-10-04","61.8456","24.2906","153.0","JUUPAJOKI HYYTIALA, FI","   26",",,E","   21",",,E","   -3",",,E"
"FIE00143596","2019-10-05","61.8456","24.2906","153.0","JUUPAJOKI HYYTIALA, FI","    2",",,E","   47",",,E","  -17",",,E"
"FIE00143596","2019-10-06","61.8456","24.2906","153.0","JUUPAJOKI HYYTIALA, FI","   28",",,E","   69",",,E","  -18",",,E"
"FIE00143596","2019-10-07","61.8456","24.2906","153.0","JUUPAJOKI HYYTIALA, FI","    0",",,E","   53",",,E","    7",",,E"
"FIE00143596","2019-10-08","61.8456","24.2906","153.0","JUUPAJOKI HYYTIALA, FI","    0",",,E","   45",",,E","    0",",,E"
"FIE00143596","2019-10-09","61.8456","24.2906","153.0","JUUPAJOKI HYYTIALA, FI","    0",",,E","   41",",,E","  -13",",,E"
"FIE00143596","2019-10-10","61.8456","24.2906","153.0","JUUPAJOKI HYYTIALA, FI","    3",",,E","   44",",,E","  -25",",,E"
"FIE00143596","2019-10-11","61.8456","24.2906","153.0","JUUPAJOKI HYYTIALA, FI","    5",",,E","   91",",,E","   43",",,E"
"FIE00143596","2019-10-12","61.8456","24.2906","153.0","JUUPAJOKI HYYTIALA, FI","   14",",,E","   88",",,E","   59",",,E"
"FIE00143596","2019-10-13","61.8456","24.2906","153.0","JUUPAJOKI HYYTIALA, FI","   10",",,E","   59",",,E","   27",",,E"
"FIE00143596","2019-10-14","61.8456","24.2906","153.0","JUUPAJOKI HYYTIALA, FI","    0",",,E","   46",",,E","  -23",",,E"
"FIE00143596","2019-10-15","61.8456","24.2906","153.0","JUUPAJOKI HYYTIALA, FI","   15",",,E","   34",",,E","  -27",",,E"
"FIE00143596","2019-10-16","61.8456","24.2906","153.0","JUUPAJOKI HYYTIALA, FI","   31",",,E","   25",",,E","   17",",,E"
"FIE00143596","2019-10-17","61.8456","24.2906","153.0","JUUPAJOKI HYYTIALA, FI","   20",",,E","   23",",,E","   16",",,E"
"FIE00143596","2019-10-18","61.8456","24.2906","153.0","JUUPAJOKI HYYTIALA, FI","   12",",,E","   63",",,E","   22",",,E"
"FIE00143596","2019-10-19","61.8456","24.2906","153.0","JUUPAJOKI HYYTIALA, FI","   58",",,E","  115",",,E","   63",",,E"
"FIE00143596","2019-10-20","61.8456","24.2906","153.0","JUUPAJOKI HYYTIALA, FI","  111",",,E","   97",",,E","   10",",,E"
"FIE00143596","2019-10-21","61.8456","24.2906","153.0","JUUPAJOKI HYYTIALA, FI","    0",",,E","   23",",,E","   -5",",,E"
"FIE00143596","2019-10-22","61.8456","24.2906","153.0","JUUPAJOKI HYYTIALA, FI","    0",",,E","   86",",,E","   -1",",,E"
"FIE00143596","2019-10-23","61.8456","24.2906","153.0","JUUPAJOKI HYYTIALA, FI","    1",",,E","   83",",,E","   45",",,E"
"FIE00143596","2019-10-24","61.8456","24.2906","153.0","JUUPAJOKI HYYTIALA, FI","    0",",,E","  109",",,E","   55",",,E"
"FIE00143596","2019-10-25","61.8456","24.2906","153.0","JUUPAJOKI HYYTIALA, FI","    0",",,E","  112",",,E","   80",",,E"
"FIE00143596","2019-10-26","61.8456","24.2906","153.0","JUUPAJOKI HYYTIALA, FI","    0",",,E","  108",",,E","   16",",,E"
"FIE00143596","2019-10-27","61.8456","24.2906","153.0","JUUPAJOKI HYYTIALA, FI","   14",",,E","   43",",,E","   -2",",,E"
"FIE00143596","2019-10-28","61.8456","24.2906","153.0","JUUPAJOKI HYYTIALA, FI","    0",",,E","   -1",",,E","  -28",",,E"
"FIE00143596","2019-10-29","61.8456","24.2906","153.0","JUUPAJOKI HYYTIALA, FI","    0",",,E","    5",",,E","  -33",",,E"
"FIE00143596","2019-10-30","61.8456","24.2906","153.0","JUUPAJOKI HYYTIALA, FI","    1",",,E","    2",",,E","  -66",",,E"
"FIE00143596","2019-10-31","61.8456","24.2906","153.0","JUUPAJOKI HYYTIALA, FI","    1",",,E","   38",",,E","  -23",",,E"
"FIE00143596","2019-11-01","61.8456","24.2906","153.0","JUUPAJOKI HYYTIALA, FI","    2",",,E","   26",",,E","  -50",",,E"
"FIE00143596","2019-11-02","61.8456","24.2906","153.0","JUUPAJOKI HYYTIALA, FI","   36",",,E","   27",",,E","  -65",",,E"
"FIE00143596","2019-11-03","61.8456","24.2906","153.0","JUUPAJOKI HYYTIALA, FI","    4",",,E","   24",",,E","  -37",",,E"
"FIE00143596","2019-11-04","61.8456","24.2906","153.0","JUUPAJOKI HYYTIALA, FI","    0",",,E","  -32",",,E","  -78",",,E"
"FIE00143596","2019-11-05","61.8456","24.2906","153.0","JUUPAJOKI HYYTIALA, FI","    0",",,E","  -37",",,E","  -90",",,E"
"FIE00143596","2019-11-06","61.8456","24.2906","153.0","JUUPAJOKI HYYTIALA, FI","    0",",,E","  -57",",,E"," -121",",,E"
"FIE00143596","2019-11-07","61.8456","24.2906","153.0","JUUPAJOKI HYYTIALA, FI","   11",",,E","  -63",",,E"," -112",",,E"
"FIE00143596","2019-11-08","61.8456","24.2906","153.0","JUUPAJOKI HYYTIALA, FI","   93",",,E","  -16",",,E","  -63",",,E"
"FIE00143596","2019-11-09","61.8456","24.2906","153.0","JUUPAJOKI HYYTIALA, FI","   31",",,E","   34",",,E","  -16",",,E"
"FIE00143596","2019-11-10","61.8456","24.2906","153.0","JUUPAJOKI HYYTIALA, FI","  140",",,E","   21",",,E","    2",",,E"
"FIE00143596","2019-11-11","61.8456","24.2906","153.0","JUUPAJOKI HYYTIALA, FI","    2",",,E","    2",",,E","  -29",",,E"
"FIE00143596","2019-11-12","61.8456","24.2906","153.0","JUUPAJOKI HYYTIALA, FI","   64",",,E","    3",",,E","  -34",",,E"
"FIE00143596","2019-11-13","61.8456","24.2906","153.0","JUUPAJOKI HYYTIALA, FI","   80",",,E","   43",",,E","    3",",,E"
"FIE00143596","2019-11-14","61.8456","24.2906","153.0","JUUPAJOKI HYYTIALA, FI","  105",",,E","   85",",,E","   20",",,E"
"FIE00143596","2019-11-15","61.8456","24.2906","153.0","JUUPAJOKI HYYTIALA, FI","    1",",,E","   21",",,E","   -1",",,E"
"FIE00143596","2019-11-16","61.8456","24.2906","153.0","JUUPAJOKI HYYTIALA, FI","   40",",,E","   -1",",,E","  -20",",,E"
"FIE00143596","2019-11-17","61.8456","24.2906","153.0","JUUPAJOKI HYYTIALA, FI","   12",",,E","   59",",,E","  -17",",,E"
"FIE00143596","2019-11-18","61.8456","24.2906","153.0","JUUPAJOKI HYYTIALA, FI","    2",",,E","   62",",,E","   29",",,E"
"FIE00143596","2019-11-19","61.8456","24.2906","153.0","JUUPAJOKI HYYTIALA, FI","    5",",,E","   53",",,E","   37",",,E"
"FIE00143596","2019-11-20","61.8456","24.2906","153.0","JUUPAJOKI HYYTIALA, FI","    0",",,E","   59",",,E","   45",",,E"
"FIE00143596","2019-11-21","61.8456","24.2906","153.0","JUUPAJOKI HYYTIALA, FI","    2",",,E","   56",",,E","   11",",,E"
"FIE00143596","2019-11-22","61.8456","24.2906","153.0","JUUPAJOKI HYYTIALA, FI","    0",",,E","   20",",,E","  -10",",,E"
"FIE00143596","2019-11-23","61.8456","24.2906","153.0","JUUPAJOKI HYYTIALA, FI","    0",",,E","   -5",",,E","  -36",",,E"
"FIE00143596","2019-11-24","61.8456","24.2906","153.0","JUUPAJOKI HYYTIALA, FI","    0",",,E","  -13",",,E","  -33",",,E"
"FIE00143596","2019-11-25","61.8456","24.2906","153.0","JUUPAJOKI HYYTIALA, FI","    1",",,E","  -17",",,E","  -30",",,E"
"FIE00143596","2019-11-26","61.8456","24.2906","153.0","JUUPAJOKI HYYTIALA, FI","   79",",,E","    2",",,E","  -20",",,E"
"FIE00143596","2019-11-27","61.8456","24.2906","153.0","JUUPAJOKI HYYTIALA, FI","  112",",,E","    5",",,E","    0",",,E"
"FIE00143596","2019-11-28","61.8456","24.2906","153.0","JUUPAJOKI HYYTIALA, FI","  162",",,E","   10",",,E","    0",",,E"
"FIE00143596","2019-11-29","61.8456","24.2906","153.0","JUUPAJOKI HYYTIALA, FI","  109",",,E","   42",",,E","  -41",",,E"
"FIE00143596","2019-11-30","61.8456","24.2906","153.0","JUUPAJOKI HYYTIALA, FI","    0",",,E","  -40",",,E","  -81",",,E"
"FIE00143596","2019-12-01","61.8456","24.2906","153.0","JUUPAJOKI HYYTIALA, FI","   21",",,E","   -5",",,E","  -90",",,E"
"FIE00143596","2019-12-02","61.8456","24.2906","153.0","JUUPAJOKI HYYTIALA, FI","    0",",,E","  -26",",,E","  -52",",,E"
"FIE00143596","2019-12-03","61.8456","24.2906","153.0","JUUPAJOKI HYYTIALA, FI","    4",",,E","  -15",",,E","  -73",",,E"
"FIE00143596","2019-12-04","61.8456","24.2906","153.0","JUUPAJOKI HYYTIALA, FI","    0",",,E","   38",",,E","  -15",",,E"
"FIE00143596","2019-12-05","61.8456","24.2906","153.0","JUUPAJOKI HYYTIALA, FI","   25",",,E","   46",",,E","    8",",,E"
"FIE00143596","2019-12-06","61.8456","24.2906","153.0","JUUPAJOKI HYYTIALA, FI","   22",",,E","   46",",,E","   20",",,E"
"FIE00143596","2019-12-07","61.8456","24.2906","153.0","JUUPAJOKI HYYTIALA, FI","  151",",,E","   29",",,E","    0",",,E"
"FIE00143596","2019-12-08","61.8456","24.2906","153.0","JUUPAJOKI HYYTIALA, FI","   74",",,E","    4",",,E","   -9",",,E"
"FIE00143596","2019-12-09","61.8456","24.2906","153.0","JUUPAJOKI HYYTIALA, FI","    3",",,E","   31",",,E","  -17",",,E"
"FIE00143596","2019-12-10","61.8456","24.2906","153.0","JUUPAJOKI HYYTIALA, FI","    0",",,E","  -17",",,E","  -61",",,E"
"FIE00143596","2019-12-11","61.8456","24.2906","153.0","JUUPAJOKI HYYTIALA, FI","   46",",,E","   15",",,E","  -70",",,E"
"FIE00143596","2019-12-12","61.8456","24.2906","153.0","JUUPAJOKI HYYTIALA, FI","   36",",,E","   18",",,E","  -15",",,E"
"FIE00143596","2019-12-13","61.8456","24.2906","153.0","JUUPAJOKI HYYTIALA, FI","    6",",,E","    9",",,E","  -10",",,E"
"FIE00143596","2019-12-14","61.8456","24.2906","153.0","JUUPAJOKI HYYTIALA, FI","   36",",,E","    6",",,E","    2",",,E"
"FIE00143596","2019-12-15","61.8456","24.2906","153.0","JUUPAJOKI HYYTIALA, FI","   28",",,E","    7",",,E","    1",",,E"
"FIE00143596","2019-12-16","61.8456","24.2906","153.0","JUUPAJOKI HYYTIALA, FI","   38",",,E","   16",",,E","    1",",,E"
"FIE00143596","2019-12-17","61.8456","24.2906","153.0","JUUPAJOKI HYYTIALA, FI","    9",",,E","   13",",,E","   -1",",,E"
"FIE00143596","2019-12-18","61.8456","24.2906","153.0","JUUPAJOKI HYYTIALA, FI","  144",",,E","    4",",,E","    1",",,E"
"FIE00143596","2019-12-19","61.8456","24.2906","153.0","JUUPAJOKI HYYTIALA, FI","    9",",,E","    2",",,E","  -14",",,E"
"FIE00143596","2019-12-20","61.8456","24.2906","153.0","JUUPAJOKI HYYTIALA, FI","   66",",,E","    7",",,E","  -10",",,E"
"FIE00143596","2019-12-21","61.8456","24.2906","153.0","JUUPAJOKI HYYTIALA, FI","    0",",,E","   10",",,E","    6",",,E"
"FIE00143596","2019-12-22","61.8456","24.2906","153.0","JUUPAJOKI HYYTIALA, FI","   10",",,E","   25",",,E","    5",",,E"
"FIE00143596","2019-12-23","61.8456","24.2906","153.0","JUUPAJOKI HYYTIALA, FI","    2",",,E","   33",",,E","    4",",,E"
"FIE00143596","2019-12-24","61.8456","24.2906","153.0","JUUPAJOKI HYYTIALA, FI","   59",",,E","   14",",,E","   -4",",,E"
"FIE00143596","2019-12-25","61.8456","24.2906","153.0","JUUPAJOKI HYYTIALA, FI","   19",",,E","   -1",",,E","   -7",",,E"
"FIE00143596","2019-12-26","61.8456","24.2906","153.0","JUUPAJOKI HYYTIALA, FI","    7",",,E","   -7",",,E","  -24",",,E"
"FIE00143596","2019-12-27","61.8456","24.2906","153.0","JUUPAJOKI HYYTIALA, FI","    0",",,E","  -24",",,E","  -94",",,E"
"FIE00143596","2019-12-28","61.8456","24.2906","153.0","JUUPAJOKI HYYTIALA, FI","    1",",,E","  -93",",,E"," -124",",,E"
"FIE00143596","2019-12-29","61.8456","24.2906","153.0","JUUPAJOKI HYYTIALA, FI","   52",",,E","   12",",,E","  -99",",,E"
"FIE00143596","2019-12-30","61.8456","24.2906","153.0","JUUPAJOKI HYYTIALA, FI","    7",",,E","   40",",,E","   11",",,E"
"FIE00143596","2019-12-31","61.8456","24.2906","153.0","JUUPAJOKI HYYTIALA, FI","    0",",,E","   35",",,E","  -47",",,E"
"FIE00143596","2020-01-01","61.8456","24.2906","153.0","JUUPAJOKI HYYTIALA, FI","    2",",,E","   38",",,E","  -38",",,E"
"FIE00143596","2020-01-02","61.8456","24.2906","153.0","JUUPAJOKI HYYTIALA, FI","    0",",,E","   64",",,E","   27",",,E"
"FIE00143596","2020-01-03","61.8456","24.2906","153.0","JUUPAJOKI HYYTIALA, FI","   30",",,E","   49",",,E","    3",",,E"
"FIE00143596","2020-01-04","61.8456","24.2906","153.0","JUUPAJOKI HYYTIALA, FI","    1",",,E","    4",",,E","  -15",",,E"
"FIE00143596","2020-01-05","61.8456","24.2906","153.0","JUUPAJOKI HYYTIALA, FI","   24",",,E","   -1",",,E","  -66",",,E"
"FIE00143596","2020-01-06","61.8456","24.2906","153.0","JUUPAJOKI HYYTIALA, FI","    0",",,E","    0",",,E","  -45",",,E"
"FIE00143596","2020-01-07","61.8456","24.2906","153.0","JUUPAJOKI HYYTIALA, FI","   54",",,E","   35",",,E","   -7",",,E"
"FIE00143596","2020-01-08","61.8456","24.2906","153.0","JUUPAJOKI HYYTIALA, FI","   36",",,E","   61",",,E","   17",",,E"
"FIE00143596","2020-01-09","61.8456","24.2906","153.0","JUUPAJOKI HYYTIALA, FI","    0",",,E","   20",",,E","  -10",",,E"
"FIE00143596","2020-01-10","61.8456","24.2906","153.0","JUUPAJOKI HYYTIALA, FI","    0",",,E","   -7",",,E","  -47",",,E"
"FIE00143596","2020-01-11","61.8456","24.2906","153.0","JUUPAJOKI HYYTIALA, FI","   45",",,E","   11",",,E","  -51",",,E"
"FIE00143596","2020-01-12","61.8456","24.2906","153.0","JUUPAJOKI HYYTIALA, FI","    8",",,E","   43",",,E","   -4",",,E"
"FIE00143596","2020-01-13","61.8456","24.2906","153.0","JUUPAJOKI HYYTIALA, FI","    0",",,E","    8",",,E","   -7",",,E"
"FIE00143596","2020-01-14","61.8456","24.2906","153.0","JUUPAJOKI HYYTIALA, FI","   14",",,E","   32",",,E","   -4",",,E"
"FIE00143596","2020-01-15","61.8456","24.2906","153.0","JUUPAJOKI HYYTIALA, FI","   42",",,E","   70",",,E","   17",",,E"
"FIE00143596","2020-01-16","61.8456","24.2906","153.0","JUUPAJOKI HYYTIALA, FI","    0",",,E","   46",",,E","   22",",,E"
"FIE00143596","2020-01-17","61.8456","24.2906","153.0","JUUPAJOKI HYYTIALA, FI","    0",",,E","   41",",,E","   12",",,E"
"FIE00143596","2020-01-18","61.8456","24.2906","153.0","JUUPAJOKI HYYTIALA, FI","   10",",,E","   42",",,E","    9",",,E"
"FIE00143596","2020-01-19","61.8456","24.2906","153.0","JUUPAJOKI HYYTIALA, FI","    3",",,E","   40",",,E","   -9",",,E"
"FIE00143596","2020-01-20","61.8456","24.2906","153.0","JUUPAJOKI HYYTIALA, FI","    0",",,E","   18",",,E","   -8",",,E"
"FIE00143596","2020-01-21","61.8456","24.2906","153.0","JUUPAJOKI HYYTIALA, FI","    0",",,E","   73",",,E","   13",",,E"
"FIE00143596","2020-01-22","61.8456","24.2906","153.0","JUUPAJOKI HYYTIALA, FI","    0",",,E","   23",",,E","  -13",",,E"
"FIE00143596","2020-01-23","61.8456","24.2906","153.0","JUUPAJOKI HYYTIALA, FI","   13",",,E","   -3",",,E","  -48",",,E"
"FIE00143596","2020-01-24","61.8456","24.2906","153.0","JUUPAJOKI HYYTIALA, FI","    0",",,E","   18",",,E","  -11",",,E"
"FIE00143596","2020-01-25","61.8456","24.2906","153.0","JUUPAJOKI HYYTIALA, FI","   40",",,E","    2",",,E","  -30",",,E"
"FIE00143596","2020-01-26","61.8456","24.2906","153.0","JUUPAJOKI HYYTIALA, FI","   11",",,E","   16",",,E","  -56",",,E"
"FIE00143596","2020-01-27","61.8456","24.2906","153.0","JUUPAJOKI HYYTIALA, FI","   82",",,E","  -28",",,E","  -65",",,E"
"FIE00143596","2020-01-28","61.8456","24.2906","153.0","JUUPAJOKI HYYTIALA, FI","   41",",,E","    6",",,E","  -42",",,E"
"FIE00143596","2020-01-29","61.8456","24.2906","153.0","JUUPAJOKI HYYTIALA, FI","   27",",,E","    6",",,E","  -12",",,E"
"FIE00143596","2020-01-30","61.8456","24.2906","153.0","JUUPAJOKI HYYTIALA, FI","   92",",,E","   -8",",,E","  -15",",,E"
"FIE00143596","2020-01-31","61.8456","24.2906","153.0","JUUPAJOKI HYYTIALA, FI","    1",",,E","  -11",",,E","  -20",",,E"
"FIE00143596","2020-02-01","61.8456","24.2906","153.0","JUUPAJOKI HYYTIALA, FI","   88",",,E","    2",",,E","  -21",",,E"
"FIE00143596","2020-02-02","61.8456","24.2906","153.0","JUUPAJOKI HYYTIALA, FI","   28",",,E","   19",",,E","    1",",,E"
"FIE00143596","2020-02-03","61.8456","24.2906","153.0","JUUPAJOKI HYYTIALA, FI","    0",",,E","    3",",,E","  -40",",,E"
"FIE00143596","2020-02-04","61.8456","24.2906","153.0","JUUPAJOKI HYYTIALA, FI","    0",",,E","  -40",",,E"," -110",",,E"
"FIE00143596","2020-02-05","61.8456","24.2906","153.0","JUUPAJOKI HYYTIALA, FI","   37",",,E","   -1",",,E"," -131",",,E"
"FIE00143596","2020-02-06","61.8456","24.2906","153.0","JUUPAJOKI HYYTIALA, FI","    0",",,E","    0",",,E"," -104",",,E"
"FIE00143596","2020-02-07","61.8456","24.2906","153.0","JUUPAJOKI HYYTIALA, FI","    6",",,E","  -16",",,E"," -138",",,E"
"FIE00143596","2020-02-08","61.8456","24.2906","153.0","JUUPAJOKI HYYTIALA, FI","   15",",,E","    4",",,E","  -16",",,E"
"FIE00143596","2020-02-09","61.8456","24.2906","153.0","JUUPAJOKI HYYTIALA, FI","   28",",,E","   20",",,E","   -6",",,E"
"FIE00143596","2020-02-10","61.8456","24.2906","153.0","JUUPAJOKI HYYTIALA, FI","   46",",,E","   38",",,E","   17",",,E"
"FIE00143596","2020-02-11","61.8456","24.2906","153.0","JUUPAJOKI HYYTIALA, FI","    0",",,E","   32",",,E","   -4",",,E"
"FIE00143596","2020-02-12","61.8456","24.2906","153.0","JUUPAJOKI HYYTIALA, FI","   22",",,E","   18",",,E","    1",",,E"
"FIE00143596","2020-02-13","61.8456","24.2906","153.0","JUUPAJOKI HYYTIALA, FI","    5",",,E","    9",",,E","   -1",",,E"
"FIE00143596","2020-02-14","61.8456","24.2906","153.0","JUUPAJOKI HYYTIALA, FI","    0",",,E","   13",",,E","  -39",",,E"
"FIE00143596","2020-02-15","61.8456","24.2906","153.0","JUUPAJOKI HYYTIALA, FI","   37",",,E","   11",",,E","  -66",",,E"
"FIE00143596","2020-02-16","61.8456","24.2906","153.0","JUUPAJOKI HYYTIALA, FI","   76",",,E","   38",",,E","    7",",,E"
"FIE00143596","2020-02-17","61.8456","24.2906","153.0","JUUPAJOKI HYYTIALA, FI","   38",",,E","   63",",,E","   25",",,E"
"FIE00143596","2020-02-18","61.8456","24.2906","153.0","JUUPAJOKI HYYTIALA, FI","    0",",,E","   55",",,E","   20",",,E"
"FIE00143596","2020-02-19","61.8456","24.2906","153.0","JUUPAJOKI HYYTIALA, FI","    5",",,E","   44",",,E","   -5",",,E"
"FIE00143596","2020-02-20","61.8456","24.2906","153.0","JUUPAJOKI HYYTIALA, FI","    2",",,E","   -5",",,E","  -44",",,E"
"FIE00143596","2020-02-21","61.8456","24.2906","153.0","JUUPAJOKI HYYTIALA, FI","   24",",,E","   25",",,E","  -37",",,E"
"FIE00143596","2020-02-22","61.8456","24.2906","153.0","JUUPAJOKI HYYTIALA, FI","  128",",,E","   38",",,E","    5",",,E"
"FIE00143596","2020-02-23","61.8456","24.2906","153.0","JUUPAJOKI HYYTIALA, FI","    0",",,E","   34",",,E","    1",",,E"
"FIE00143596","2020-02-24","61.8456","24.2906","153.0","JUUPAJOKI HYYTIALA, FI","    0",",,E","   17",",,E","  -16",",,E"
"FIE00143596","2020-02-25","61.8456","24.2906","153.0","JUUPAJOKI HYYTIALA, FI","    0",",,E","    8",",,E","  -86",",,E"
"FIE00143596","2020-02-26","61.8456","24.2906","153.0","JUUPAJOKI HYYTIALA, FI","    0",",,E","    0",",,E"," -122",",,E"
"FIE00143596","2020-02-27","61.8456","24.2906","153.0","JUUPAJOKI HYYTIALA, FI","    0",",,E","   -6",",,E"," -135",",,E"
"FIE00143596","2020-02-28","61.8456","24.2906","153.0","JUUPAJOKI HYYTIALA, FI","    0",",,E","   -6",",,E"," -140",",,E"
"FIE00143596","2020-02-29","61.8456","24.2906","153.0","JUUPAJOKI HYYTIALA, FI","    0",",,E","    1",",,E"," -160",",,E"
