"IN024041000","1970-01-29","26.333","89.467","43.0","COOCH BEHAR, IN","    0",",,I",,,,,,
"IN024041000","1970-01-30","26.333","89.467","43.0","COOCH BEHAR, IN","    0",",,I",,,,,,
"IN024041000","1970-01-31","26.333","89.467","43.0","COOCH BEHAR, IN","    0",",,I",,,,,,
"IN024041000","1970-02-01","26.333","89.467","43.0","COOCH BEHAR, IN","    0",",,I",,,,,,
"IN024041000","1970-02-02","26.333","89.467","43.0","COOCH BEHAR, IN","    0",",,I",,,,,,
"IN024041000","1970-02-03","26.333","89.467","43.0","COOCH BEHAR, IN","    0",",,I",,,,,,
"IN024041000","1970-02-04","26.333","89.467","43.0","COOCH BEHAR, IN","    0",",,I",,,,,,
"IN024041000","1970-02-05","26.333","89.467","43.0","COOCH BEHAR, IN","    0",",,I",,,,,,
"IN024041000","1970-02-06","26.333","89.467","43.0","COOCH BEHAR, IN","    0",",,I",,,,,,
"IN024041000","1970-02-07","26.333","89.467","43.0","COOCH BEHAR, IN","    0",",,I",,,,,,
"IN024041000","1970-02-08","26.333","89.467","43.0","COOCH BEHAR, IN","    0",",,I",,,,,,
"IN024041000","1970-02-09","26.333","89.467","43.0","COOCH BEHAR, IN","    0",",,I",,,,,,
"IN024041000","1970-02-10","26.333","89.467","43.0","COOCH BEHAR, IN","    0",",,I",,,,,,
"IN024041000","1970-02-11","26.333","89.467","43.0","COOCH BEHAR, IN","    0",",,I",,,,,,
"IN024041000","1970-02-12","26.333","89.467","43.0","COOCH BEHAR, IN","    0",",,I",,,,,,
"IN024041000","1970-02-13","26.333","89.467","43.0","COOCH BEHAR, IN","    0",",,I",,,,,,
"IN024041000","1970-02-14","26.333","89.467","43.0","COOCH BEHAR, IN","    0",",,I",,,,,,
"IN024041000","1970-02-15","26.333","89.467","43.0","COOCH BEHAR, IN","    0",",,I",,,,,,
"IN024041000","1970-02-16","26.333","89.467","43.0","COOCH BEHAR, IN","    0",",,I",,,,,,
"IN024041000","1970-02-17","26.333","89.467","43.0","COOCH BEHAR, IN","    0",",,I",,,,,,
"IN024041000","1970-02-18","26.333","89.467","43.0","COOCH BEHAR, IN","    0",",,I",,,,,,
"IN024041000","1970-02-19","26.333","89.467","43.0","COOCH BEHAR, IN","    0",",,I",,,,,,
"IN024041000","1970-02-20","26.333","89.467","43.0","COOCH BEHAR, IN","  128",",,I",,,,,,
"IN024041000","1970-02-21","26.333","89.467","43.0","COOCH BEHAR, IN","    0",",,I",,,,,,
"IN024041000","1970-02-22","26.333","89.467","43.0","COOCH BEHAR, IN","    0",",,I",,,,,,
"IN024041000","1970-02-23","26.333","89.467","43.0","COOCH BEHAR, IN","    0",",,I",,,,,,
"IN024041000","1970-02-24","26.333","89.467","43.0","COOCH BEHAR, IN","    0",",,I",,,,,,
"IN024041000","1970-02-25","26.333","89.467","43.0","COOCH BEHAR, IN","    1",",,I",,,,,,
"IN024041000","1970-02-26","26.333","89.467","43.0","COOCH BEHAR, IN","    0",",,I",,,,,,
"IN024041000","1970-02-27","26.333","89.467","43.0","COOCH BEHAR, IN","    0",",,I",,,,,,
"IN024041000","1970-02-28","26.333","89.467","43.0","COOCH BEHAR, IN","    0",",,I",,,,,,
"IN024041000","1970-03-01","26.333","89.467","43.0","COOCH BEHAR, IN","    0",",,I",,,,,,
"IN024041000","1970-03-02","26.333","89.467","43.0","COOCH BEHAR, IN","    0",",,I",,,,,,
"IN024041000","1970-03-03","26.333","89.467","43.0","COOCH BEHAR, IN","    0",",,I",,,,,,
"IN024041000","1970-03-04","26.333","89.467","43.0","COOCH BEHAR, IN","    0",",,I",,,,,,
"IN024041000","1970-03-05","26.333","89.467","43.0","COOCH BEHAR, IN","    0",",,I",,,,,,
"IN024041000","1970-03-06","26.333","89.467","43.0","COOCH BEHAR, IN","    0",",,I",,,,,,
"IN024041000","1970-03-07","26.333","89.467","43.0","COOCH BEHAR, IN","    0",",,I",,,,,,
"IN024041000","1970-03-08","26.333","89.467","43.0","COOCH BEHAR, IN","    0",",,I",,,,,,
"IN024041000","1970-03-09","26.333","89.467","43.0","COOCH BEHAR, IN","    0",",,I",,,,,,
"IN024041000","1970-03-10","26.333","89.467","43.0","COOCH BEHAR, IN","    0",",,I",,,,,,
"IN024041000","1970-03-11","26.333","89.467","43.0","COOCH BEHAR, IN","    0",",,I",,,,,,
"IN024041000","1970-03-12","26.333","89.467","43.0","COOCH BEHAR, IN","    0",",,I",,,,,,
"IN024041000","1970-03-13","26.333","89.467","43.0","COOCH BEHAR, IN","    0",",,I",,,,,,
"IN024041000","1970-03-14","26.333","89.467","43.0","COOCH BEHAR, IN","    0",",,I",,,,,,
"IN024041000","1970-03-15","26.333","89.467","43.0","COOCH BEHAR, IN","    0",",,I",,,,,,
"IN024041000","1970-03-16","26.333","89.467","43.0","COOCH BEHAR, IN","    0",",,I",,,,,,
"IN024041000","1970-03-17","26.333","89.467","43.0","COOCH BEHAR, IN","    0",",,I",,,,,,
"IN024041000","1970-03-18","26.333","89.467","43.0","COOCH BEHAR, IN","    0",",,I",,,,,,
"IN024041000","1970-03-19","26.333","89.467","43.0","COOCH BEHAR, IN","    0",",,I",,,,,,
"IN024041000","1970-03-20","26.333","89.467","43.0","COOCH BEHAR, IN","    0",",,I",,,,,,
"IN024041000","1970-03-21","26.333","89.467","43.0","COOCH BEHAR, IN","    0",",,I",,,,,,
"IN024041000","1970-03-22","26.333","89.467","43.0","COOCH BEHAR, IN","    0",",,I",,,,,,
"IN024041000","1970-03-23","26.333","89.467","43.0","COOCH BEHAR, IN","    0",",,I",,,,,,
"IN024041000","1970-03-24","26.333","89.467","43.0","COOCH BEHAR, IN","    0",",,I",,,,,,
"IN024041000","1970-03-25","26.333","89.467","43.0","COOCH BEHAR, IN","    0",",,I",,,,,,
"IN024041000","1970-03-26","26.333","89.467","43.0","COOCH BEHAR, IN","   28",",,I",,,,,,
"IN024041000","1970-03-27","26.333","89.467","43.0","COOCH BEHAR, IN","    3",",,I",,,,,,
"IN024041000","1970-03-28","26.333","89.467","43.0","COOCH BEHAR, IN","    0",",,I",,,,,,
"IN024041000","1970-03-29","26.333","89.467","43.0","COOCH BEHAR, IN","    0",",,I",,,,,,
"IN024041000","1970-03-30","26.333","89.467","43.0","COOCH BEHAR, IN","    0",",,I",,,,,,
"IN024041000","1970-03-31","26.333","89.467","43.0","COOCH BEHAR, IN","    0",",,I",,,,,,
"IN024041000","1970-04-01","26.333","89.467","43.0","COOCH BEHAR, IN","    0",",,I",,,,,,
"IN024041000","1970-04-02","26.333","89.467","43.0","COOCH BEHAR, IN","    0",",,I",,,,,,
"IN024041000","1970-04-03","26.333","89.467","43.0","COOCH BEHAR, IN","    0",",,I",,,,,,
"IN024041000","1970-04-04","26.333","89.467","43.0","COOCH BEHAR, IN","    0",",,I",,,,,,
"IN024041000","1970-04-05","26.333","89.467","43.0","COOCH BEHAR, IN","   24",",,I",,,,,,
"IN024041000","1970-04-06","26.333","89.467","43.0","COOCH BEHAR, IN","    0",",,I",,,,,,
"IN024041000","1970-04-07","26.333","89.467","43.0","COOCH BEHAR, IN","    0",",,I",,,,,,
"IN024041000","1970-04-08","26.333","89.467","43.0","COOCH BEHAR, IN","    0",",,I",,,,,,
"IN024041000","1970-04-09","26.333","89.467","43.0","COOCH BEHAR, IN","    0",",,I",,,,,,
"IN024041000","1970-04-10","26.333","89.467","43.0","COOCH BEHAR, IN","    0",",,I",,,,,,
"IN024041000","1970-04-11","26.333","89.467","43.0","COOCH BEHAR, IN","    0",",,I",,,,,,
"IN024041000","1970-04-12","26.333","89.467","43.0","COOCH BEHAR, IN","    0",",,I",,,,,,
"IN024041000","1970-04-13","26.333","89.467","43.0","COOCH BEHAR, IN","    0",",,I",,,,,,
"IN024041000","1970-04-14","26.333","89.467","43.0","COOCH BEHAR, IN","   27",",,I",,,,,,
"IN024041000","1970-04-15","26.333","89.467","43.0","COOCH BEHAR, IN","   10",",,I",,,,,,
"IN024041000","1970-04-16","26.333","89.467","43.0","COOCH BEHAR, IN","    0",",,I",,,,,,
"IN024041000","1970-04-17","26.333","89.467","43.0","COOCH BEHAR, IN","   31",",,I",,,,,,
"IN024041000","1970-04-18","26.333","89.467","43.0","COOCH BEHAR, IN","   42",",,I",,,,,,
"IN024041000","1970-04-19","26.333","89.467","43.0","COOCH BEHAR, IN","    0",",,I",,,,,,
"IN024041000","1970-04-20","26.333","89.467","43.0","COOCH BEHAR, IN","    0",",,I",,,,,,
"IN024041000","1970-04-21","26.333","89.467","43.0","COOCH BEHAR, IN","  212",",,I",,,,,,
"IN024041000","1970-04-22","26.333","89.467","43.0","COOCH BEHAR, IN","   32",",,I",,,,,,
"IN024041000","1970-04-23","26.333","89.467","43.0","COOCH BEHAR, IN","    0",",,I",,,,,,
"IN024041000","1970-04-24","26.333","89.467","43.0","COOCH BEHAR, IN","    0",",,I",,,,,,
"IN024041000","1970-04-25","26.333","89.467","43.0","COOCH BEHAR, IN","    0",",,I",,,,,,
"IN024041000","1970-04-26","26.333","89.467","43.0","COOCH BEHAR, IN","   34",",,I",,,,,,
"IN024041000","1970-04-27","26.333","89.467","43.0","COOCH BEHAR, IN","  268",",,I",,,,,,
"IN024041000","1970-04-28","26.333","89.467","43.0","COOCH BEHAR, IN","  521",",,I",,,,,,
"IN024041000","1970-04-29","26.333","89.467","43.0","COOCH BEHAR, IN","   43",",,I",,,,,,
"IN024041000","1970-04-30","26.333","89.467","43.0","COOCH BEHAR, IN","  176",",,I",,,,,,
"IN024041000","1970-05-01","26.333","89.467","43.0","COOCH BEHAR, IN","    0",",,I",,,,,,
"IN024041000","1970-05-02","26.333","89.467","43.0","COOCH BEHAR, IN","    0",",,I",,,,,,
"IN024041000","1970-05-03","26.333","89.467","43.0","COOCH BEHAR, IN","    0",",,I",,,,,,
"IN024041000","1970-05-04","26.333","89.467","43.0","COOCH BEHAR, IN","   14",",,I",,,,,,
"IN024041000","1970-05-05","26.333","89.467","43.0","COOCH BEHAR, IN","  185",",,I",,,,,,
"IN024041000","1970-05-06","26.333","89.467","43.0","COOCH BEHAR, IN","    0",",,I",,,,,,
"IN024041000","1970-05-07","26.333","89.467","43.0","COOCH BEHAR, IN","    0",",,I",,,,,,
"IN024041000","1970-05-08","26.333","89.467","43.0","COOCH BEHAR, IN","    0",",,I",,,,,,
"IN024041000","1970-05-09","26.333","89.467","43.0","COOCH BEHAR, IN","  160",",,I",,,,,,
"IN024041000","1970-05-10","26.333","89.467","43.0","COOCH BEHAR, IN","    6",",,I",,,,,,
"IN024041000","1970-05-11","26.333","89.467","43.0","COOCH BEHAR, IN","   15",",,I",,,,,,
"IN024041000","1970-05-12","26.333","89.467","43.0","COOCH BEHAR, IN","    0",",,I",,,,,,
"IN024041000","1970-05-13","26.333","89.467","43.0","COOCH BEHAR, IN","    0",",,I",,,,,,
"IN024041000","1970-05-14","26.333","89.467","43.0","COOCH BEHAR, IN","    0",",,I",,,,,,
"IN024041000","1970-05-15","26.333","89.467","43.0","COOCH BEHAR, IN","   64",",,I",,,,,,
"IN024041000","1970-05-16","26.333","89.467","43.0","COOCH BEHAR, IN","  263",",,I",,,,,,
"IN024041000","1970-05-17","26.333","89.467","43.0","COOCH BEHAR, IN","  270",",,I",,,,,,
"IN024041000","1970-05-18","26.333","89.467","43.0","COOCH BEHAR, IN","  348",",,I",,,,,,
"IN024041000","1970-05-19","26.333","89.467","43.0","COOCH BEHAR, IN","    0",",,I",,,,,,
"IN024041000","1970-05-20","26.333","89.467","43.0","COOCH BEHAR, IN","    0",",,I",,,,,,
"IN024041000","1970-05-21","26.333","89.467","43.0","COOCH BEHAR, IN","    0",",,I",,,,,,
"IN024041000","1970-05-22","26.333","89.467","43.0","COOCH BEHAR, IN","    0",",,I",,,,,,
"IN024041000","1970-05-23","26.333","89.467","43.0","COOCH BEHAR, IN","    0",",,I",,,,,,
"IN024041000","1970-05-24","26.333","89.467","43.0","COOCH BEHAR, IN","    3",",,I",,,,,,
"IN024041000","1970-05-25","26.333","89.467","43.0","COOCH BEHAR, IN","    0",",,I",,,,,,
"IN024041000","1970-05-26","26.333","89.467","43.0","COOCH BEHAR, IN","    2",",,I",,,,,,
"IN024041000","1970-05-27","26.333","89.467","43.0","COOCH BEHAR, IN","   18",",,I",,,,,,
"IN024041000","1970-05-28","26.333","89.467","43.0","COOCH BEHAR, IN","    0",",,I",,,,,,
"IN024041000","1970-05-29","26.333","89.467","43.0","COOCH BEHAR, IN","  155",",,I",,,,,,
"IN024041000","1970-05-30","26.333","89.467","43.0","COOCH BEHAR, IN","  110",",,I",,,,,,
"IN024041000","1970-05-31","26.333","89.467","43.0","COOCH BEHAR, IN","   85",",,I",,,,,,
"IN024041000","1970-06-01","26.333","89.467","43.0","COOCH BEHAR, IN","  267",",,I",,,,,,
"IN024041000","1970-06-02","26.333","89.467","43.0","COOCH BEHAR, IN"," 1177",",,I",,,,,,
"IN024041000","1970-06-03","26.333","89.467","43.0","COOCH BEHAR, IN","  467",",,I",,,,,,
"IN024041000","1970-06-04","26.333","89.467","43.0","COOCH BEHAR, IN","  511",",,I",,,,,,
"IN024041000","1970-06-05","26.333","89.467","43.0","COOCH BEHAR, IN"," 1409",",,I",,,,,,
"IN024041000","1970-06-06","26.333","89.467","43.0","COOCH BEHAR, IN","   43",",,I",,,,,,
"IN024041000","1970-06-07","26.333","89.467","43.0","COOCH BEHAR, IN","    0",",,I",,,,,,
"IN024041000","1970-06-08","26.333","89.467","43.0","COOCH BEHAR, IN","  350",",,I",,,,,,
"IN024041000","1970-06-09","26.333","89.467","43.0","COOCH BEHAR, IN","  265",",,I",,,,,,
"IN024041000","1970-06-10","26.333","89.467","43.0","COOCH BEHAR, IN","  258",",,I",,,,,,
"IN024041000","1970-06-11","26.333","89.467","43.0","COOCH BEHAR, IN","   49",",,I",,,,,,
"IN024041000","1970-06-12","26.333","89.467","43.0","COOCH BEHAR, IN","   13",",,I",,,,,,
"IN024041000","1970-06-13","26.333","89.467","43.0","COOCH BEHAR, IN","    1",",,I",,,,,,
"IN024041000","1970-06-14","26.333","89.467","43.0","COOCH BEHAR, IN","   33",",,I",,,,,,
"IN024041000","1970-06-15","26.333","89.467","43.0","COOCH BEHAR, IN","   11",",,I",,,,,,
"IN024041000","1970-06-16","26.333","89.467","43.0","COOCH BEHAR, IN","   33",",,I",,,,,,
"IN024041000","1970-06-17","26.333","89.467","43.0","COOCH BEHAR, IN"," 1602",",,I",,,,,,
"IN024041000","1970-06-18","26.333","89.467","43.0","COOCH BEHAR, IN","  177",",,I",,,,,,
"IN024041000","1970-06-19","26.333","89.467","43.0","COOCH BEHAR, IN","  127",",,I",,,,,,
"IN024041000","1970-06-20","26.333","89.467","43.0","COOCH BEHAR, IN","  400",",,I",,,,,,
"IN024041000","1970-06-21","26.333","89.467","43.0","COOCH BEHAR, IN","  338",",,I",,,,,,
"IN024041000","1970-06-22","26.333","89.467","43.0","COOCH BEHAR, IN","   81",",,I",,,,,,
"IN024041000","1970-06-23","26.333","89.467","43.0","COOCH BEHAR, IN","  267",",,I",,,,,,
"IN024041000","1970-06-24","26.333","89.467","43.0","COOCH BEHAR, IN","   29",",,I",,,,,,
"IN024041000","1970-06-25","26.333","89.467","43.0","COOCH BEHAR, IN","   12",",,I",,,,,,
"IN024041000","1970-06-26","26.333","89.467","43.0","COOCH BEHAR, IN","  630",",,I",,,,,,
"IN024041000","1970-06-27","26.333","89.467","43.0","COOCH BEHAR, IN","    1",",,I",,,,,,
"IN024041000","1970-06-28","26.333","89.467","43.0","COOCH BEHAR, IN","  255",",,I",,,,,,
"IN024041000","1970-06-29","26.333","89.467","43.0","COOCH BEHAR, IN","   47",",,I",,,,,,
"IN024041000","1970-06-30","26.333","89.467","43.0","COOCH BEHAR, IN","    0",",,I",,,,,,
"IN024041000","1970-07-01","26.333","89.467","43.0","COOCH BEHAR, IN","  176",",,I",,,,,,
"IN024041000","1970-07-02","26.333","89.467","43.0","COOCH BEHAR, IN","    0",",,I",,,,,,
"IN024041000","1970-07-03","26.333","89.467","43.0","COOCH BEHAR, IN","    9",",,I",,,,,,
"IN024041000","1970-07-04","26.333","89.467","43.0","COOCH BEHAR, IN","   89",",,I",,,,,,
"IN024041000","1970-07-05","26.333","89.467","43.0","COOCH BEHAR, IN","  525",",,I",,,,,,
"IN024041000","1970-07-06","26.333","89.467","43.0","COOCH BEHAR, IN","  688",",,I",,,,,,
"IN024041000","1970-07-07","26.333","89.467","43.0","COOCH BEHAR, IN","   10",",,I",,,,,,
"IN024041000","1970-07-08","26.333","89.467","43.0","COOCH BEHAR, IN","    0",",,I",,,,,,
"IN024041000","1970-07-09","26.333","89.467","43.0","COOCH BEHAR, IN","  130",",,I",,,,,,
"IN024041000","1970-07-10","26.333","89.467","43.0","COOCH BEHAR, IN","    7",",,I",,,,,,
"IN024041000","1970-07-11","26.333","89.467","43.0","COOCH BEHAR, IN","  138",",,I",,,,,,
"IN024041000","1970-07-12","26.333","89.467","43.0","COOCH BEHAR, IN","  118",",,I",,,,,,
"IN024041000","1970-07-13","26.333","89.467","43.0","COOCH BEHAR, IN","  815",",,I",,,,,,
"IN024041000","1970-07-14","26.333","89.467","43.0","COOCH BEHAR, IN","  310",",,I",,,,,,
"IN024041000","1970-07-15","26.333","89.467","43.0","COOCH BEHAR, IN","  510",",,I",,,,,,
"IN024041000","1970-07-16","26.333","89.467","43.0","COOCH BEHAR, IN","    0",",,I",,,,,,
"IN024041000","1970-07-17","26.333","89.467","43.0","COOCH BEHAR, IN","  350",",,I",,,,,,
"IN024041000","1970-07-18","26.333","89.467","43.0","COOCH BEHAR, IN","    2",",,I",,,,,,
"IN024041000","1970-07-19","26.333","89.467","43.0","COOCH BEHAR, IN","    6",",,I",,,,,,
"IN024041000","1970-07-20","26.333","89.467","43.0","COOCH BEHAR, IN","   29",",,I",,,,,,
"IN024041000","1970-07-21","26.333","89.467","43.0","COOCH BEHAR, IN","  235",",,I",,,,,,
"IN024041000","1970-07-22","26.333","89.467","43.0","COOCH BEHAR, IN","  555",",,I",,,,,,
"IN024041000","1970-07-23","26.333","89.467","43.0","COOCH BEHAR, IN","  378",",,I",,,,,,
"IN024041000","1970-07-24","26.333","89.467","43.0","COOCH BEHAR, IN","  328",",,I",,,,,,
"IN024041000","1970-07-25","26.333","89.467","43.0","COOCH BEHAR, IN","  388",",,I",,,,,,
"IN024041000","1970-07-26","26.333","89.467","43.0","COOCH BEHAR, IN","  902",",,I",,,,,,
"IN024041000","1970-07-27","26.333","89.467","43.0","COOCH BEHAR, IN","   10",",,I",,,,,,
"IN024041000","1970-07-28","26.333","89.467","43.0","COOCH BEHAR, IN","  280",",,I",,,,,,
"IN024041000","1970-07-29","26.333","89.467","43.0","COOCH BEHAR, IN","    0",",,I",,,,,,
"IN024041000","1970-07-30","26.333","89.467","43.0","COOCH BEHAR, IN","  180",",,I",,,,,,
"IN024041000","1970-07-31","26.333","89.467","43.0","COOCH BEHAR, IN","   68",",,I",,,,,,
"IN024041000","1970-08-01","26.333","89.467","43.0","COOCH BEHAR, IN","   12",",,I",,,,,,
"IN024041000","1970-08-02","26.333","89.467","43.0","COOCH BEHAR, IN","  138",",,I",,,,,,
"IN024041000","1970-08-03","26.333","89.467","43.0","COOCH BEHAR, IN","   74",",,I",,,,,,
"IN024041000","1970-08-04","26.333","89.467","43.0","COOCH BEHAR, IN","  216",",,I",,,,,,
"IN024041000","1970-08-05","26.333","89.467","43.0","COOCH BEHAR, IN","  128",",,I",,,,,,
"IN024041000","1970-08-06","26.333","89.467","43.0","COOCH BEHAR, IN","   44",",,I",,,,,,
"IN024041000","1970-08-07","26.333","89.467","43.0","COOCH BEHAR, IN","  616",",,I",,,,,,
"IN024041000","1970-08-08","26.333","89.467","43.0","COOCH BEHAR, IN","    4",",,I",,,,,,
"IN024041000","1970-08-09","26.333","89.467","43.0","COOCH BEHAR, IN","  468",",,I",,,,,,
"IN024041000","1970-08-10","26.333","89.467","43.0","COOCH BEHAR, IN","   14",",,I",,,,,,
"IN024041000","1970-08-11","26.333","89.467","43.0","COOCH BEHAR, IN","    0",",,I",,,,,,
"IN024041000","1970-08-12","26.333","89.467","43.0","COOCH BEHAR, IN","   63",",,I",,,,,,
"IN024041000","1970-08-13","26.333","89.467","43.0","COOCH BEHAR, IN","   85",",,I",,,,,,
"IN024041000","1970-08-14","26.333","89.467","43.0","COOCH BEHAR, IN","   14",",,I",,,,,,
"IN024041000","1970-08-15","26.333","89.467","43.0","COOCH BEHAR, IN","    0",",,I",,,,,,
"IN024041000","1970-08-16","26.333","89.467","43.0","COOCH BEHAR, IN","    0",",,I",,,,,,
"IN024041000","1970-08-17","26.333","89.467","43.0","COOCH BEHAR, IN","    0",",,I",,,,,,
"IN024041000","1970-08-18","26.333","89.467","43.0","COOCH BEHAR, IN","    0",",,I",,,,,,
"IN024041000","1970-08-19","26.333","89.467","43.0","COOCH BEHAR, IN","    0",",,I",,,,,,
"IN024041000","1970-08-20","26.333","89.467","43.0","COOCH BEHAR, IN","    0",",,I",,,,,,
"IN024041000","1970-08-21","26.333","89.467","43.0","COOCH BEHAR, IN","    0",",,I",,,,,,
"IN024041000","1970-08-22","26.333","89.467","43.0","COOCH BEHAR, IN","  237",",,I",,,,,,
"IN024041000","1970-08-23","26.333","89.467","43.0","COOCH BEHAR, IN","    0",",,I",,,,,,
"IN024041000","1970-08-24","26.333","89.467","43.0","COOCH BEHAR, IN","    0",",,I",,,,,,
"IN024041000","1970-08-25","26.333","89.467","43.0","COOCH BEHAR, IN","  175",",,I",,,,,,
"IN024041000","1970-08-26","26.333","89.467","43.0","COOCH BEHAR, IN","    0",",,I",,,,,,
"IN024041000","1970-08-27","26.333","89.467","43.0","COOCH BEHAR, IN","    5",",,I",,,,,,
"IN024041000","1970-08-28","26.333","89.467","43.0","COOCH BEHAR, IN","   85",",,I",,,,,,
"IN024041000","1970-08-29","26.333","89.467","43.0","COOCH BEHAR, IN","   45",",,I",,,,,,
"IN024041000","1970-08-30","26.333","89.467","43.0","COOCH BEHAR, IN","   81",",,I",,,,,,
"IN024041000","1970-08-31","26.333","89.467","43.0","COOCH BEHAR, IN","    0",",,I",,,,,,
"IN024041000","1970-09-01","26.333","89.467","43.0","COOCH BEHAR, IN","   36",",,I",,,,,,
"IN024041000","1970-09-02","26.333","89.467","43.0","COOCH BEHAR, IN","    0",",,I",,,,,,
"IN024041000","1970-09-03","26.333","89.467","43.0","COOCH BEHAR, IN","    0",",,I",,,,,,
"IN024041000","1970-09-04","26.333","89.467","43.0","COOCH BEHAR, IN","    0",",,I",,,,,,
"IN024041000","1970-09-05","26.333","89.467","43.0","COOCH BEHAR, IN","    3",",,I",,,,,,
"IN024041000","1970-09-06","26.333","89.467","43.0","COOCH BEHAR, IN","  162",",,I",,,,,,
"IN024041000","1970-09-07","26.333","89.467","43.0","COOCH BEHAR, IN","    0",",,I",,,,,,
"IN024041000","1970-09-08","26.333","89.467","43.0","COOCH BEHAR, IN","    0",",,I",,,,,,
"IN024041000","1970-09-09","26.333","89.467","43.0","COOCH BEHAR, IN","    0",",,I",,,,,,
"IN024041000","1970-09-10","26.333","89.467","43.0","COOCH BEHAR, IN","    0",",,I",,,,,,
"IN024041000","1970-09-11","26.333","89.467","43.0","COOCH BEHAR, IN","   10",",,I",,,,,,
"IN024041000","1970-09-12","26.333","89.467","43.0","COOCH BEHAR, IN","  156",",,I",,,,,,
"IN024041000","1970-09-13","26.333","89.467","43.0","COOCH BEHAR, IN","  400",",,I",,,,,,
"IN024041000","1970-09-14","26.333","89.467","43.0","COOCH BEHAR, IN","  474",",,I",,,,,,
"IN024041000","1970-09-15","26.333","89.467","43.0","COOCH BEHAR, IN","  469",",,I",,,,,,
"IN024041000","1970-09-16","26.333","89.467","43.0","COOCH BEHAR, IN","  297",",,I",,,,,,
"IN024041000","1970-09-17","26.333","89.467","43.0","COOCH BEHAR, IN","  407",",,I",,,,,,
"IN024041000","1970-09-18","26.333","89.467","43.0","COOCH BEHAR, IN","   94",",,I",,,,,,
"IN024041000","1970-09-19","26.333","89.467","43.0","COOCH BEHAR, IN","   22",",,I",,,,,,
"IN024041000","1970-09-20","26.333","89.467","43.0","COOCH BEHAR, IN","  358",",,I",,,,,,
"IN024041000","1970-09-21","26.333","89.467","43.0","COOCH BEHAR, IN","    0",",,I",,,,,,
"IN024041000","1970-09-22","26.333","89.467","43.0","COOCH BEHAR, IN","    0",",,I",,,,,,
"IN024041000","1970-09-23","26.333","89.467","43.0","COOCH BEHAR, IN","   93",",,I",,,,,,
"IN024041000","1970-09-24","26.333","89.467","43.0","COOCH BEHAR, IN","   54",",,I",,,,,,
"IN024041000","1970-09-25","26.333","89.467","43.0","COOCH BEHAR, IN","  706",",,I",,,,,,
"IN024041000","1970-09-26","26.333","89.467","43.0","COOCH BEHAR, IN"," 1482",",,I",,,,,,
"IN024041000","1970-09-27","26.333","89.467","43.0","COOCH BEHAR, IN"," 4173",",,I",,,,,,
"IN024041000","1970-09-28","26.333","89.467","43.0","COOCH BEHAR, IN"," 1574",",,I",,,,,,
"IN024041000","1970-09-29","26.333","89.467","43.0","COOCH BEHAR, IN","  158",",,I",,,,,,
"IN024041000","1970-09-30","26.333","89.467","43.0","COOCH BEHAR, IN","  191",",,I",,,,,,
"IN024041000","1970-10-01","26.333","89.467","43.0","COOCH BEHAR, IN","   34",",,I",,,,,,
"IN024041000","1970-10-02","26.333","89.467","43.0","COOCH BEHAR, IN","    2",",,I",,,,,,
"IN024041000","1970-10-03","26.333","89.467","43.0","COOCH BEHAR, IN","    0",",,I",,,,,,
"IN024041000","1970-10-04","26.333","89.467","43.0","COOCH BEHAR, IN","    0",",,I",,,,,,
"IN024041000","1970-10-05","26.333","89.467","43.0","COOCH BEHAR, IN","    0",",,I",,,,,,
"IN024041000","1970-10-06","26.333","89.467","43.0","COOCH BEHAR, IN","    0",",,I",,,,,,
"IN024041000","1970-10-07","26.333","89.467","43.0","COOCH BEHAR, IN","    0",",,I",,,,,,
"IN024041000","1970-10-08","26.333","89.467","43.0","COOCH BEHAR, IN","  750",",,I",,,,,,
"IN024041000","1970-10-09","26.333","89.467","43.0","COOCH BEHAR, IN","    0",",,I",,,,,,
"IN024041000","1970-10-10","26.333","89.467","43.0","COOCH BEHAR, IN","    4",",,I",,,,,,
"IN024041000","1970-10-11","26.333","89.467","43.0","COOCH BEHAR, IN","    0",",,I",,,,,,
"IN024041000","1970-10-12","26.333","89.467","43.0","COOCH BEHAR, IN","    0",",,I",,,,,,
"IN024041000","1970-10-13","26.333","89.467","43.0","COOCH BEHAR, IN","    0",",,I",,,,,,
"IN024041000","1970-10-14","26.333","89.467","43.0","COOCH BEHAR, IN","    0",",,I",,,,,,
"IN024041000","1970-10-15","26.333","89.467","43.0","COOCH BEHAR, IN","    0",",,I",,,,,,
"IN024041000","1970-10-16","26.333","89.467","43.0","COOCH BEHAR, IN","    0",",,I",,,,,,
"IN024041000","1970-10-17","26.333","89.467","43.0","COOCH BEHAR, IN","    0",",,I",,,,,,
"IN024041000","1970-10-18","26.333","89.467","43.0","COOCH BEHAR, IN","    0",",,I",,,,,,
"IN024041000","1970-10-19","26.333","89.467","43.0","COOCH BEHAR, IN","    0",",,I",,,,,,
"IN024041000","1970-10-20","26.333","89.467","43.0","COOCH BEHAR, IN","    0",",,I",,,,,,
"IN024041000","1970-10-21","26.333","89.467","43.0","COOCH BEHAR, IN","    0",",,I",,,,,,
"IN024041000","1970-10-22","26.333","89.467","43.0","COOCH BEHAR, IN","    0",",,I",,,,,,
"IN024041000","1970-10-23","26.333","89.467","43.0","COOCH BEHAR, IN","    0",",,I",,,,,,
"IN024041000","1970-10-24","26.333","89.467","43.0","COOCH BEHAR, IN","   63",",,I",,,,,,
"IN024041000","1970-10-25","26.333","89.467","43.0","COOCH BEHAR, IN","    0",",,I",,,,,,
"IN024041000","1970-10-26","26.333","89.467","43.0","COOCH BEHAR, IN","    0",",,I",,,,,,
"IN024041000","1970-10-27","26.333","89.467","43.0","COOCH BEHAR, IN","    0",",,I",,,,,,
"IN024041000","1970-10-28","26.333","89.467","43.0","COOCH BEHAR, IN","    0",",,I",,,,,,
"IN024041000","1970-10-29","26.333","89.467","43.0","COOCH BEHAR, IN","    0",",,I",,,,,,
"IN024041000","1970-10-30","26.333","89.467","43.0","COOCH BEHAR, IN","    0",",,I",,,,,,
"IN024041000","1970-10-31","26.333","89.467","43.0","COOCH BEHAR, IN","    0",",,I",,,,,,
"IN024041000","1970-11-01","26.333","89.467","43.0","COOCH BEHAR, IN","    0",",,I",,,,,,
"IN024041000","1970-11-02","26.333","89.467","43.0","COOCH BEHAR, IN","    0",",,I",,,,,,
"IN024041000","1970-11-03","26.333","89.467","43.0","COOCH BEHAR, IN","    0",",,I",,,,,,
"IN024041000","1970-11-04","26.333","89.467","43.0","COOCH BEHAR, IN","    0",",,I",,,,,,
"IN024041000","1970-11-05","26.333","89.467","43.0","COOCH BEHAR, IN","    0",",,I",,,,,,
"IN024041000","1970-11-06","26.333","89.467","43.0","COOCH BEHAR, IN","    0",",,I",,,,,,
"IN024041000","1970-11-07","26.333","89.467","43.0","COOCH BEHAR, IN","    0",",,I",,,,,,
"IN024041000","1970-11-08","26.333","89.467","43.0","COOCH BEHAR, IN","    0",",,I",,,,,,
"IN024041000","1970-11-09","26.333","89.467","43.0","COOCH BEHAR, IN","    0",",,I",,,,,,
"IN024041000","1970-11-10","26.333","89.467","43.0","COOCH BEHAR, IN","    0",",,I",,,,,,
"IN024041000","1970-11-11","26.333","89.467","43.0","COOCH BEHAR, IN","    0",",,I",,,,,,
"IN024041000","1970-11-12","26.333","89.467","43.0","COOCH BEHAR, IN","    0",",,I",,,,,,
"IN024041000","1970-11-13","26.333","89.467","43.0","COOCH BEHAR, IN","    6",",,I",,,,,,
"IN024041000","1970-11-14","26.333","89.467","43.0","COOCH BEHAR, IN","    0",",,I",,,,,,
"IN024041000","1970-11-15","26.333","89.467","43.0","COOCH BEHAR, IN","    0",",,I",,,,,,
"IN024041000","1970-11-16","26.333","89.467","43.0","COOCH BEHAR, IN","    0",",,I",,,,,,
"IN024041000","1970-11-17","26.333","89.467","43.0","COOCH BEHAR, IN","    0",",,I",,,,,,
"IN024041000","1970-11-18","26.333","89.467","43.0","COOCH BEHAR, IN","    0",",,I",,,,,,
"IN024041000","1970-11-19","26.333","89.467","43.0","COOCH BEHAR, IN","    0",",,I",,,,,,
"IN024041000","1970-11-20","26.333","89.467","43.0","COOCH BEHAR, IN","    0",",,I",,,,,,
"IN024041000","1970-11-21","26.333","89.467","43.0","COOCH BEHAR, IN","    0",",,I",,,,,,
"IN024041000","1970-11-22","26.333","89.467","43.0","COOCH BEHAR, IN","    0",",,I",,,,,,
"IN024041000","1970-11-23","26.333","89.467","43.0","COOCH BEHAR, IN","    0",",,I",,,,,,
"IN024041000","1970-11-24","26.333","89.467","43.0","COOCH BEHAR, IN","    0",",,I",,,,,,
"IN024041000","1970-11-25","26.333","89.467","43.0","COOCH BEHAR, IN","    0",",,I",,,,,,
"IN024041000","1970-11-26","26.333","89.467","43.0","COOCH BEHAR, IN","    0",",,I",,,,,,
"IN024041000","1970-11-27","26.333","89.467","43.0","COOCH BEHAR, IN","    0",",,I",,,,,,
"IN024041000","1970-11-28","26.333","89.467","43.0","COOCH BEHAR, IN","    0",",,I",,,,,,
"IN024041000","1970-11-29","26.333","89.467","43.0","COOCH BEHAR, IN","    0",",,I",,,,,,
"IN024041000","1970-11-30","26.333","89.467","43.0","COOCH BEHAR, IN","    0",",,I",,,,,,
"IN024041000","1970-12-01","26.333","89.467","43.0","COOCH BEHAR, IN","    0",",,I",,,,,,
"IN024041000","1970-12-02","26.333","89.467","43.0","COOCH BEHAR, IN","    0",",,I",,,,,,
"IN024041000","1970-12-03","26.333","89.467","43.0","COOCH BEHAR, IN","    0",",,I",,,,,,
"IN024041000","1970-12-04","26.333","89.467","43.0","COOCH BEHAR, IN","    0",",,I",,,,,,
"IN024041000","1970-12-05","26.333","89.467","43.0","COOCH BEHAR, IN","    0",",,I",,,,,,
"IN024041000","1970-12-06","26.333","89.467","43.0","COOCH BEHAR, IN","    0",",,I",,,,,,
"IN024041000","1970-12-07","26.333","89.467","43.0","COOCH BEHAR, IN","    0",",,I",,,,,,
"IN024041000","1970-12-08","26.333","89.467","43.0","COOCH BEHAR, IN","    0",",,I",,,,,,
"IN024041000","1970-12-09","26.333","89.467","43.0","COOCH BEHAR, IN","    0",",,I",,,,,,
"IN024041000","1970-12-10","26.333","89.467","43.0","COOCH BEHAR, IN","    0",",,I",,,,,,
"IN024041000","1970-12-11","26.333","89.467","43.0","COOCH BEHAR, IN","    0",",,I",,,,,,
"IN024041000","1970-12-12","26.333","89.467","43.0","COOCH BEHAR, IN","    0",",,I",,,,,,
"IN024041000","1970-12-13","26.333","89.467","43.0","COOCH BEHAR, IN","    0",",,I",,,,,,
"IN024041000","1970-12-14","26.333","89.467","43.0","COOCH BEHAR, IN","    0",",,I",,,,,,
"IN024041000","1970-12-15","26.333","89.467","43.0","COOCH BEHAR, IN","    0",",,I",,,,,,
"IN024041000","1970-12-16","26.333","89.467","43.0","COOCH BEHAR, IN","    0",",,I",,,,,,
"IN024041000","1970-12-17","26.333","89.467","43.0","COOCH BEHAR, IN","    0",",,I",,,,,,
"IN024041000","1970-12-18","26.333","89.467","43.0","COOCH BEHAR, IN","    0",",,I",,,,,,
"IN024041000","1970-12-19","26.333","89.467","43.0","COOCH BEHAR, IN","    0",",,I",,,,,,
"IN024041000","1970-12-20","26.333","89.467","43.0","COOCH BEHAR, IN","    0",",,I",,,,,,
"IN024041000","1970-12-21","26.333","89.467","43.0","COOCH BEHAR, IN","    0",",,I",,,,,,
"IN024041000","1970-12-22","26.333","89.467","43.0","COOCH BEHAR, IN","    0",",,I",,,,,,
"IN024041000","1970-12-23","26.333","89.467","43.0","COOCH BEHAR, IN","    0",",,I",,,,,,
"IN024041000","1970-12-24","26.333","89.467","43.0","COOCH BEHAR, IN","    0",",,I",,,,,,
"IN024041000","1970-12-25","26.333","89.467","43.0","COOCH BEHAR, IN","    0",",,I",,,,,,
"IN024041000","1970-12-26","26.333","89.467","43.0","COOCH BEHAR, IN","    0",",,I",,,,,,
"IN024041000","1970-12-27","26.333","89.467","43.0","COOCH BEHAR, IN","    0",",,I",,,,,,
"IN024041000","1970-12-28","26.333","89.467","43.0","COOCH BEHAR, IN","    0",",,I",,,,,,
"IN024041000","1970-12-29","26.333","89.467","43.0","COOCH BEHAR, IN","    0",",,I",,,,,,
"IN024041000","1970-12-30","26.333","89.467","43.0","COOCH BEHAR, IN","    0",",,I",,,,,,
"IN024041000","1970-12-31","26.333","89.467","43.0","COOCH BEHAR, IN","    0",",,I",,,,,,
"IN024041000","2019-06-01","26.333","89.467","43.0","COOCH BEHAR, IN",,,"  327",",,S","  228",",,S","  308","H,,S"
"IN024041000","2019-06-02","26.333","89.467","43.0","COOCH BEHAR, IN","   20",",,S","  279",",,S","  231",",,S","  262","H,,S"
"IN024041000","2019-06-03","26.333","89.467","43.0","COOCH BEHAR, IN","  109",",,S",,,"  226",",,S","  293","H,,S"
"IN024041000","2019-06-04","26.333","89.467","43.0","COOCH BEHAR, IN","    0",",,S","  321",",,S","  231",",,S","  297","H,,S"
"IN024041000","2019-06-05","26.333","89.467","43.0","COOCH BEHAR, IN",,,"  337",",,S","  241",",,S","  321","H,,S"
"IN024041000","2019-06-06","26.333","89.467","43.0","COOCH BEHAR, IN",,,"  349",",,S","  244",",,S","  323","H,,S"
"IN024041000","2019-06-07","26.333","89.467","43.0","COOCH BEHAR, IN","    5",",,S","  351",",,S","  251",",,S","  330","H,,S"
"IN024041000","2019-06-08","26.333","89.467","43.0","COOCH BEHAR, IN","   20",",,S","  348",",,S","  255",",,S","  318","H,,S"
"IN024041000","2019-06-09","26.333","89.467","43.0","COOCH BEHAR, IN","    0",",,S","  352",",,S","  259",",,S","  327","H,,S"
"IN024041000","2019-06-10","26.333","89.467","43.0","COOCH BEHAR, IN","   30",",,S","  341",",,S","  230",",,S","  299","H,,S"
"IN024041000","2019-06-11","26.333","89.467","43.0","COOCH BEHAR, IN","  820",",,S","  323",",,S","  221",",,S","  288","H,,S"
"IN024041000","2019-06-12","26.333","89.467","43.0","COOCH BEHAR, IN","    0",",,S","  361",",,S","  257",",,S","  337","H,,S"
"IN024041000","2019-06-13","26.333","89.467","43.0","COOCH BEHAR, IN",,,"  377",",,S","  266",",,S","  351","H,,S"
"IN024041000","2019-06-14","26.333","89.467","43.0","COOCH BEHAR, IN",,,"  358",",,S","  277",",,S","  331","H,,S"
"IN024041000","2019-06-15","26.333","89.467","43.0","COOCH BEHAR, IN","  589",",,S","  316",",,S","  221",",,S","  286","H,,S"
"IN024041000","2019-06-16","26.333","89.467","43.0","COOCH BEHAR, IN","    0",",,S","  323",",,S","  258",",,S","  293","H,,S"
"IN024041000","2019-06-17","26.333","89.467","43.0","COOCH BEHAR, IN","  221",",,S","  316",",,S","  243",",,S","  289","H,,S"
"IN024041000","2019-06-18","26.333","89.467","43.0","COOCH BEHAR, IN","  150",",,S","  340",",,S","  248",",,S","  298","H,,S"
"IN024041000","2019-06-19","26.333","89.467","43.0","COOCH BEHAR, IN","   10",",,S","  370",",,S","  267",",,S","  345","H,,S"
"IN024041000","2019-06-20","26.333","89.467","43.0","COOCH BEHAR, IN","    0",",,S","  340",",,S",,,"  302","H,,S"
"IN024041000","2019-06-21","26.333","89.467","43.0","COOCH BEHAR, IN","   51",",,S","  356",",,S",,,"  302","H,,S"
"IN024041000","2019-06-22","26.333","89.467","43.0","COOCH BEHAR, IN","   30",",,S","  345",",,S","  265",",,S","  319","H,,S"
"IN024041000","2019-06-23","26.333","89.467","43.0","COOCH BEHAR, IN","    0",",,S","  351",",,S","  274",",,S","  321","H,,S"
"IN024041000","2019-06-24","26.333","89.467","43.0","COOCH BEHAR, IN","  160",",,S","  361",",,S","  282",",,S","  342","H,,S"
"IN024041000","2019-06-25","26.333","89.467","43.0","COOCH BEHAR, IN","  300",",,S","  315",",,S","  248",",,S","  279","H,,S"
"IN024041000","2019-06-26","26.333","89.467","43.0","COOCH BEHAR, IN","  770",",,S","  258",",,S","  245",",,S","  253","H,,S"
"IN024041000","2019-06-27","26.333","89.467","43.0","COOCH BEHAR, IN","  109",",,S","  304",",,S","  246",",,S","  284","H,,S"
"IN024041000","2019-06-28","26.333","89.467","43.0","COOCH BEHAR, IN","  279",",,S","  328",",,S","  263",",,S","  296","H,,S"
"IN024041000","2019-06-29","26.333","89.467","43.0","COOCH BEHAR, IN","   41",",,S","  302",",,S","  251",",,S","  282","H,,S"
"IN024041000","2019-06-30","26.333","89.467","43.0","COOCH BEHAR, IN","    0",",,S","  350",",,S","  249",",,S","  330","H,,S"
"IN024041000","2019-07-01","26.333","89.467","43.0","COOCH BEHAR, IN",,,"  358",",,S","  256",",,S","  328","H,,S"
"IN024041000","2019-07-02","26.333","89.467","43.0","COOCH BEHAR, IN","  109",",,S","  350",",,S","  251",",,S","  326","H,,S"
"IN024041000","2019-07-03","26.333","89.467","43.0","COOCH BEHAR, IN","    0",",,S","  343",",,S","  266",",,S","  324","H,,S"
"IN024041000","2019-07-04","26.333","89.467","43.0","COOCH BEHAR, IN","   89",",,S","  351",",,S","  271",",,S","  337","H,,S"
"IN024041000","2019-07-05","26.333","89.467","43.0","COOCH BEHAR, IN","    3",",,S","  352",",,S","  280",",,S","  320","H,,S"
"IN024041000","2019-07-06","26.333","89.467","43.0","COOCH BEHAR, IN","   10",",,S","  337",",,S","  266",",,S","  320","H,,S"
"IN024041000","2019-07-07","26.333","89.467","43.0","COOCH BEHAR, IN","  371",",,S","  320",",,S","  252",",,S","  292","H,,S"
"IN024041000","2019-07-08","26.333","89.467","43.0","COOCH BEHAR, IN","  391",",,S","  294",",,S","  256",",,S","  276","H,,S"
"IN024041000","2019-07-09","26.333","89.467","43.0","COOCH BEHAR, IN","  569",",,S","  286",",,S","  258",",,S","  272","H,,S"
"IN024041000","2019-07-10","26.333","89.467","43.0","COOCH BEHAR, IN","  701",",,S","  284",",,S","  251",",,S","  273","H,,S"
"IN024041000","2019-07-11","26.333","89.467","43.0","COOCH BEHAR, IN","  290",",,S","  272",",,S","  253",",,S","  263","H,,S"
"IN024041000","2019-07-12","26.333","89.467","43.0","COOCH BEHAR, IN","   89",",,S","  288",",,S","  251",",,S","  266","H,,S"
"IN024041000","2019-07-13","26.333","89.467","43.0","COOCH BEHAR, IN"," 1971",",,S","  303",",,S",,,"  271","H,,S"
"IN024041000","2019-07-14","26.333","89.467","43.0","COOCH BEHAR, IN"," 1110",",,S","  295",",,S","  242",",,S","  269","H,,S"
"IN024041000","2019-07-15","26.333","89.467","43.0","COOCH BEHAR, IN","  899",",,S","  286",",,S","  242",",,S","  264","H,,S"
"IN024041000","2019-07-16","26.333","89.467","43.0","COOCH BEHAR, IN","   20",",,S","  333",",,S","  251",",,S","  305","H,,S"
"IN024041000","2019-07-17","26.333","89.467","43.0","COOCH BEHAR, IN","   30",",,S","  347",",,S","  252",",,S","  319","H,,S"
"IN024041000","2019-07-18","26.333","89.467","43.0","COOCH BEHAR, IN","    0",",,S","  327",",,S","  264",",,S","  298","H,,S"
"IN024041000","2019-07-19","26.333","89.467","43.0","COOCH BEHAR, IN","  259",",,S","  346",",,S","  256",",,S","  317","H,,S"
"IN024041000","2019-07-20","26.333","89.467","43.0","COOCH BEHAR, IN","   10",",,S","  350",",,S","  270",",,S","  308","H,,S"
"IN024041000","2019-07-21","26.333","89.467","43.0","COOCH BEHAR, IN","  460",",,S","  336",",,S","  256",",,S","  297","H,,S"
"IN024041000","2019-07-22","26.333","89.467","43.0","COOCH BEHAR, IN"," 1770",",,S","  261",",,S","  250",",,S","  255","H,,S"
"IN024041000","2019-07-23","26.333","89.467","43.0","COOCH BEHAR, IN","  950",",,S","  271",",,S","  250",",,S","  259","H,,S"
"IN024041000","2019-07-24","26.333","89.467","43.0","COOCH BEHAR, IN","  729",",,S","  276",",,S","  257",",,S","  266","H,,S"
"IN024041000","2019-07-25","26.333","89.467","43.0","COOCH BEHAR, IN","  180",",,S","  328",",,S","  256",",,S","  299","H,,S"
"IN024041000","2019-07-26","26.333","89.467","43.0","COOCH BEHAR, IN","    0",",,S","  338",",,S","  261",",,S","  308","H,,S"
"IN024041000","2019-07-27","26.333","89.467","43.0","COOCH BEHAR, IN","    0",",,S","  331",",,S","  259",",,S","  304","H,,S"
"IN024041000","2019-07-28","26.333","89.467","43.0","COOCH BEHAR, IN","    0",",,S","  339",",,S","  268",",,S","  321","H,,S"
"IN024041000","2019-07-29","26.333","89.467","43.0","COOCH BEHAR, IN","  290",",,S","  341",",,S","  249",",,S","  322","H,,S"
"IN024041000","2019-07-30","26.333","89.467","43.0","COOCH BEHAR, IN","    0",",,S","  345",",,S","  267",",,S","  312","H,,S"
"IN024041000","2019-07-31","26.333","89.467","43.0","COOCH BEHAR, IN","   30",",,S","  314",",,S","  272",",,S","  292","H,,S"
"IN024041000","2019-08-01","26.333","89.467","43.0","COOCH BEHAR, IN","    0",",,S","  333",",,S","  265",",,S","  314","H,,S"
"IN024041000","2019-08-02","26.333","89.467","43.0","COOCH BEHAR, IN","    0",",,S","  351",",,S","  268",",,S","  328","H,,S"
"IN024041000","2019-08-03","26.333","89.467","43.0","COOCH BEHAR, IN",,,"  351",",,S","  275",",,S","  326","H,,S"
"IN024041000","2019-08-04","26.333","89.467","43.0","COOCH BEHAR, IN",,,"  365",",,S","  276",",,S","  333","H,,S"
"IN024041000","2019-08-05","26.333","89.467","43.0","COOCH BEHAR, IN","    3",",,S","  361",",,S",,,"  309","H,,S"
"IN024041000","2019-08-06","26.333","89.467","43.0","COOCH BEHAR, IN","    8",",,S","  373",",,S","  278",",,S","  341","H,,S"
"IN024041000","2019-08-07","26.333","89.467","43.0","COOCH BEHAR, IN","  180",",,S","  356",",,S","  262",",,S","  324","H,,S"
"IN024041000","2019-08-08","26.333","89.467","43.0","COOCH BEHAR, IN","  119",",,S","  336",",,S","  266",",,S","  303","H,,S"
"IN024041000","2019-08-09","26.333","89.467","43.0","COOCH BEHAR, IN","    0",",,S","  349",",,S","  267",",,S","  319","H,,S"
"IN024041000","2019-08-10","26.333","89.467","43.0","COOCH BEHAR, IN","   51",",,S","  343",",,S","  268",",,S","  311","H,,S"
"IN024041000","2019-08-11","26.333","89.467","43.0","COOCH BEHAR, IN","    0",",,S","  365",",,S","  277",",,S","  334","H,,S"
"IN024041000","2019-08-12","26.333","89.467","43.0","COOCH BEHAR, IN",,,"  376",",,S","  279",",,S","  343","H,,S"
"IN024041000","2019-08-13","26.333","89.467","43.0","COOCH BEHAR, IN","  399",",,S","  348",",,S","  253",",,S","  318","H,,S"
"IN024041000","2019-08-14","26.333","89.467","43.0","COOCH BEHAR, IN","  211",",,S","  338",",,S","  262",",,S","  308","H,,S"
"IN024041000","2019-08-15","26.333","89.467","43.0","COOCH BEHAR, IN","    0",",,S","  340",",,S","  271",",,S","  307","H,,S"
"IN024041000","2019-08-16","26.333","89.467","43.0","COOCH BEHAR, IN","  450",",,S","  296",",,S",,,"  271","H,,S"
"IN024041000","2019-08-17","26.333","89.467","43.0","COOCH BEHAR, IN","  391",",,S","  336",",,S","  261",",,S","  311","H,,S"
"IN024041000","2019-08-18","26.333","89.467","43.0","COOCH BEHAR, IN","    0",",,S","  342",",,S","  266",",,S","  317","H,,S"
"IN024041000","2019-08-19","26.333","89.467","43.0","COOCH BEHAR, IN",,,"  343",",,S","  271",",,S","  318","H,,S"
"IN024041000","2019-08-20","26.333","89.467","43.0","COOCH BEHAR, IN",,,"  353",",,S","  272",",,S","  323","H,,S"
"IN024041000","2019-08-21","26.333","89.467","43.0","COOCH BEHAR, IN",,,"  359",",,S","  265",",,S","  332","H,,S"
"IN024041000","2019-08-22","26.333","89.467","43.0","COOCH BEHAR, IN",,,"  366",",,S","  274",",,S","  337","H,,S"
"IN024041000","2019-08-23","26.333","89.467","43.0","COOCH BEHAR, IN",,,"  336",",,S","  280",",,S","  310","H,,S"
"IN024041000","2019-08-24","26.333","89.467","43.0","COOCH BEHAR, IN","   51",",,S","  343",",,S","  260",",,S","  313","H,,S"
"IN024041000","2019-08-25","26.333","89.467","43.0","COOCH BEHAR, IN","  130",",,S","  351",",,S","  257",",,S","  321","H,,S"
"IN024041000","2019-08-26","26.333","89.467","43.0","COOCH BEHAR, IN","    0",",,S","  363",",,S","  266",",,S","  339","H,,S"
"IN024041000","2019-08-27","26.333","89.467","43.0","COOCH BEHAR, IN",,,"  355",",,S","  271",",,S","  332","H,,S"
"IN024041000","2019-08-28","26.333","89.467","43.0","COOCH BEHAR, IN",,,"  362",",,S",,,"  322","H,,S"
"IN024041000","2019-08-29","26.333","89.467","43.0","COOCH BEHAR, IN","   61",",,S","  356",",,S","  266",",,S","  328","H,,S"
"IN024041000","2019-08-30","26.333","89.467","43.0","COOCH BEHAR, IN","    0",",,S","  349",",,S","  271",",,S","  328","H,,S"
"IN024041000","2019-08-31","26.333","89.467","43.0","COOCH BEHAR, IN",,,"  300",",,S","  262",",,S","  276","H,,S"
"IN024041000","2019-09-01","26.333","89.467","43.0","COOCH BEHAR, IN",,,"  364",",,S","  251",",,S","  328","H,,S"
"IN024041000","2019-09-02","26.333","89.467","43.0","COOCH BEHAR, IN",,,"  365",",,S","  264",",,S","  334","H,,S"
"IN024041000","2019-09-03","26.333","89.467","43.0","COOCH BEHAR, IN","   51",",,S","  346",",,S","  251",",,S","  312","H,,S"
"IN024041000","2019-09-04","26.333","89.467","43.0","COOCH BEHAR, IN","  610",",,S","  326",",,S","  246",",,S","  294","H,,S"
"IN024041000","2019-09-05","26.333","89.467","43.0","COOCH BEHAR, IN","    3",",,S","  351",",,S","  266",",,S","  322","H,,S"
"IN024041000","2019-09-06","26.333","89.467","43.0","COOCH BEHAR, IN","    0",",,S","  377",",,S","  268",",,S","  323","H,,S"
"IN024041000","2019-09-07","26.333","89.467","43.0","COOCH BEHAR, IN",,,"  344",",,S","  271",",,S","  323","H,,S"
"IN024041000","2019-09-08","26.333","89.467","43.0","COOCH BEHAR, IN","    0",",,S","  341",",,S","  266",",,S","  308","H,,S"
"IN024041000","2019-09-09","26.333","89.467","43.0","COOCH BEHAR, IN","    3",",,S","  316",",,S","  264",",,S","  293","H,,S"
"IN024041000","2019-09-10","26.333","89.467","43.0","COOCH BEHAR, IN","    0",",,S","  343",",,S","  262",",,S","  310","H,,S"
"IN024041000","2019-09-11","26.333","89.467","43.0","COOCH BEHAR, IN","   71",",,S","  296",",,S","  271",",,S","  283","H,,S"
"IN024041000","2019-09-12","26.333","89.467","43.0","COOCH BEHAR, IN","  140",",,S","  328",",,S","  268",",,S","  296","H,,S"
"IN024041000","2019-09-13","26.333","89.467","43.0","COOCH BEHAR, IN","   20",",,S","  298",",,S",,,"  277","H,,S"
"IN024041000","2019-09-14","26.333","89.467","43.0","COOCH BEHAR, IN","  660",",,S","  346",",,S","  255",",,S","  276","H,,S"
"IN024041000","2019-09-15","26.333","89.467","43.0","COOCH BEHAR, IN","  140",",,S","  293",",,S","  256",",,S","  281","H,,S"
"IN024041000","2019-09-16","26.333","89.467","43.0","COOCH BEHAR, IN","    3",",,S","  295",",,S","  256",",,S","  282","H,,S"
"IN024041000","2019-09-17","26.333","89.467","43.0","COOCH BEHAR, IN","  340",",,S",,,"  252",",,S","  274","H,,S"
"IN024041000","2019-09-18","26.333","89.467","43.0","COOCH BEHAR, IN","  130",",,S","  340",",,S","  250",",,S","  312","H,,S"
"IN024041000","2019-09-19","26.333","89.467","43.0","COOCH BEHAR, IN","    0",",,S",,,"  252",",,S","  328","H,,S"
"IN024041000","2019-09-20","26.333","89.467","43.0","COOCH BEHAR, IN","    0",",,S","  351",",,S","  251",",,S","  314","H,,S"
"IN024041000","2019-09-21","26.333","89.467","43.0","COOCH BEHAR, IN","    0",",,S",,,"  256",",,S","  312","H,,S"
"IN024041000","2019-09-22","26.333","89.467","43.0","COOCH BEHAR, IN","   41",",,S",,,"  256",",,S","  298","H,,S"
"IN024041000","2019-09-23","26.333","89.467","43.0","COOCH BEHAR, IN","   99",",,S",,,"  246",",,S","  269","H,,S"
"IN024041000","2019-09-24","26.333","89.467","43.0","COOCH BEHAR, IN","  620",",,S",,,"  232",",,S","  267","H,,S"
"IN024041000","2019-09-25","26.333","89.467","43.0","COOCH BEHAR, IN","  711",",,S",,,"  226",",,S","  247","H,,S"
"IN024041000","2019-09-26","26.333","89.467","43.0","COOCH BEHAR, IN","   89",",,S",,,"  236",",,S","  288","H,,S"
"IN024041000","2019-09-27","26.333","89.467","43.0","COOCH BEHAR, IN","    0",",,S",,,"  236",",,S","  284","H,,S"
"IN024041000","2019-09-28","26.333","89.467","43.0","COOCH BEHAR, IN","   10",",,S",,,,,"  248","H,,S"
"IN024041000","2019-09-29","26.333","89.467","43.0","COOCH BEHAR, IN","  749",",,S",,,"  221",",,S","  248","H,,S"
"IN024041000","2019-09-30","26.333","89.467","43.0","COOCH BEHAR, IN","  239",",,S",,,"  211",",,S","  232","H,,S"
"IN024041000","2019-10-01","26.333","89.467","43.0","COOCH BEHAR, IN","  150",",,S",,,"  221",",,S","  252","H,,S"
"IN024041000","2019-10-02","26.333","89.467","43.0","COOCH BEHAR, IN","    0",",,S",,,"  221",",,S","  288","H,,S"
"IN024041000","2019-10-03","26.333","89.467","43.0","COOCH BEHAR, IN","    0",",,S",,,"  236",",,S","  306","H,,S"
"IN024041000","2019-10-04","26.333","89.467","43.0","COOCH BEHAR, IN",,,"  333",",,S","  260",",,S","  302","H,,S"
"IN024041000","2019-10-05","26.333","89.467","43.0","COOCH BEHAR, IN",,,,,"  249",",,S","  290","H,,S"
"IN024041000","2019-10-06","26.333","89.467","43.0","COOCH BEHAR, IN",,,,,"  249",",,S","  297","H,,S"
"IN024041000","2019-10-07","26.333","89.467","43.0","COOCH BEHAR, IN",,,,,"  246",",,S","  294","H,,S"
"IN024041000","2019-10-08","26.333","89.467","43.0","COOCH BEHAR, IN","  521",",,S",,,"  226",",,S","  257","H,,S"
"IN024041000","2019-10-09","26.333","89.467","43.0","COOCH BEHAR, IN","    3",",,S",,,"  226",",,S","  264","H,,S"
"IN024041000","2019-10-10","26.333","89.467","43.0","COOCH BEHAR, IN","    0",",,S",,,"  216",",,S","  281","H,,S"
"IN024041000","2019-10-11","26.333","89.467","43.0","COOCH BEHAR, IN","    8",",,S",,,"  223",",,S","  283","H,,S"
"IN024041000","2019-10-12","26.333","89.467","43.0","COOCH BEHAR, IN","   99",",,S",,,"  216",",,S","  288","H,,S"
"IN024041000","2019-10-13","26.333","89.467","43.0","COOCH BEHAR, IN","    0",",,S",,,"  218",",,S","  289","H,,S"
"IN024041000","2019-10-14","26.333","89.467","43.0","COOCH BEHAR, IN",,,,,"  206",",,S","  294","H,,S"
"IN024041000","2019-10-15","26.333","89.467","43.0","COOCH BEHAR, IN",,,,,"  204",",,S","  297","H,,S"
"IN024041000","2019-10-16","26.333","89.467","43.0","COOCH BEHAR, IN",,,,,"  206",",,S","  293","H,,S"
"IN024041000","2019-10-17","26.333","89.467","43.0","COOCH BEHAR, IN",,,,,"  211",",,S","  291","H,,S"
"IN024041000","2019-10-18","26.333","89.467","43.0","COOCH BEHAR, IN",,,,,"  206",",,S","  297","H,,S"
"IN024041000","2019-10-19","26.333","89.467","43.0","COOCH BEHAR, IN",,,,,"  214",",,S","  294","H,,S"
"IN024041000","2019-10-20","26.333","89.467","43.0","COOCH BEHAR, IN",,,,,"  221",",,S","  287","H,,S"
"IN024041000","2019-10-21","26.333","89.467","43.0","COOCH BEHAR, IN",,,,,"  222",",,S","  273","H,,S"
"IN024041000","2019-10-22","26.333","89.467","43.0","COOCH BEHAR, IN",,,,,"  231",",,S","  277","H,,S"
"IN024041000","2019-10-23","26.333","89.467","43.0","COOCH BEHAR, IN",,,,,"  200",",,S","  267","H,,S"
"IN024041000","2019-10-24","26.333","89.467","43.0","COOCH BEHAR, IN","    0",",,S",,,"  221",",,S","  247","H,,S"
"IN024041000","2019-10-25","26.333","89.467","43.0","COOCH BEHAR, IN","    0",",,S",,,"  199",",,S","  207","H,,S"
"IN024041000","2019-10-26","26.333","89.467","43.0","COOCH BEHAR, IN","   51",",,S",,,"  196",",,S","  249","H,,S"
"IN024041000","2019-10-27","26.333","89.467","43.0","COOCH BEHAR, IN","    0",",,S",,,"  201",",,S","  253","H,,S"
"IN024041000","2019-10-28","26.333","89.467","43.0","COOCH BEHAR, IN",,,,,"  176",",,S","  273","H,,S"
"IN024041000","2019-10-29","26.333","89.467","43.0","COOCH BEHAR, IN",,,"  314",",,S","  181",",,S","  277","H,,S"
"IN024041000","2019-10-30","26.333","89.467","43.0","COOCH BEHAR, IN",,,,,"  174",",,S","  275","H,,S"
"IN024041000","2019-10-31","26.333","89.467","43.0","COOCH BEHAR, IN",,,,,"  201",",,S","  279","H,,S"
"IN024041000","2019-11-01","26.333","89.467","43.0","COOCH BEHAR, IN","    0",",,S",,,"  195",",,S","  279","H,,S"
"IN024041000","2019-11-02","26.333","89.467","43.0","COOCH BEHAR, IN",,,,,"  187",",,S","  279","H,,S"
"IN024041000","2019-11-03","26.333","89.467","43.0","COOCH BEHAR, IN",,,,,"  173",",,S","  273","H,,S"
"IN024041000","2019-11-04","26.333","89.467","43.0","COOCH BEHAR, IN",,,,,"  176",",,S","  277","H,,S"
"IN024041000","2019-11-05","26.333","89.467","43.0","COOCH BEHAR, IN",,,,,"  172",",,S","  273","H,,S"
"IN024041000","2019-11-06","26.333","89.467","43.0","COOCH BEHAR, IN","  310",",,S",,,"  191",",,S","  262","H,,S"
"IN024041000","2019-11-07","26.333","89.467","43.0","COOCH BEHAR, IN","    0",",,S",,,"  171",",,S","  266","H,,S"
"IN024041000","2019-11-08","26.333","89.467","43.0","COOCH BEHAR, IN",,,,,"  176",",,S","  267","H,,S"
"IN024041000","2019-11-09","26.333","89.467","43.0","COOCH BEHAR, IN",,,,,"  182",",,S","  261","H,,S"
"IN024041000","2019-11-10","26.333","89.467","43.0","COOCH BEHAR, IN",,,,,"  201",",,S","  248","H,,S"
"IN024041000","2019-11-11","26.333","89.467","43.0","COOCH BEHAR, IN",,,,,"  175",",,S","  264","H,,S"
"IN024041000","2019-11-12","26.333","89.467","43.0","COOCH BEHAR, IN",,,,,"  193",",,S","  268","H,,S"
"IN024041000","2019-11-13","26.333","89.467","43.0","COOCH BEHAR, IN",,,,,"  181",",,S","  269","H,,S"
"IN024041000","2019-11-14","26.333","89.467","43.0","COOCH BEHAR, IN",,,,,"  186",",,S","  278","H,,S"
"IN024041000","2019-11-15","26.333","89.467","43.0","COOCH BEHAR, IN",,,,,"  181",",,S","  273","H,,S"
"IN024041000","2019-11-16","26.333","89.467","43.0","COOCH BEHAR, IN",,,,,"  184",",,S","  264","H,,S"
"IN024041000","2019-11-17","26.333","89.467","43.0","COOCH BEHAR, IN",,,,,"  180",",,S","  260","H,,S"
"IN024041000","2019-11-18","26.333","89.467","43.0","COOCH BEHAR, IN",,,,,"  176",",,S","  251","H,,S"
"IN024041000","2019-11-19","26.333","89.467","43.0","COOCH BEHAR, IN",,,"  281",",,S","  171",",,S","  247","H,,S"
"IN024041000","2019-11-20","26.333","89.467","43.0","COOCH BEHAR, IN","    0",",,S",,,"  162",",,S","  240","H,,S"
"IN024041000","2019-11-21","26.333","89.467","43.0","COOCH BEHAR, IN",,,,,"  151",",,S","  243","H,,S"
"IN024041000","2019-11-22","26.333","89.467","43.0","COOCH BEHAR, IN",,,,,"  145",",,S","  248","H,,S"
"IN024041000","2019-11-23","26.333","89.467","43.0","COOCH BEHAR, IN",,,,,"  152",",,S","  248","H,,S"
"IN024041000","2019-11-24","26.333","89.467","43.0","COOCH BEHAR, IN",,,,,"  151",",,S","  236","H,,S"
"IN024041000","2019-11-25","26.333","89.467","43.0","COOCH BEHAR, IN",,,,,"  161",",,S","  230","H,,S"
"IN024041000","2019-11-27","26.333","89.467","43.0","COOCH BEHAR, IN",,,,,"  151",",,S","  251","H,,S"
"IN024041000","2019-11-28","26.333","89.467","43.0","COOCH BEHAR, IN",,,,,"  149",",,S","  251","H,,S"
"IN024041000","2019-11-29","26.333","89.467","43.0","COOCH BEHAR, IN",,,,,"  151",",,S","  248","H,,S"
"IN024041000","2019-11-30","26.333","89.467","43.0","COOCH BEHAR, IN",,,,,"  146",",,S","  242","H,,S"
"IN024041000","2019-12-01","26.333","89.467","43.0","COOCH BEHAR, IN",,,,,"  141",",,S","  229","H,,S"
"IN024041000","2019-12-02","26.333","89.467","43.0","COOCH BEHAR, IN",,,,,"  141",",,S","  227","H,,S"
"IN024041000","2019-12-03","26.333","89.467","43.0","COOCH BEHAR, IN",,,,,"  126",",,S","  221","H,,S"
"IN024041000","2019-12-04","26.333","89.467","43.0","COOCH BEHAR, IN",,,,,"  111",",,S","  219","H,,S"
"IN024041000","2019-12-05","26.333","89.467","43.0","COOCH BEHAR, IN",,,,,"  105",",,S","  232","H,,S"
"IN024041000","2019-12-06","26.333","89.467","43.0","COOCH BEHAR, IN",,,,,"   91",",,S","  216","H,,S"
"IN024041000","2019-12-07","26.333","89.467","43.0","COOCH BEHAR, IN",,,,,"   86",",,S","  213","H,,S"
"IN024041000","2019-12-08","26.333","89.467","43.0","COOCH BEHAR, IN",,,,,"   89",",,S","  218","H,,S"
"IN024041000","2019-12-09","26.333","89.467","43.0","COOCH BEHAR, IN",,,,,"   89",",,S","  218","H,,S"
"IN024041000","2019-12-10","26.333","89.467","43.0","COOCH BEHAR, IN",,,,,"   92",",,S","  206","H,,S"
"IN024041000","2019-12-11","26.333","89.467","43.0","COOCH BEHAR, IN",,,,,"  102",",,S","  204","H,,S"
"IN024041000","2019-12-12","26.333","89.467","43.0","COOCH BEHAR, IN",,,,,"  124",",,S","  212","H,,S"
"IN024041000","2019-12-13","26.333","89.467","43.0","COOCH BEHAR, IN",,,,,"  131",",,S","  217","H,,S"
"IN024041000","2019-12-14","26.333","89.467","43.0","COOCH BEHAR, IN",,,,,"  117",",,S","  194","H,,S"
"IN024041000","2019-12-15","26.333","89.467","43.0","COOCH BEHAR, IN","    0",",,S",,,"   91",",,S","  202","H,,S"
"IN024041000","2019-12-16","26.333","89.467","43.0","COOCH BEHAR, IN",,,,,"  112",",,S","  212","H,,S"
"IN024041000","2019-12-17","26.333","89.467","43.0","COOCH BEHAR, IN",,,,,"  101",",,S","  169","H,,S"
"IN024041000","2019-12-18","26.333","89.467","43.0","COOCH BEHAR, IN",,,,,"   96",",,S","  172","H,,S"
"IN024041000","2019-12-19","26.333","89.467","43.0","COOCH BEHAR, IN",,,"  225",",,S","   97",",,S","  168","H,,S"
"IN024041000","2019-12-20","26.333","89.467","43.0","COOCH BEHAR, IN",,,"  147",",,S","   91",",,S","  141","H,,S"
"IN024041000","2019-12-21","26.333","89.467","43.0","COOCH BEHAR, IN","    0",",,S",,,"  101",",,S","  145","H,,S"
"IN024041000","2019-12-22","26.333","89.467","43.0","COOCH BEHAR, IN",,,,,"  112",",,S","  154","H,,S"
"IN024041000","2019-12-23","26.333","89.467","43.0","COOCH BEHAR, IN",,,,,"   96",",,S","  184","H,,S"
"IN024041000","2019-12-24","26.333","89.467","43.0","COOCH BEHAR, IN",,,,,"   86",",,S","  172","H,,S"
"IN024041000","2019-12-25","26.333","89.467","43.0","COOCH BEHAR, IN",,,,,"   77",",,S","  165","H,,S"
"IN024041000","2019-12-26","26.333","89.467","43.0","COOCH BEHAR, IN",,,,,"   71",",,S","  172","H,,S"
"IN024041000","2019-12-27","26.333","89.467","43.0","COOCH BEHAR, IN",,,,,"   84",",,S","  183","H,,S"
"IN024041000","2019-12-28","26.333","89.467","43.0","COOCH BEHAR, IN",,,,,"   91",",,S","  172","H,,S"
"IN024041000","2019-12-29","26.333","89.467","43.0","COOCH BEHAR, IN",,,,,"   61",",,S","  196","H,,S"
"IN024041000","2019-12-30","26.333","89.467","43.0","COOCH BEHAR, IN",,,,,"   62",",,S","  202","H,,S"
"IN024041000","2019-12-31","26.333","89.467","43.0","COOCH BEHAR, IN",,,"  272",",,S","   66",",,S","  214","H,,S"
"IN024041000","2020-01-01","26.333","89.467","43.0","COOCH BEHAR, IN",,,,,"  101",",,S","  205","H,,S"
"IN024041000","2020-01-02","26.333","89.467","43.0","COOCH BEHAR, IN",,,"  240",",,S","  132",",,S","  209","H,,S"
"IN024041000","2020-01-03","26.333","89.467","43.0","COOCH BEHAR, IN",,,,,"  142",",,S","  191","H,,S"
"IN024041000","2020-01-04","26.333","89.467","43.0","COOCH BEHAR, IN","    0",",,S","  237",",,S","  116",",,S","  194","H,,S"
"IN024041000","2020-01-05","26.333","89.467","43.0","COOCH BEHAR, IN",,,,,"   91",",,S","  171","H,,S"
"IN024041000","2020-01-06","26.333","89.467","43.0","COOCH BEHAR, IN",,,,,"   99",",,S","  154","H,,S"
"IN024041000","2020-01-07","26.333","89.467","43.0","COOCH BEHAR, IN",,,,,"   66",",,S","  187","H,,S"
"IN024041000","2020-01-08","26.333","89.467","43.0","COOCH BEHAR, IN",,,,,"   79",",,S","  194","H,,S"
"IN024041000","2020-01-09","26.333","89.467","43.0","COOCH BEHAR, IN",,,,,"  117",",,S","  208","H,,S"
"IN024041000","2020-01-10","26.333","89.467","43.0","COOCH BEHAR, IN",,,,,"  101",",,S","  184","H,,S"
"IN024041000","2020-01-12","26.333","89.467","43.0","COOCH BEHAR, IN",,,,,"  116",",,S","  183","H,,S"
"IN024041000","2020-01-13","26.333","89.467","43.0","COOCH BEHAR, IN",,,,,"   90",",,S","  192","H,,S"
"IN024041000","2020-01-14","26.333","89.467","43.0","COOCH BEHAR, IN",,,,,"   86",",,S","  209","H,,S"
"IN024041000","2020-01-15","26.333","89.467","43.0","COOCH BEHAR, IN",,,,,"   89",",,S","  213","H,,S"
"IN024041000","2020-01-16","26.333","89.467","43.0","COOCH BEHAR, IN",,,,,"   91",",,S","  213","H,,S"
"IN024041000","2020-01-17","26.333","89.467","43.0","COOCH BEHAR, IN",,,,,"  111",",,S","  218","H,,S"
"IN024041000","2020-01-18","26.333","89.467","43.0","COOCH BEHAR, IN",,,,,"  127",",,S","  222","H,,S"
"IN024041000","2020-01-19","26.333","89.467","43.0","COOCH BEHAR, IN",,,,,"  126",",,S","  200","H,,S"
"IN024041000","2020-01-20","26.333","89.467","43.0","COOCH BEHAR, IN",,,,,"  111",",,S","  163","H,,S"
"IN024041000","2020-01-21","26.333","89.467","43.0","COOCH BEHAR, IN",,,,,"   66",",,S","  138","H,,S"
"IN024041000","2020-01-22","26.333","89.467","43.0","COOCH BEHAR, IN","    0",",,S",,,"   70",",,S","  147","H,,S"
"IN024041000","2020-01-23","26.333","89.467","43.0","COOCH BEHAR, IN",,,,,"   66",",,S","  158","H,,S"
"IN024041000","2020-01-24","26.333","89.467","43.0","COOCH BEHAR, IN",,,,,"   71",",,S","  167","H,,S"
"IN024041000","2020-01-25","26.333","89.467","43.0","COOCH BEHAR, IN",,,,,"   56",",,S","  186","H,,S"
"IN024041000","2020-01-26","26.333","89.467","43.0","COOCH BEHAR, IN",,,,,"   67",",,S","  197","H,,S"
"IN024041000","2020-01-27","26.333","89.467","43.0","COOCH BEHAR, IN",,,"  238",",,S","   76",",,S","  186","H,,S"
"IN024041000","2020-01-28","26.333","89.467","43.0","COOCH BEHAR, IN",,,,,"   71",",,S","  182","H,,S"
"IN024041000","2020-01-29","26.333","89.467","43.0","COOCH BEHAR, IN",,,,,"   91",",,S","  201","H,,S"
"IN024041000","2020-01-30","26.333","89.467","43.0","COOCH BEHAR, IN",,,,,"   99",",,S","  192","H,,S"
"IN024041000","2020-01-31","26.333","89.467","43.0","COOCH BEHAR, IN",,,,,"  102",",,S","  188","H,,S"
"IN024041000","2020-02-01","26.333","89.467","43.0","COOCH BEHAR, IN",,,,,"  102",",,S","  201","H,,S"
"IN024041000","2020-02-02","26.333","89.467","43.0","COOCH BEHAR, IN",,,,,"   86",",,S","  189","H,,S"
"IN024041000","2020-02-03","26.333","89.467","43.0","COOCH BEHAR, IN",,,,,"   76",",,S","  184","H,,S"
"IN024041000","2020-02-04","26.333","89.467","43.0","COOCH BEHAR, IN",,,"  247",",,S","   77",",,S","  198","H,,S"
"IN024041000","2020-02-05","26.333","89.467","43.0","COOCH BEHAR, IN",,,,,"   71",",,S","  202","H,,S"
"IN024041000","2020-02-06","26.333","89.467","43.0","COOCH BEHAR, IN",,,,,"   69",",,S","  187","H,,S"
"IN024041000","2020-02-07","26.333","89.467","43.0","COOCH BEHAR, IN",,,,,"   66",",,S","  196","H,,S"
"IN024041000","2020-02-08","26.333","89.467","43.0","COOCH BEHAR, IN",,,,,"   71",",,S","  212","H,,S"
"IN024041000","2020-02-09","26.333","89.467","43.0","COOCH BEHAR, IN",,,,,"  106",",,S","  221","H,,S"
"IN024041000","2020-02-10","26.333","89.467","43.0","COOCH BEHAR, IN",,,,,"   91",",,S","  216","H,,S"
"IN024041000","2020-02-11","26.333","89.467","43.0","COOCH BEHAR, IN",,,,,"   91",",,S","  222","H,,S"
"IN024041000","2020-02-12","26.333","89.467","43.0","COOCH BEHAR, IN",,,,,"  101",",,S","  224","H,,S"
"IN024041000","2020-02-13","26.333","89.467","43.0","COOCH BEHAR, IN",,,,,"   91",",,S","  221","H,,S"
"IN024041000","2020-02-14","26.333","89.467","43.0","COOCH BEHAR, IN",,,,,"   96",",,S","  218","H,,S"
"IN024041000","2020-02-15","26.333","89.467","43.0","COOCH BEHAR, IN",,,,,"  116",",,S","  223","H,,S"
"IN024041000","2020-02-16","26.333","89.467","43.0","COOCH BEHAR, IN",,,,,"  116",",,S","  224","H,,S"
"IN024041000","2020-02-17","26.333","89.467","43.0","COOCH BEHAR, IN",,,,,"  126",",,S","  235","H,,S"
"IN024041000","2020-02-18","26.333","89.467","43.0","COOCH BEHAR, IN",,,,,"  152",",,S","  223","H,,S"
"IN024041000","2020-02-19","26.333","89.467","43.0","COOCH BEHAR, IN",,,,,"  122",",,S","  228","H,,S"
"IN024041000","2020-02-20","26.333","89.467","43.0","COOCH BEHAR, IN",,,,,"  156",",,S","  232","H,,S"
"IN024041000","2020-02-21","26.333","89.467","43.0","COOCH BEHAR, IN",,,,,"  146",",,S","  253","H,,S"
"IN024041000","2020-02-22","26.333","89.467","43.0","COOCH BEHAR, IN",,,,,"  139",",,S","  218","H,,S"
"IN024041000","2020-02-23","26.333","89.467","43.0","COOCH BEHAR, IN","    0",",,S",,,"  115",",,S","  259","H,,S"
"IN024041000","2020-02-24","26.333","89.467","43.0","COOCH BEHAR, IN",,,,,"  151",",,S","  253","H,,S"
"IN024041000","2020-02-25","26.333","89.467","43.0","COOCH BEHAR, IN",,,,,"  141",",,S","  227","H,,S"
"IN024041000","2020-02-26","26.333","89.467","43.0","COOCH BEHAR, IN","   71",",,S",,,"  153",",,S","  189","H,,S"
"IN024041000","2020-02-27","26.333","89.467","43.0","COOCH BEHAR, IN","    0",",,S",,,"  116",",,S","  228","H,,S"
"IN024041000","2020-02-28","26.333","89.467","43.0","COOCH BEHAR, IN","    0",",,S",,,"  117",",,S","  244","H,,S"
"IN024041000","2020-02-29","26.333","89.467","43.0","COOCH BEHAR, IN",,,"  300",",,S","  123",",,S","  266","H,,S"
"IN024041000","2020-03-01","26.333","89.467","43.0","COOCH BEHAR, IN",,,"  306",",,S","  136",",,S","  268","H,,S"
"IN024041000","2020-03-02","26.333","89.467","43.0","COOCH BEHAR, IN",,,,,"  142",",,S","  267","H,,S"
"IN024041000","2020-03-03","26.333","89.467","43.0","COOCH BEHAR, IN",,,,,"  136",",,S","  243","H,,S"
"IN024041000","2020-03-04","26.333","89.467","43.0","COOCH BEHAR, IN","    0",",,S",,,"  151",",,S","  244","H,,S"
"IN024041000","2020-03-05","26.333","89.467","43.0","COOCH BEHAR, IN","    0",",,S","  291",",,S","  166",",,S","  259","H,,S"
"IN024041000","2020-03-06","26.333","89.467","43.0","COOCH BEHAR, IN",,,,,"  176",",,S","  209","H,,S"
"IN024041000","2020-03-07","26.333","89.467","43.0","COOCH BEHAR, IN",,,,,"  151",",,S","  208","H,,S"
"IN024041000","2020-03-08","26.333","89.467","43.0","COOCH BEHAR, IN",,,,,"  156",",,S","  242","H,,S"
"IN024041000","2020-03-09","26.333","89.467","43.0","COOCH BEHAR, IN",,,,,"  146",",,S","  251","H,,S"
"IN024041000","2020-03-10","26.333","89.467","43.0","COOCH BEHAR, IN",,,"  286",",,S","  145",",,S","  253","H,,S"
"IN024041000","2020-03-11","26.333","89.467","43.0","COOCH BEHAR, IN",,,,,"  151",",,S","  262","H,,S"
"IN024041000","2020-03-12","26.333","89.467","43.0","COOCH BEHAR, IN",,,,,"  155",",,S","  274","H,,S"
"IN024041000","2020-03-13","26.333","89.467","43.0","COOCH BEHAR, IN",,,,,"  191",",,S","  276","H,,S"
"IN024041000","2020-03-14","26.333","89.467","43.0","COOCH BEHAR, IN","   20",",,S",,,"  201",",,S","  219","H,,S"
"IN024041000","2020-03-15","26.333","89.467","43.0","COOCH BEHAR, IN","   99",",,S",,,"  176",",,S","  261","H,,S"
"IN024041000","2020-03-16","26.333","89.467","43.0","COOCH BEHAR, IN","    0",",,S","  313",",,S","  156",",,S","  272","H,,S"
"IN024041000","2020-03-17","26.333","89.467","43.0","COOCH BEHAR, IN",,,,,"  129",",,S","  268","H,,S"
"IN024041000","2020-03-18","26.333","89.467","43.0","COOCH BEHAR, IN",,,,,"  136",",,S","  269","H,,S"
"IN024041000","2020-03-19","26.333","89.467","43.0","COOCH BEHAR, IN",,,,,"  155",",,S","  276","H,,S"
"IN024041000","2020-03-20","26.333","89.467","43.0","COOCH BEHAR, IN",,,,,"  162",",,S","  270","H,,S"
"IN024041000","2020-03-21","26.333","89.467","43.0","COOCH BEHAR, IN","   51",",,S",,,"  177",",,S","  236","H,,S"
"IN024041000","2020-03-22","26.333","89.467","43.0","COOCH BEHAR, IN","  160",",,S",,,"  177",",,S","  219","H,,S"
"IN024041000","2020-03-24","26.333","89.467","43.0","COOCH BEHAR, IN",,,,,"  161",",,S","  276","H,,S"
"IN024041000","2020-03-25","26.333","89.467","43.0","COOCH BEHAR, IN",,,,,"  164",",,S","  286","H,,S"
"IN024041000","2020-03-26","26.333","89.467","43.0","COOCH BEHAR, IN","   10",",,S",,,"  201",",,S","  264","H,,S"
"IN024041000","2020-03-27","26.333","89.467","43.0","COOCH BEHAR, IN","    0",",,S",,,"  199",",,S","  296","H,,S"
"IN024041000","2020-03-28","26.333","89.467","43.0","COOCH BEHAR, IN",,,,,"  211",",,S","  293","H,,S"
"IN024041000","2020-03-29","26.333","89.467","43.0","COOCH BEHAR, IN",,,,,"  186",",,S","  282","H,,S"
"IN024041000","2020-03-30","26.333","89.467","43.0","COOCH BEHAR, IN",,,,,"  151",",,S","  281","H,,S"
"IN024041000","2020-03-31","26.333","89.467","43.0","COOCH BEHAR, IN",,,,,"  162",",,S","  296","H,,S"
"IN024041000","2020-04-01","26.333","89.467","43.0","COOCH BEHAR, IN",,,,,"  171",",,S","  298","H,,S"
"IN024041000","2020-04-02","26.333","89.467","43.0","COOCH BEHAR, IN",,,,,"  167",",,S","  307","H,,S"
"IN024041000","2020-04-03","26.333","89.467","43.0","COOCH BEHAR, IN",,,,,"  199",",,S","  302","H,,S"
"IN024041000","2020-04-04","26.333","89.467","43.0","COOCH BEHAR, IN",,,,,"  150",",,S","  301","H,,S"
"IN024041000","2020-04-05","26.333","89.467","43.0","COOCH BEHAR, IN",,,,,"  161",",,S","  303","H,,S"
"IN024041000","2020-04-06","26.333","89.467","43.0","COOCH BEHAR, IN",,,,,"  172",",,S","  299","H,,S"
"IN024041000","2020-04-07","26.333","89.467","43.0","COOCH BEHAR, IN",,,"  340",",,S","  208",",,S","  309","H,,S"
"IN024041000","2020-04-08","26.333","89.467","43.0","COOCH BEHAR, IN",,,,,"  201",",,S","  301","H,,S"
"IN024041000","2020-04-09","26.333","89.467","43.0","COOCH BEHAR, IN","   79",",,S",,,"  183",",,S","  293","H,,S"
"IN024041000","2020-04-10","26.333","89.467","43.0","COOCH BEHAR, IN","   89",",,S",,,"  176",",,S","  283","H,,S"
"IN024041000","2020-04-11","26.333","89.467","43.0","COOCH BEHAR, IN","    0",",,S",,,"  206",",,S","  293","H,,S"
"IN024041000","2020-04-12","26.333","89.467","43.0","COOCH BEHAR, IN","   20",",,S",,,"  201",",,S","  277","H,,S"
"IN024041000","2020-04-13","26.333","89.467","43.0","COOCH BEHAR, IN","    0",",,S",,,"  198",",,S","  285","H,,S"
"IN024041000","2020-04-14","26.333","89.467","43.0","COOCH BEHAR, IN",,,,,"  206",",,S","  311","H,,S"
"IN024041000","2020-04-15","26.333","89.467","43.0","COOCH BEHAR, IN",,,,,,,"  233","H,,S"
"IN024041000","2020-04-16","26.333","89.467","43.0","COOCH BEHAR, IN",,,,,"  183",",,S","  283","H,,S"
"IN024041000","2020-04-17","26.333","89.467","43.0","COOCH BEHAR, IN","  170",",,S",,,"  202",",,S","  253","H,,S"
"IN024041000","2020-04-18","26.333","89.467","43.0","COOCH BEHAR, IN","   99",",,S",,,"  196",",,S","  271","H,,S"
"IN024041000","2020-04-19","26.333","89.467","43.0","COOCH BEHAR, IN","   10",",,S",,,"  211",",,S","  268","H,,S"
"IN024041000","2020-04-20","26.333","89.467","43.0","COOCH BEHAR, IN","   71",",,S",,,"  211",",,S","  270","H,,S"
"IN024041000","2020-04-21","26.333","89.467","43.0","COOCH BEHAR, IN","    0",",,S",,,"  199",",,S","  229","H,,S"
"IN024041000","2020-04-22","26.333","89.467","43.0","COOCH BEHAR, IN","  269",",,S",,,"  187",",,S","  261","H,,S"
"IN024041000","2020-04-23","26.333","89.467","43.0","COOCH BEHAR, IN","    0",",,S",,,"  206",",,S","  258","H,,S"
"IN024041000","2020-04-24","26.333","89.467","43.0","COOCH BEHAR, IN","  191",",,S",,,"  195",",,S","  233","H,,S"
"IN024041000","2020-04-25","26.333","89.467","43.0","COOCH BEHAR, IN","   61",",,S",,,"  191",",,S","  232","H,,S"
"IN024041000","2020-04-26","26.333","89.467","43.0","COOCH BEHAR, IN","    0",",,S",,,"  205",",,S","  274","H,,S"
"IN024041000","2020-04-27","26.333","89.467","43.0","COOCH BEHAR, IN",,,,,"  201",",,S","  291","H,,S"
"IN024041000","2020-04-28","26.333","89.467","43.0","COOCH BEHAR, IN","   41",",,S",,,"  216",",,S","  256","H,,S"
"IN024041000","2020-04-29","26.333","89.467","43.0","COOCH BEHAR, IN","  180",",,S",,,"  206",",,S","  264","H,,S"
"IN024041000","2020-04-30","26.333","89.467","43.0","COOCH BEHAR, IN","    0",",,S",,,"  215",",,S","  288","H,,S"
"IN024041000","2020-05-01","26.333","89.467","43.0","COOCH BEHAR, IN",,,,,"  219",",,S","  293","H,,S"
"IN024041000","2020-05-02","26.333","89.467","43.0","COOCH BEHAR, IN","    0",",,S",,,"  231",",,S","  283","H,,S"
"IN024041000","2020-05-03","26.333","89.467","43.0","COOCH BEHAR, IN","   51",",,S","  333",",,S","  203",",,S","  303","H,,S"
"IN024041000","2020-05-04","26.333","89.467","43.0","COOCH BEHAR, IN","    0",",,S",,,"  226",",,S","  304","H,,S"
"IN024041000","2020-05-05","26.333","89.467","43.0","COOCH BEHAR, IN","   20",",,S","  324",",,S","  221",",,S","  282","H,,S"
"IN024041000","2020-05-07","26.333","89.467","43.0","COOCH BEHAR, IN","  259",",,S",,,"  196",",,S","  288","H,,S"
"IN024041000","2020-05-08","26.333","89.467","43.0","COOCH BEHAR, IN","  160",",,S",,,"  201",",,S","  273","H,,S"
"IN024041000","2020-05-09","26.333","89.467","43.0","COOCH BEHAR, IN","    0",",,S",,,"  222",",,S","  300","H,,S"
"IN024041000","2020-05-10","26.333","89.467","43.0","COOCH BEHAR, IN",,,,,"  214",",,S","  321","H,,S"
"IN024041000","2020-05-11","26.333","89.467","43.0","COOCH BEHAR, IN","   20",",,S",,,"  224",",,S","  282","H,,S"
"IN024041000","2020-05-12","26.333","89.467","43.0","COOCH BEHAR, IN","    0",",,S",,,"  232",",,S","  316","H,,S"
"IN024041000","2020-05-13","26.333","89.467","43.0","COOCH BEHAR, IN",,,,,"  231",",,S","  308","H,,S"
"IN024041000","2020-05-14","26.333","89.467","43.0","COOCH BEHAR, IN","  221",",,S","  291",",,S","  222",",,S","  266","H,,S"
"IN024041000","2020-05-15","26.333","89.467","43.0","COOCH BEHAR, IN","    5",",,S",,,"  231",",,S","  277","H,,S"
"IN024041000","2020-05-16","26.333","89.467","43.0","COOCH BEHAR, IN","  259",",,S",,,"  217",",,S","  286","H,,S"
"IN024041000","2020-05-17","26.333","89.467","43.0","COOCH BEHAR, IN","  320",",,S",,,"  226",",,S","  279","H,,S"
"IN024041000","2020-05-18","26.333","89.467","43.0","COOCH BEHAR, IN","    0",",,S",,,"  221",",,S","  309","H,,S"
"IN024041000","2020-05-19","26.333","89.467","43.0","COOCH BEHAR, IN",,,,,"  251",",,S","  307","H,,S"
"IN024041000","2020-05-20","26.333","89.467","43.0","COOCH BEHAR, IN",,,,,,,"  269","H,,S"
"IN024041000","2020-05-22","26.333","89.467","43.0","COOCH BEHAR, IN","  531",",,S","  243",",,S","  228",",,S","  238","H,,S"
"IN024041000","2020-05-25","26.333","89.467","43.0","COOCH BEHAR, IN","  399",",,S",,,"  230",",,S","  245","H,,S"
"IN024041000","2020-05-26","26.333","89.467","43.0","COOCH BEHAR, IN","  239",",,S",,,"  216",",,S","  238","H,,S"
"IN024041000","2020-05-27","26.333","89.467","43.0","COOCH BEHAR, IN","   30",",,S",,,"  216",",,S","  258","H,,S"
"IN024041000","2020-05-28","26.333","89.467","43.0","COOCH BEHAR, IN","   30",",,S",,,"  216",",,S","  289","H,,S"
"IN024041000","2020-05-29","26.333","89.467","43.0","COOCH BEHAR, IN","    0",",,S",,,"  231",",,S","  299","H,,S"
"IN024041000","2020-05-30","26.333","89.467","43.0","COOCH BEHAR, IN",,,"  327",",,S","  236",",,S","  305","H,,S"
"IN024041000","2020-05-31","26.333","89.467","43.0","COOCH BEHAR, IN","  119",",,S",,,"  234",",,S","  284","H,,S"
"IN024041000","2020-06-01","26.333","89.467","43.0","COOCH BEHAR, IN","  671",",,S",,,"  231",",,S","  258","H,,S"
"IN024041000","2020-06-02","26.333","89.467","43.0","COOCH BEHAR, IN","  310",",,S",,,"  230",",,S","  289","H,,S"
"IN024041000","2020-06-03","26.333","89.467","43.0","COOCH BEHAR, IN","    0",",,S",,,"  251",",,S","  293","H,,S"
