"NO000001026","2018-07-06","69.6539","18.9281","100.0","TROMSO, NO","    0",",,E","    0",",,E","  181",",,E","   91",",,E","  123","H,,S"
"NO000001026","2018-07-07","69.6539","18.9281","100.0","TROMSO, NO","   14",",,E","    0",",,E","  112",",,E","   87",",,E","   97","H,,S"
"NO000001026","2018-07-08","69.6539","18.9281","100.0","TROMSO, NO","    6",",,E","    0",",,E","  179",",,E","   89",",,E","  129","H,,S"
"NO000001026","2018-07-09","69.6539","18.9281","100.0","TROMSO, NO","    0",",,E","    0",",,E","  166",",,E","  114",",,E","  131","H,,S"
"NO000001026","2018-07-10","69.6539","18.9281","100.0","TROMSO, NO","    0",",,E","    0",",,E","  194",",,E","  102",",,E","  131","H,,S"
"NO000001026","2018-07-11","69.6539","18.9281","100.0","TROMSO, NO","    0",",,E","    0",",,E","  167",",,E","   85",",,E","  128","H,,S"
"NO000001026","2018-07-12","69.6539","18.9281","100.0","TROMSO, NO","    0",",,E","    0",",,E","  169",",,E","   82",",,E","  117","H,,S"
"NO000001026","2018-07-13","69.6539","18.9281","100.0","TROMSO, NO","    0",",,E","    0",",,E","  153",",,E","   84",",,E","  103","H,,S"
"NO000001026","2018-07-14","69.6539","18.9281","100.0","TROMSO, NO","    0",",,E","    0",",,E","  135",",,E","   84",",,E","  106","H,,S"
"NO000001026","2018-07-15","69.6539","18.9281","100.0","TROMSO, NO","    0",",,E","    0",",,E","  149",",,E","   95",",,E","  126","H,,S"
"NO000001026","2018-07-16","69.6539","18.9281","100.0","TROMSO, NO","   11",",,E","    0",",,E","  212",",,E","  108",",,E","  158","H,,S"
"NO000001026","2018-07-17","69.6539","18.9281","100.0","TROMSO, NO","    0",",,E","    0",",,E","  263",",,E","  124",",,E","  194","H,,S"
"NO000001026","2018-07-18","69.6539","18.9281","100.0","TROMSO, NO","    0",",,E","    0",",,E","  253",",,E","  130",",,E","  194","H,,S"
"NO000001026","2018-07-19","69.6539","18.9281","100.0","TROMSO, NO","    0",",,E","    0",",,E","  226",",,E","  123",",,E","  171","H,,S"
"NO000001026","2018-07-20","69.6539","18.9281","100.0","TROMSO, NO","   95",",,E","    0",",,E","  150",",,E","  108",",,E","  125","H,,S"
"NO000001026","2018-07-21","69.6539","18.9281","100.0","TROMSO, NO","    0",",,E","    0",",,E","  180",",,E","  109",",,E","  142","H,,S"
"NO000001026","2018-07-22","69.6539","18.9281","100.0","TROMSO, NO","   11",",,E","    0",",,E","  167",",,E","  108",",,E","  128","H,,S"
"NO000001026","2018-07-23","69.6539","18.9281","100.0","TROMSO, NO","    0",",,E","    0",",,E","  184",",,E","  101",",,E","  142","H,,S"
"NO000001026","2018-07-24","69.6539","18.9281","100.0","TROMSO, NO","    1",",,E","    0",",,E","  181",",,E","  125",",,E","  152","H,,S"
"NO000001026","2018-07-25","69.6539","18.9281","100.0","TROMSO, NO","   14",",,E","    0",",,E","  182",",,E","  117",",,E","  138","H,,S"
"NO000001026","2018-07-26","69.6539","18.9281","100.0","TROMSO, NO","   54",",,E","    0",",,E","  157",",,E","  105",",,E","  124","H,,S"
"NO000001026","2018-07-27","69.6539","18.9281","100.0","TROMSO, NO","   26",",,E","    0",",,E","  221",",,E","   77",",,E","  157","H,,S"
"NO000001026","2018-07-28","69.6539","18.9281","100.0","TROMSO, NO","    0",",,E","    0",",,E","  258",",,E","  122",",,E","  194","H,,S"
"NO000001026","2018-07-29","69.6539","18.9281","100.0","TROMSO, NO","    0",",,E","    0",",,E","  286",",,E","  134",",,E","  227","H,,S"
"NO000001026","2018-07-30","69.6539","18.9281","100.0","TROMSO, NO","    0",",,E","    0",",,E","  285",",,E","  208",",,E","  236","H,,S"
"NO000001026","2018-07-31","69.6539","18.9281","100.0","TROMSO, NO","    7",",,E","    0",",,E","  278",",,E","  185",",,E","  222","H,,S"
"NO000001026","2018-08-01","69.6539","18.9281","100.0","TROMSO, NO","    0",",,E","    0",",,E","  284",",,E","  172",",,E","  216","H,,S"
"NO000001026","2018-08-02","69.6539","18.9281","100.0","TROMSO, NO","  115",",,E","    0",",,E","  197",",,E","  129",",,E","  151","H,,S"
"NO000001026","2018-08-03","69.6539","18.9281","100.0","TROMSO, NO","    0",",,E","    0",",,E","  180",",,E","  124",",,E","  150","H,,S"
"NO000001026","2018-08-04","69.6539","18.9281","100.0","TROMSO, NO","    1",",,E","    0",",,E","  165",",,E","  124",",,E","  133","H,,S"
"NO000001026","2018-08-05","69.6539","18.9281","100.0","TROMSO, NO","   45",",,E","    0",",,E","  147",",,E","  112",",,E","  124","H,,S"
"NO000001026","2018-08-06","69.6539","18.9281","100.0","TROMSO, NO","    1",",,E","    0",",,E","  123",",,E","   99",",,E","  104","H,,S"
"NO000001026","2018-08-07","69.6539","18.9281","100.0","TROMSO, NO","   12",",,E","    0",",,E","  124",",,E","   77",",,E","  102","H,,S"
"NO000001026","2018-08-08","69.6539","18.9281","100.0","TROMSO, NO","    2",",,E","    0",",,E","  186",",,E","   90",",,E","  130","H,,S"
"NO000001026","2018-08-09","69.6539","18.9281","100.0","TROMSO, NO","    5",",,E","    0",",,E","  140",",,E","  101",",,E","  119","H,,S"
"NO000001026","2018-08-10","69.6539","18.9281","100.0","TROMSO, NO","  117",",,E","    0",",,E","  175",",,E","  118",",,E","  139","H,,S"
"NO000001026","2018-08-11","69.6539","18.9281","100.0","TROMSO, NO","   17",",,E","    0",",,E","  212",",,E","  116",",,E","  152","H,,S"
"NO000001026","2018-08-12","69.6539","18.9281","100.0","TROMSO, NO","   32",",,E","    0",",,E","  155",",,E","   91",",,E","  103","H,,S"
"NO000001026","2018-08-13","69.6539","18.9281","100.0","TROMSO, NO","   34",",,E","    0",",,E","  111",",,E","   75",",,E","   86","H,,S"
"NO000001026","2018-08-14","69.6539","18.9281","100.0","TROMSO, NO","    4",",,E","    0",",,E","  136",",,E","   73",",,E","   92","H,,S"
"NO000001026","2018-08-15","69.6539","18.9281","100.0","TROMSO, NO","    0",",,E","    0",",,E","  163",",,E","   44",",,E","  103","H,,S"
"NO000001026","2018-08-16","69.6539","18.9281","100.0","TROMSO, NO","    0",",,E","    0",",,E","  177",",,E","   68",",,E","  135","H,,S"
"NO000001026","2018-08-17","69.6539","18.9281","100.0","TROMSO, NO","   41",",,E","    0",",,E","  154",",,E","  114",",,E","  127","H,,S"
"NO000001026","2018-08-18","69.6539","18.9281","100.0","TROMSO, NO","   63",",,E","    0",",,E","  190",",,E","  111",",,E","  136","H,,S"
"NO000001026","2018-08-19","69.6539","18.9281","100.0","TROMSO, NO","   53",",,E","    0",",,E","  158",",,E","  102",",,E","  116","H,,S"
"NO000001026","2018-08-20","69.6539","18.9281","100.0","TROMSO, NO","  129",",,E","    0",",,E","  103",",,E","   82",",,E","   90","H,,S"
"NO000001026","2018-08-21","69.6539","18.9281","100.0","TROMSO, NO","   47",",,E","    0",",,E","  112",",,E","   73",",,E","   82","H,,S"
"NO000001026","2018-08-22","69.6539","18.9281","100.0","TROMSO, NO","  140",",,E","    0",",,E","  129",",,E","   76",",,E","   90","H,,S"
"NO000001026","2018-08-23","69.6539","18.9281","100.0","TROMSO, NO","   42",",,E","    0",",,E","  142",",,E","   75",",,E","  110","H,,S"
"NO000001026","2018-08-24","69.6539","18.9281","100.0","TROMSO, NO","    5",",,E","    0",",,E","  176",",,E","   97",",,E","  129","H,,S"
"NO000001026","2018-08-25","69.6539","18.9281","100.0","TROMSO, NO","    6",",,E","    0",",,E","  169",",,E","   96",",,E","  121","H,,S"
"NO000001026","2018-08-26","69.6539","18.9281","100.0","TROMSO, NO","   57",",,E","    0",",,E","  149",",,E","   92",",,E","  110","H,,S"
"NO000001026","2018-08-27","69.6539","18.9281","100.0","TROMSO, NO","    0",",,E","    0",",,E","  118",",,E","   85",",,E","   91","H,,S"
"NO000001026","2018-08-28","69.6539","18.9281","100.0","TROMSO, NO","   44",",,E","    0",",,E","  131",",,E","   62",",,E","   87","H,,S"
"NO000001026","2018-08-29","69.6539","18.9281","100.0","TROMSO, NO","    0",",,E","    0",",,E","  170",",,E","   55",",,E","  134","H,,S"
"NO000001026","2018-08-30","69.6539","18.9281","100.0","TROMSO, NO","    0",",,E","    0",",,E","  174",",,E","   99",",,E","  121","H,,S"
"NO000001026","2018-08-31","69.6539","18.9281","100.0","TROMSO, NO","  138",",,E","    0",",,E","  125",",,E","   72",",,E","   82","H,,S"
"NO000001026","2018-09-01","69.6539","18.9281","100.0","TROMSO, NO","   10",",,E","    0",",,E","  172",",,E","   44",",,E","  117","H,,S"
"NO000001026","2018-09-02","69.6539","18.9281","100.0","TROMSO, NO","    8",",,E","    0",",,E","  145",",,E","  105",",,E","  127","H,,S"
"NO000001026","2018-09-03","69.6539","18.9281","100.0","TROMSO, NO","   48",",,E","    0",",,E","  178",",,E","  114",",,E","  142","H,,S"
"NO000001026","2018-09-04","69.6539","18.9281","100.0","TROMSO, NO","   19",",,E","    0",",,E","  120",",,E","   78",",,E","   94","H,,S"
"NO000001026","2018-09-05","69.6539","18.9281","100.0","TROMSO, NO","   37",",,E","    0",",,E","  138",",,E","   50",",,E","   89","H,,S"
"NO000001026","2018-09-06","69.6539","18.9281","100.0","TROMSO, NO","    0",",,E","    0",",,E","  166",",,E","   66",",,E","  104","H,,S"
"NO000001026","2018-09-07","69.6539","18.9281","100.0","TROMSO, NO","    0",",,E","    0",",,E","  145",",,E","   51",",,E","   92","H,,S"
"NO000001026","2018-09-08","69.6539","18.9281","100.0","TROMSO, NO","    0",",,E","    0",",,E","  135",",,E","   56",",,E","   89","H,,S"
"NO000001026","2018-09-09","69.6539","18.9281","100.0","TROMSO, NO","    0",",,E","    0",",,E","  160",",,E","   56",",,E","   99","H,,S"
"NO000001026","2018-09-10","69.6539","18.9281","100.0","TROMSO, NO","    0",",,E","    0",",,E","  204",",,E","   81",",,E","  150","H,,S"
"NO000001026","2018-09-11","69.6539","18.9281","100.0","TROMSO, NO","    0",",,E","    0",",,E","  165",",,E","   96",",,E","  118","H,,S"
"NO000001026","2018-09-12","69.6539","18.9281","100.0","TROMSO, NO","   43",",,E","    0",",,E","  153",",,E","   47",",,E","   95","H,,S"
"NO000001026","2018-09-13","69.6539","18.9281","100.0","TROMSO, NO","    0",",,E","    0",",,E","  147",",,E","   85",",,E","  105","H,,S"
"NO000001026","2018-09-14","69.6539","18.9281","100.0","TROMSO, NO","    8",",,E","    0",",,E","  115",",,E","   79",",,E","   90","H,,S"
"NO000001026","2018-09-15","69.6539","18.9281","100.0","TROMSO, NO","  106",",,E","    0",",,E","  130",",,E","   73",",,E","   96","H,,S"
"NO000001026","2018-09-16","69.6539","18.9281","100.0","TROMSO, NO","    0",",,E","    0",",,E","   99",",,E","   73",",,E","   83","H,,S"
"NO000001026","2018-09-17","69.6539","18.9281","100.0","TROMSO, NO","   14",",,E","    0",",,E","  104",",,E","   53",",,E",,
"NO000001026","2018-09-18","69.6539","18.9281","100.0","TROMSO, NO","    0",",,E","    0",",,E","   98",",,E","   29",",,E","   81","H,,S"
"NO000001026","2018-09-19","69.6539","18.9281","100.0","TROMSO, NO","    0",",,E","    0",",,E","  125",",,E","   34",",,E","   82","H,,S"
"NO000001026","2018-09-20","69.6539","18.9281","100.0","TROMSO, NO","   43",",,E","    0",",,E","  147",",,E","   57",",,E","  101","H,,S"
"NO000001026","2018-09-21","69.6539","18.9281","100.0","TROMSO, NO","   91",",,E","    0",",,E","  119",",,E","   84",",,E","   95","H,,S"
"NO000001026","2018-09-22","69.6539","18.9281","100.0","TROMSO, NO","   31",",,E","    0",",,E","  150",",,E","   56",",,E","  101","H,,S"
"NO000001026","2018-09-23","69.6539","18.9281","100.0","TROMSO, NO","   93",",,E","    0",",,E","  106",",,E","   59",",,E","   69","H,,S"
"NO000001026","2018-09-24","69.6539","18.9281","100.0","TROMSO, NO","  139",",,E","    0",",,E","   60",",,E","   11",",,E",,
"NO000001026","2018-09-25","69.6539","18.9281","100.0","TROMSO, NO","  131",",,E","    0",",,E","   54",",,E","    8",",,E","   35","H,,S"
"NO000001026","2018-09-26","69.6539","18.9281","100.0","TROMSO, NO","  161",",,E","    0",",,E","   57",",,E","   33",",,E","   46","H,,S"
"NO000001026","2018-09-27","69.6539","18.9281","100.0","TROMSO, NO","   50",",,E","    0",",,E","   48",",,E","    6",",,E","   19","H,,S"
"NO000001026","2018-09-28","69.6539","18.9281","100.0","TROMSO, NO","   12",",,E","    0",",,E","   35",",,E","  -12",",,E","   12","H,,S"
"NO000001026","2018-09-29","69.6539","18.9281","100.0","TROMSO, NO","   30",",,E","    0",",,E","   54",",,E","    2",",,E","   37","H,,S"
"NO000001026","2018-09-30","69.6539","18.9281","100.0","TROMSO, NO","    3",",,E","    0",",,E","   61",",,E","   30",",,E","   46","H,,S"
"NO000001026","2018-10-01","69.6539","18.9281","100.0","TROMSO, NO","    2",",,E","    0",",,E","   69",",,E","   36",",,E","   52","H,,S"
"NO000001026","2018-10-02","69.6539","18.9281","100.0","TROMSO, NO","    0",",,E","    0",",,E","   51",",,E","   37",",,E","   42","H,,S"
"NO000001026","2018-10-03","69.6539","18.9281","100.0","TROMSO, NO","    1",",,E","    0",",,E","   40",",,E","    8",",,E","   20","H,,S"
"NO000001026","2018-10-04","69.6539","18.9281","100.0","TROMSO, NO","   84",",,E","    0",",,E","   34",",,E","    6",",,E","   18","H,,S"
"NO000001026","2018-10-05","69.6539","18.9281","100.0","TROMSO, NO","    4",",,E","    0",",,E","   37",",,E","  -26",",,E","   -3","H,,S"
"NO000001026","2018-10-06","69.6539","18.9281","100.0","TROMSO, NO","    0",",,E","    0",",,E","   31",",,E","  -27",",,E","    5","H,,S"
"NO000001026","2018-10-07","69.6539","18.9281","100.0","TROMSO, NO","   80",",,E","   20",",,E","   33",",,E","    5",",,E","   22","H,,S"
"NO000001026","2018-10-08","69.6539","18.9281","100.0","TROMSO, NO","   26",",,E","    0",",,E","   49",",,E","   26",",,E","   42","H,,S"
"NO000001026","2018-10-09","69.6539","18.9281","100.0","TROMSO, NO","   22",",,E","    0",",,E","   62",",,E","   35",",,E","   52","H,,S"
"NO000001026","2018-10-10","69.6539","18.9281","100.0","TROMSO, NO","   62",",,E","    0",",,E","   56",",,E","   23",",,E","   40","H,,S"
"NO000001026","2018-10-11","69.6539","18.9281","100.0","TROMSO, NO","   10",",,E","    0",",,E","   73",",,E","   33",",,E","   62","H,,S"
"NO000001026","2018-10-12","69.6539","18.9281","100.0","TROMSO, NO","    0",",,E","    0",",,E","   96",",,E","   38",",,E","   67","H,,S"
"NO000001026","2018-10-13","69.6539","18.9281","100.0","TROMSO, NO","    2",",,E","    0",",,E","  129",",,E","   48",",,E","   92","H,,S"
"NO000001026","2018-10-14","69.6539","18.9281","100.0","TROMSO, NO","   13",",,E","    0",",,E","  141",",,E","   87",",,E","  104","H,,S"
"NO000001026","2018-10-15","69.6539","18.9281","100.0","TROMSO, NO","  117",",,E","    0",",,E","  135",",,E","   53",",,E","   68","H,,S"
"NO000001026","2018-10-16","69.6539","18.9281","100.0","TROMSO, NO","   25",",,E","    0",",,E","   81",",,E","   53",",,E","   65","H,,S"
"NO000001026","2018-10-17","69.6539","18.9281","100.0","TROMSO, NO","   70",",,E","    0",",,E","   93",",,E","   52",",,E","   76","H,,S"
"NO000001026","2018-10-18","69.6539","18.9281","100.0","TROMSO, NO","    7",",,E","    0",",,E","   92",",,E","   57",",,E","   72","H,,S"
"NO000001026","2018-10-19","69.6539","18.9281","100.0","TROMSO, NO","   97",",,E","    0",",,E","   75",",,E","   47",",,E","   61","H,,S"
"NO000001026","2018-10-20","69.6539","18.9281","100.0","TROMSO, NO","   12",",,E","    0",",,E","   78",",,E","   50",",,E","   67","H,,S"
"NO000001026","2018-10-21","69.6539","18.9281","100.0","TROMSO, NO","   31",",,E","    0",",,E","   80",",,E","   37",",,E","   62","H,,S"
"NO000001026","2018-10-22","69.6539","18.9281","100.0","TROMSO, NO","   80",",,E","    0",",,E","   68",",,E","   23",",,E","   36","H,,S"
"NO000001026","2018-10-23","69.6539","18.9281","100.0","TROMSO, NO","   67",",,E","    0",",,E","   46",",,E","    5",",,E","   21","H,,S"
"NO000001026","2018-10-24","69.6539","18.9281","100.0","TROMSO, NO","    0",",,E","    0",",,E","   29",",,E","  -24",",,E","   -7","H,,S"
"NO000001026","2018-10-25","69.6539","18.9281","100.0","TROMSO, NO","    0",",,E","    0",",,E","   27",",,E","  -29",",,E","  -13","H,,S"
"NO000001026","2018-10-26","69.6539","18.9281","100.0","TROMSO, NO","    0",",,E","    0",",,E","    1",",,E","  -32",",,E","  -14","H,,S"
"NO000001026","2018-10-27","69.6539","18.9281","100.0","TROMSO, NO","    3",",,E","    0",",,E","    5",",,E","  -28",",,E","  -10","H,,S"
"NO000001026","2018-10-28","69.6539","18.9281","100.0","TROMSO, NO","   34",",,E","   40",",,E","   -1",",,E","  -35",",,E","   -9","H,,S"
"NO000001026","2018-10-29","69.6539","18.9281","100.0","TROMSO, NO","    0",",,E","   30",",,E","   45",",,E","   -3",",,E","   25","H,,S"
"NO000001026","2018-10-30","69.6539","18.9281","100.0","TROMSO, NO","    0",",,E","   20",",,E","   21",",,E","  -36",",,E","   -6","H,,S"
"NO000001026","2018-10-31","69.6539","18.9281","100.0","TROMSO, NO","    0",",,E","    0",",,E","   12",",,E","  -22",",,E","   -2","H,,S"
"NO000001026","2018-11-01","69.6539","18.9281","100.0","TROMSO, NO","   55",",,E","   30",",,E","   59",",,E","    0",",,E","   38","H,,S"
"NO000001026","2018-11-02","69.6539","18.9281","100.0","TROMSO, NO","   31",",,E","    0",",,E","   74",",,E","   17",",,E","   51","H,,S"
"NO000001026","2018-11-03","69.6539","18.9281","100.0","TROMSO, NO","    8",",,E","    0",",,E","   71",",,E","   32",",,E","   43","H,,S"
"NO000001026","2018-11-04","69.6539","18.9281","100.0","TROMSO, NO","   39",",,E","    0",",,E","   95",",,E","   38",",,E","   68","H,,S"
"NO000001026","2018-11-05","69.6539","18.9281","100.0","TROMSO, NO","   26",",,E","    0",",,E","  101",",,E","   80",",,E","   88","H,,S"
"NO000001026","2018-11-06","69.6539","18.9281","100.0","TROMSO, NO","   81",",,E","    0",",,E","   92",",,E","   49",",,E","   62","H,,S"
"NO000001026","2018-11-07","69.6539","18.9281","100.0","TROMSO, NO","   17",",,E","    0",",,E","   49",",,E","    2",",,E","   17","H,,S"
"NO000001026","2018-11-08","69.6539","18.9281","100.0","TROMSO, NO","    0",",,E","    0",",,E","   18",",,E","   -7",",,E","    2","H,,S"
"NO000001026","2018-11-09","69.6539","18.9281","100.0","TROMSO, NO","    0",",,E","    0",",,E","   42",",,E","  -14",",,E","   28","H,,S"
"NO000001026","2018-11-10","69.6539","18.9281","100.0","TROMSO, NO","    0",",,E","    0",",,E","   72",",,E","   27",",,E","   54","H,,S"
"NO000001026","2018-11-11","69.6539","18.9281","100.0","TROMSO, NO","    0",",,E","    0",",,E","   64",",,E","   38",",,E","   52","H,,S"
"NO000001026","2018-11-12","69.6539","18.9281","100.0","TROMSO, NO","    3",",,E","    0",",,E","   71",",,E","   46",",,E","   52","H,,S"
"NO000001026","2018-11-13","69.6539","18.9281","100.0","TROMSO, NO","   38",",,E","    0",",,E","   52",",,E","   40",",,E","   47","H,,S"
"NO000001026","2018-11-14","69.6539","18.9281","100.0","TROMSO, NO","    9",",,E","    0",",,E","   84",",,E","   51",",,E","   69","H,,S"
"NO000001026","2018-11-15","69.6539","18.9281","100.0","TROMSO, NO","   14",",,E","    0",",,E","   82",",,E","   59",",,E","   76","H,,S"
"NO000001026","2018-11-16","69.6539","18.9281","100.0","TROMSO, NO","   16",",,E","    0",",,E","  109",",,E","   65",",,E","   91","H,,S"
"NO000001026","2018-11-17","69.6539","18.9281","100.0","TROMSO, NO","   67",",,E","    0",",,E","   76",",,E","   21",",,E",,
"NO000001026","2018-11-18","69.6539","18.9281","100.0","TROMSO, NO","   12",",,E","    0",",,E","   40",",,E","    9",",,E",,
"NO000001026","2018-11-19","69.6539","18.9281","100.0","TROMSO, NO","    0",",,E","    0",",,E","   79",",,E","   31",",,E",,
"NO000001026","2018-11-20","69.6539","18.9281","100.0","TROMSO, NO","   28",",,E","    0",",,E","   70",",,E","   11",",,E",,
"NO000001026","2018-11-21","69.6539","18.9281","100.0","TROMSO, NO","   23",",,E","    0",",,E","   41",",,E","    9",",,E",,
"NO000001026","2018-11-22","69.6539","18.9281","100.0","TROMSO, NO","   26",",,E","    0",",,E","   50",",,E","   33",",,E",,
"NO000001026","2018-11-23","69.6539","18.9281","100.0","TROMSO, NO","   34",",,E","    0",",,E","   38",",,E","   -6",",,E","   16","H,,S"
"NO000001026","2018-11-24","69.6539","18.9281","100.0","TROMSO, NO","  180",",,E","   40",",,E","   31",",,E","  -10",",,E","    7","H,,S"
"NO000001026","2018-11-25","69.6539","18.9281","100.0","TROMSO, NO","  166",",,E","  210",",,E","   13",",,E","  -18",",,E","  -12","H,,S"
"NO000001026","2018-11-26","69.6539","18.9281","100.0","TROMSO, NO","  107",",,E","  280",",,E","  -15",",,E","  -53",",,E","  -36","H,,S"
"NO000001026","2018-11-27","69.6539","18.9281","100.0","TROMSO, NO","   36",",,E","  300",",,E","    8",",,E","  -54",",,E","  -13","H,,S"
"NO000001026","2018-11-28","69.6539","18.9281","100.0","TROMSO, NO","   73",",,E","  320",",,E","   10",",,E","   -6",",,E","   -1","H,,S"
"NO000001026","2018-11-29","69.6539","18.9281","100.0","TROMSO, NO","   40",",,E","  330",",,E","    5",",,E","   -8",",,E","   -1","H,,S"
"NO000001026","2018-11-30","69.6539","18.9281","100.0","TROMSO, NO","   26",",,E","  330",",,E","   48",",,E","  -11",",,E","   32","H,,S"
"NO000001026","2018-12-01","69.6539","18.9281","100.0","TROMSO, NO","    6",",,E","  250",",,E","   49",",,E","   26",",,E","   41","H,,S"
"NO000001026","2018-12-02","69.6539","18.9281","100.0","TROMSO, NO","    1",",,E","  230",",,E","   56",",,E","   26",",,E","   40","H,,S"
"NO000001026","2018-12-03","69.6539","18.9281","100.0","TROMSO, NO","    0",",,E","  210",",,E","   47",",,E","   13",",,E","   39","H,,S"
"NO000001026","2018-12-04","69.6539","18.9281","100.0","TROMSO, NO","    0",",,E","  180",",,E","   47",",,E","    9",",,E","   22","H,,S"
"NO000001026","2018-12-05","69.6539","18.9281","100.0","TROMSO, NO","    7",",,E","  200",",,E","   24",",,E","   -2",",,E","   14","H,,S"
"NO000001026","2018-12-06","69.6539","18.9281","100.0","TROMSO, NO","   42",",,E","  240",",,E","   13",",,E","   -4",",,E","    0","H,,S"
"NO000001026","2018-12-07","69.6539","18.9281","100.0","TROMSO, NO","  151",",,E","  400",",,E","   -1",",,E","  -34",",,E","  -24","H,,S"
"NO000001026","2018-12-08","69.6539","18.9281","100.0","TROMSO, NO","   23",",,E","  350",",,E","  -29",",,E","  -80",",,E","  -57","H,,S"
"NO000001026","2018-12-09","69.6539","18.9281","100.0","TROMSO, NO","    0",",,E","  350",",,E","   -9",",,E","  -88",",,E","  -31","H,,S"
"NO000001026","2018-12-10","69.6539","18.9281","100.0","TROMSO, NO","    5",",,E","  350",",,E","    5",",,E","  -42",",,E","  -18","H,,S"
"NO000001026","2018-12-11","69.6539","18.9281","100.0","TROMSO, NO","    2",",,E","  330",",,E","    2",",,E","  -34",",,E","  -19","H,,S"
"NO000001026","2018-12-12","69.6539","18.9281","100.0","TROMSO, NO","   11",",,E","  320",",,E","   31",",,E","  -12",",,E","   21","H,,S"
"NO000001026","2018-12-13","69.6539","18.9281","100.0","TROMSO, NO","    0",",,E","  290",",,E","   44",",,E","   29",",,E","   38","H,,S"
"NO000001026","2018-12-14","69.6539","18.9281","100.0","TROMSO, NO","    6",",,E","  210",",,E","   45",",,E","   35",",,E","   39","H,,S"
"NO000001026","2018-12-15","69.6539","18.9281","100.0","TROMSO, NO","    0",",,E","  180",",,E","   40",",,E","    7",",,E","   23","H,,S"
"NO000001026","2018-12-16","69.6539","18.9281","100.0","TROMSO, NO","    0",",,E","  170",",,E","   10",",,E","  -47",",,E","  -37","H,,S"
"NO000001026","2018-12-17","69.6539","18.9281","100.0","TROMSO, NO","    0",",,E","  170",",,E","  -43",",,E","  -70",",,E","  -58","H,,S"
"NO000001026","2018-12-18","69.6539","18.9281","100.0","TROMSO, NO","    0",",,E","  170",",,E","  -38",",,E","  -72",",,E","  -51","H,,S"
"NO000001026","2018-12-19","69.6539","18.9281","100.0","TROMSO, NO","    0",",,E","  150",",,E","  -10",",,E","  -45",",,E","  -25","H,,S"
"NO000001026","2018-12-20","69.6539","18.9281","100.0","TROMSO, NO","    0",",,E","  150",",,E","  -17",",,E","  -52",",,E","  -31","H,,S"
"NO000001026","2018-12-21","69.6539","18.9281","100.0","TROMSO, NO","    0",",,E","  150",",,E","    6",",,E","  -47",",,E","   -6","H,,S"
"NO000001026","2018-12-22","69.6539","18.9281","100.0","TROMSO, NO","    0",",,E","  150",",,E","   -5",",,E","  -33",",,E","  -23","H,,S"
"NO000001026","2018-12-23","69.6539","18.9281","100.0","TROMSO, NO","   24",",,E","  170",",,E","   -1",",,E","  -34",",,E","  -12","H,,S"
"NO000001026","2018-12-24","69.6539","18.9281","100.0","TROMSO, NO","   70",",,E","  300",",,E","    5",",,E","  -35",",,E","  -15","H,,S"
"NO000001026","2018-12-25","69.6539","18.9281","100.0","TROMSO, NO","   58",",,E","  320",",,E","    9",",,E","  -21",",,E","    1","H,,S"
"NO000001026","2018-12-26","69.6539","18.9281","100.0","TROMSO, NO","  128",",,E","  470",",,E","    7",",,E","  -34",",,E","  -13","H,,S"
"NO000001026","2018-12-27","69.6539","18.9281","100.0","TROMSO, NO","   42",",,E","  480",",,E","  -16",",,E","  -47",",,E","  -26","H,,S"
"NO000001026","2018-12-28","69.6539","18.9281","100.0","TROMSO, NO","   25",",,E","  480",",,E","   27",",,E","  -23",",,E","   13","H,,S"
"NO000001026","2018-12-29","69.6539","18.9281","100.0","TROMSO, NO","   96",",,E","  370",",,E","   35",",,E","  -26",",,E","    6","H,,S"
"NO000001026","2018-12-30","69.6539","18.9281","100.0","TROMSO, NO","  144",",,E","  470",",,E","  -16",",,E","  -44",",,E","  -26","H,,S"
"NO000001026","2018-12-31","69.6539","18.9281","100.0","TROMSO, NO","   69",",,E","  480",",,E","   11",",,E","  -31",",,E","  -17","H,,S"
"NO000001026","2019-01-01","69.6539","18.9281","100.0","TROMSO, NO","    4",",,E","  470",",,E","   -8",",,E","  -62",",,E","  -33","H,,S"
"NO000001026","2019-01-02","69.6539","18.9281","100.0","TROMSO, NO","  121",",,E","  580",",,E","  -30",",,E","  -63",",,E","  -39","H,,S"
"NO000001026","2019-01-03","69.6539","18.9281","100.0","TROMSO, NO","   64",",,E","  590",",,E","   29",",,E","  -43",",,E","   -2","H,,S"
"NO000001026","2019-01-04","69.6539","18.9281","100.0","TROMSO, NO","  132",",,E","  630",",,E","   23",",,E","   -2",",,E","    5","H,,S"
"NO000001026","2019-01-05","69.6539","18.9281","100.0","TROMSO, NO","    6",",,E","  600",",,E","   24",",,E","    4",",,E","   19","H,,S"
"NO000001026","2019-01-06","69.6539","18.9281","100.0","TROMSO, NO","   31",",,E","  590",",,E","   52",",,E","   21",",,E","   36","H,,S"
"NO000001026","2019-01-07","69.6539","18.9281","100.0","TROMSO, NO","   70",",,E","  480",",,E","   33",",,E","   -9",",,E","    1","H,,S"
"NO000001026","2019-01-08","69.6539","18.9281","100.0","TROMSO, NO","  134",",,E","  590",",,E","   13",",,E","  -11",",,E","   -2","H,,S"
"NO000001026","2019-01-09","69.6539","18.9281","100.0","TROMSO, NO","   51",",,E","  600",",,E","    2",",,E","  -33",",,E","  -12","H,,S"
"NO000001026","2019-01-10","69.6539","18.9281","100.0","TROMSO, NO","   97",",,E","  700",",,E","   52",",,E","  -15",",,E","    6","H,,S"
"NO000001026","2019-01-11","69.6539","18.9281","100.0","TROMSO, NO","  212",",,E","  780",",,E","    8",",,E","  -19",",,E","   -4","H,,S"
"NO000001026","2019-01-12","69.6539","18.9281","100.0","TROMSO, NO","  216",",,E","  830",",,E","   -2",",,E","  -28",",,E","  -21","H,,S"
"NO000001026","2019-01-13","69.6539","18.9281","100.0","TROMSO, NO","  130",",,E"," 1000",",,E","  -24",",,E","  -68",",,E","  -52","H,,S"
"NO000001026","2019-01-14","69.6539","18.9281","100.0","TROMSO, NO","   13",",,E","  980",",,E","  -58",",,E","  -92",",,E","  -67","H,,S"
"NO000001026","2019-01-15","69.6539","18.9281","100.0","TROMSO, NO","   18",",,E","  960",",,E","  -26",",,E","  -71",",,E","  -34","H,,S"
"NO000001026","2019-01-16","69.6539","18.9281","100.0","TROMSO, NO","   14",",,E","  900",",,E","  -31",",,E","  -50",",,E","  -40","H,,S"
"NO000001026","2019-01-17","69.6539","18.9281","100.0","TROMSO, NO","   11",",,E","  890",",,E","  -37",",,E","  -69",",,E","  -59","H,,S"
"NO000001026","2019-01-18","69.6539","18.9281","100.0","TROMSO, NO","   28",",,E","  890",",,E","  -54",",,E","  -71",",,E","  -61","H,,S"
"NO000001026","2019-01-19","69.6539","18.9281","100.0","TROMSO, NO","   24",",,E","  910",",,E","  -55",",,E","  -86",",,E","  -66","H,,S"
"NO000001026","2019-01-20","69.6539","18.9281","100.0","TROMSO, NO","   28",",,E","  960",",,E","  -50",",,E","  -74",",,E","  -57","H,,S"
"NO000001026","2019-01-21","69.6539","18.9281","100.0","TROMSO, NO","   49",",,E"," 1010",",,E","  -48",",,E","  -68",",,E","  -53","H,,S"
"NO000001026","2019-01-22","69.6539","18.9281","100.0","TROMSO, NO","  101",",,E"," 1140",",,E","  -30",",,E","  -64",",,E","  -48","H,,S"
"NO000001026","2019-01-23","69.6539","18.9281","100.0","TROMSO, NO","    5",",,E"," 1080",",,E","  -61",",,E"," -116",",,E","  -97","H,,S"
"NO000001026","2019-01-24","69.6539","18.9281","100.0","TROMSO, NO","    0",",,E"," 1040",",,E","  -87",",,E"," -112",",,E","  -98","H,,S"
"NO000001026","2019-01-25","69.6539","18.9281","100.0","TROMSO, NO","    0",",,E"," 1020",",,E","  -47",",,E"," -109",",,E","  -54","H,,S"
"NO000001026","2019-01-26","69.6539","18.9281","100.0","TROMSO, NO","    1",",,E","  980",",,E","  -50",",,E","  -94",",,E","  -74","H,,S"
"NO000001026","2019-01-27","69.6539","18.9281","100.0","TROMSO, NO","    0",",,E","  950",",,E","  -78",",,E"," -125",",,E"," -118","H,,S"
"NO000001026","2019-01-28","69.6539","18.9281","100.0","TROMSO, NO","    0",",,E","  940",",,E"," -106",",,E"," -143",",,E"," -126","H,,S"
"NO000001026","2019-01-29","69.6539","18.9281","100.0","TROMSO, NO","   14",",,E","  930",",,E","  -57",",,E"," -114",",,E","  -80","H,,S"
"NO000001026","2019-01-30","69.6539","18.9281","100.0","TROMSO, NO","    5",",,E","  900",",,E","  -81",",,E"," -117",",,E","  -96","H,,S"
"NO000001026","2019-01-31","69.6539","18.9281","100.0","TROMSO, NO","    0",",,E","  900",",,E","  -72",",,E"," -111",",,E","  -91","H,,S"
"NO000001026","2019-02-01","69.6539","18.9281","100.0","TROMSO, NO","    0",",,E","  900",",,E","  -57",",,E"," -115",",,E","  -81","H,,S"
"NO000001026","2019-02-02","69.6539","18.9281","100.0","TROMSO, NO","    0",",,E","  900",",,E","  -47",",,E","  -89",",,E","  -62","H,,S"
"NO000001026","2019-02-03","69.6539","18.9281","100.0","TROMSO, NO","    2",",,E","  880",",,E","  -51",",,E","  -76",",,E","  -69","H,,S"
"NO000001026","2019-02-04","69.6539","18.9281","100.0","TROMSO, NO","    1",",,E","  880",",,E","  -54",",,E","  -98",",,E","  -75","H,,S"
"NO000001026","2019-02-05","69.6539","18.9281","100.0","TROMSO, NO","    0",",,E","  840",",,E","  -81",",,E"," -132",",,E"," -104","H,,S"
"NO000001026","2019-02-06","69.6539","18.9281","100.0","TROMSO, NO","   25",",,E","  870",",,E","  -19",",,E","  -98",",,E","  -42","H,,S"
"NO000001026","2019-02-07","69.6539","18.9281","100.0","TROMSO, NO","   72",",,E","  990",",,E","  -20",",,E","  -47",",,E","  -40","H,,S"
"NO000001026","2019-02-08","69.6539","18.9281","100.0","TROMSO, NO","    1",",,E","  960",",,E","  -32",",,E","  -98",",,E","  -76","H,,S"
"NO000001026","2019-02-09","69.6539","18.9281","100.0","TROMSO, NO","    0",",,E","  950",",,E","  -58",",,E"," -111",",,E","  -92","H,,S"
"NO000001026","2019-02-10","69.6539","18.9281","100.0","TROMSO, NO","    0",",,E","  930",",,E","  -44",",,E"," -101",",,E","  -57","H,,S"
"NO000001026","2019-02-11","69.6539","18.9281","100.0","TROMSO, NO","   26",",,E","  950",",,E","   -1",",,E","  -50",",,E","  -24","H,,S"
"NO000001026","2019-02-12","69.6539","18.9281","100.0","TROMSO, NO","   61",",,E"," 1000",",,E","    4",",,E","  -19",",,E","   -9","H,,S"
"NO000001026","2019-02-13","69.6539","18.9281","100.0","TROMSO, NO","   70",",,E"," 1110",",,E","   -1",",,E","  -68",",,E","  -34","H,,S"
"NO000001026","2019-02-14","69.6539","18.9281","100.0","TROMSO, NO","    7",",,E"," 1080",",,E","   36",",,E","  -22",",,E","   14","H,,S"
"NO000001026","2019-02-15","69.6539","18.9281","100.0","TROMSO, NO","  123",",,E","  970",",,E","   47",",,E","  -30",",,E","    1","H,,S"
"NO000001026","2019-02-16","69.6539","18.9281","100.0","TROMSO, NO","  104",",,E"," 1030",",,E","   36",",,E","  -33",",,E","    4","H,,S"
"NO000001026","2019-02-17","69.6539","18.9281","100.0","TROMSO, NO","   89",",,E","  990",",,E","   -2",",,E","  -66",",,E","  -34","H,,S"
"NO000001026","2019-02-18","69.6539","18.9281","100.0","TROMSO, NO","    9",",,E"," 1000",",,E","  -28",",,E","  -56",",,E","  -41","H,,S"
"NO000001026","2019-02-19","69.6539","18.9281","100.0","TROMSO, NO","   37",",,E"," 1000",",,E","  -34",",,E","  -73",",,E","  -58","H,,S"
"NO000001026","2019-02-20","69.6539","18.9281","100.0","TROMSO, NO","   29",",,E"," 1010",",,E","  -46",",,E"," -104",",,E","  -74","H,,S"
"NO000001026","2019-02-21","69.6539","18.9281","100.0","TROMSO, NO","    0",",,E","  990",",,E","  -43",",,E","  -82",",,E","  -56","H,,S"
"NO000001026","2019-02-22","69.6539","18.9281","100.0","TROMSO, NO","    4",",,E","  980",",,E","   37",",,E","  -45",",,E","    8","H,,S"
"NO000001026","2019-02-23","69.6539","18.9281","100.0","TROMSO, NO","  166",",,E","  900",",,E","   64",",,E","   36",",,E","   50","H,,S"
"NO000001026","2019-02-24","69.6539","18.9281","100.0","TROMSO, NO","  143",",,E","  750",",,E","   58",",,E","   21",",,E","   38","H,,S"
"NO000001026","2019-02-25","69.6539","18.9281","100.0","TROMSO, NO","  123",",,E","  690",",,E","   38",",,E","    1",",,E","   15","H,,S"
"NO000001026","2019-02-26","69.6539","18.9281","100.0","TROMSO, NO","   96",",,E","  820",",,E","   11",",,E","  -13",",,E","    2","H,,S"
"NO000001026","2019-02-27","69.6539","18.9281","100.0","TROMSO, NO","   95",",,E","  750",",,E","   31",",,E","   -7",",,E","    8","H,,S"
"NO000001026","2019-02-28","69.6539","18.9281","100.0","TROMSO, NO","   68",",,E","  700",",,E","   -7",",,E","  -68",",,E","  -43","H,,S"
"NO000001026","2019-03-01","69.6539","18.9281","100.0","TROMSO, NO","   31",",,E","  710",",,E","  -21",",,E","  -61",",,E","  -46","H,,S"
"NO000001026","2019-03-02","69.6539","18.9281","100.0","TROMSO, NO","    5",",,E","  700",",,E","  -34",",,E"," -100",",,E","  -74","H,,S"
"NO000001026","2019-03-03","69.6539","18.9281","100.0","TROMSO, NO","    0",",,E","  690",",,E","  -57",",,E","  -91",",,E","  -74","H,,S"
"NO000001026","2019-03-04","69.6539","18.9281","100.0","TROMSO, NO","   84",",,E","  790",",,E","  -58",",,E"," -111",",,E","  -91","H,,S"
"NO000001026","2019-03-05","69.6539","18.9281","100.0","TROMSO, NO","   55",",,E","  800",",,E","  -46",",,E"," -125",",,E","  -71","H,,S"
"NO000001026","2019-03-06","69.6539","18.9281","100.0","TROMSO, NO","  137",",,E","  950",",,E","  -29",",,E","  -63",",,E","  -54","H,,S"
"NO000001026","2019-03-07","69.6539","18.9281","100.0","TROMSO, NO","   81",",,E","  980",",,E","  -29",",,E","  -84",",,E","  -64","H,,S"
"NO000001026","2019-03-08","69.6539","18.9281","100.0","TROMSO, NO","    3",",,E","  930",",,E","  -46",",,E"," -127",",,E","  -81","H,,S"
"NO000001026","2019-03-09","69.6539","18.9281","100.0","TROMSO, NO","    5",",,E","  910",",,E","  -34",",,E","  -75",",,E","  -48","H,,S"
"NO000001026","2019-03-10","69.6539","18.9281","100.0","TROMSO, NO","   20",",,E","  910",",,E","   -7",",,E","  -82",",,E","  -56","H,,S"
"NO000001026","2019-03-11","69.6539","18.9281","100.0","TROMSO, NO","    0",",,E","  890",",,E","  -46",",,E"," -103",",,E","  -66","H,,S"
"NO000001026","2019-03-12","69.6539","18.9281","100.0","TROMSO, NO","   59",",,E","  970",",,E","  -27",",,E","  -59",",,E","  -43","H,,S"
"NO000001026","2019-03-13","69.6539","18.9281","100.0","TROMSO, NO","   73",",,E"," 1090",",,E","  -10",",,E","  -86",",,E","  -48","H,,S"
"NO000001026","2019-03-14","69.6539","18.9281","100.0","TROMSO, NO","   18",",,E"," 1020",",,E","   11",",,E","  -47",",,E","  -27","H,,S"
"NO000001026","2019-03-15","69.6539","18.9281","100.0","TROMSO, NO","   11",",,E"," 1020",",,E","  -10",",,E","  -56",",,E","  -29","H,,S"
"NO000001026","2019-03-16","69.6539","18.9281","100.0","TROMSO, NO","   31",",,E"," 1020",",,E","   -9",",,E","  -40",",,E","  -28","H,,S"
"NO000001026","2019-03-17","69.6539","18.9281","100.0","TROMSO, NO","   36",",,E"," 1010",",,E","    7",",,E","  -42",",,E","  -27","H,,S"
"NO000001026","2019-03-18","69.6539","18.9281","100.0","TROMSO, NO","   12",",,E"," 1010",",,E","   16",",,E","  -91",",,E","  -44","H,,S"
"NO000001026","2019-03-19","69.6539","18.9281","100.0","TROMSO, NO","    0",",,E","  990",",,E","   16",",,E","  -76",",,E","  -11","H,,S"
"NO000001026","2019-03-20","69.6539","18.9281","100.0","TROMSO, NO","    9",",,E","  960",",,E","   47",",,E","    2",",,E","   27","H,,S"
"NO000001026","2019-03-21","69.6539","18.9281","100.0","TROMSO, NO","   18",",,E","  960",",,E","   44",",,E","   -6",",,E","   13","H,,S"
"NO000001026","2019-03-22","69.6539","18.9281","100.0","TROMSO, NO","   86",",,E"," 1020",",,E","   20",",,E","  -15",",,E","    9","H,,S"
"NO000001026","2019-03-23","69.6539","18.9281","100.0","TROMSO, NO","   22",",,E","  980",",,E","   48",",,E","    8",",,E","   33","H,,S"
"NO000001026","2019-03-24","69.6539","18.9281","100.0","TROMSO, NO","    7",",,E","  950",",,E","   33",",,E","  -11",",,E","   -1","H,,S"
"NO000001026","2019-03-25","69.6539","18.9281","100.0","TROMSO, NO","   67",",,E","  990",",,E","    4",",,E","  -51",",,E","  -26","H,,S"
"NO000001026","2019-03-26","69.6539","18.9281","100.0","TROMSO, NO","  117",",,E"," 1140",",,E","    6",",,E","  -43",",,E","  -19","H,,S"
"NO000001026","2019-03-27","69.6539","18.9281","100.0","TROMSO, NO","   57",",,E"," 1130",",,E","   42",",,E","  -34",",,E","   13","H,,S"
"NO000001026","2019-03-28","69.6539","18.9281","100.0","TROMSO, NO","  119",",,E"," 1110",",,E","   37",",,E","    4",",,E","   19","H,,S"
"NO000001026","2019-03-29","69.6539","18.9281","100.0","TROMSO, NO","  118",",,E","  970",",,E","   22",",,E","  -16",",,E","    2","H,,S"
"NO000001026","2019-03-30","69.6539","18.9281","100.0","TROMSO, NO","   92",",,E"," 1120",",,E","   16",",,E","  -22",",,E","   -5","H,,S"
"NO000001026","2019-03-31","69.6539","18.9281","100.0","TROMSO, NO","  146",",,E"," 1290",",,E","   21",",,E","  -35",",,E","  -14","H,,S"
"NO000001026","2019-04-01","69.6539","18.9281","100.0","TROMSO, NO","  228",",,E"," 1580",",,E","   20",",,E","  -36",",,E","   -4","H,,S"
"NO000001026","2019-04-02","69.6539","18.9281","100.0","TROMSO, NO","   82",",,E"," 1580",",,E","   29",",,E","  -29",",,E","   12","H,,S"
"NO000001026","2019-04-03","69.6539","18.9281","100.0","TROMSO, NO","   85",",,E"," 1360",",,E","   47",",,E","   -4",",,E","   22","H,,S"
"NO000001026","2019-04-04","69.6539","18.9281","100.0","TROMSO, NO","   65",",,E"," 1330",",,E","   31",",,E","  -27",",,E","  -11","H,,S"
"NO000001026","2019-04-05","69.6539","18.9281","100.0","TROMSO, NO","    0",",,E"," 1320",",,E","   27",",,E","  -59",",,E","   -7","H,,S"
"NO000001026","2019-04-06","69.6539","18.9281","100.0","TROMSO, NO","    0",",,E"," 1310",",,E","   31",",,E","  -15",",,E","   -1","H,,S"
"NO000001026","2019-04-07","69.6539","18.9281","100.0","TROMSO, NO","   31",",,E"," 1320",",,E","   12",",,E","  -33",",,E","  -17","H,,S"
"NO000001026","2019-04-08","69.6539","18.9281","100.0","TROMSO, NO","   23",",,E"," 1310",",,E","   31",",,E","  -46",",,E","  -13","H,,S"
"NO000001026","2019-04-09","69.6539","18.9281","100.0","TROMSO, NO","    1",",,E"," 1280",",,E","   33",",,E","  -58",",,E","  -21","H,,S"
"NO000001026","2019-04-10","69.6539","18.9281","100.0","TROMSO, NO","    0",",,E"," 1280",",,E","    2",",,E","  -85",",,E","  -31","H,,S"
"NO000001026","2019-04-11","69.6539","18.9281","100.0","TROMSO, NO","    0",",,E"," 1280",",,E","    5",",,E","  -42",",,E","   -8","H,,S"
"NO000001026","2019-04-12","69.6539","18.9281","100.0","TROMSO, NO","   55",",,E"," 1290",",,E","   26",",,E","    3",",,E","   14","H,,S"
"NO000001026","2019-04-13","69.6539","18.9281","100.0","TROMSO, NO","   25",",,E"," 1260",",,E","   32",",,E","    7",",,E","   22","H,,S"
"NO000001026","2019-04-14","69.6539","18.9281","100.0","TROMSO, NO","    8",",,E"," 1180",",,E","   56",",,E","   20",",,E","   39","H,,S"
"NO000001026","2019-04-15","69.6539","18.9281","100.0","TROMSO, NO","    4",",,E"," 1160",",,E","   55",",,E","   23",",,E","   33","H,,S"
"NO000001026","2019-04-16","69.6539","18.9281","100.0","TROMSO, NO","    1",",,E"," 1100",",,E","   47",",,E","   13",",,E","   27","H,,S"
"NO000001026","2019-04-17","69.6539","18.9281","100.0","TROMSO, NO","    0",",,E"," 1080",",,E","   61",",,E","    2",",,E","   24","H,,S"
"NO000001026","2019-04-18","69.6539","18.9281","100.0","TROMSO, NO","    0",",,E"," 1060",",,E","   87",",,E","  -13",",,E","   42","H,,S"
"NO000001026","2019-04-19","69.6539","18.9281","100.0","TROMSO, NO","    0",",,E"," 1040",",,E","   62",",,E","   26",",,E","   46","H,,S"
"NO000001026","2019-04-20","69.6539","18.9281","100.0","TROMSO, NO","   17",",,E","  910",",,E","  115",",,E","   56",",,E","   83","H,,S"
"NO000001026","2019-04-21","69.6539","18.9281","100.0","TROMSO, NO","   23",",,E","  810",",,E","   88",",,E","   33",",,E","   46","H,,S"
"NO000001026","2019-04-22","69.6539","18.9281","100.0","TROMSO, NO","   36",",,E","  760",",,E","   76",",,E","   30",",,E","   50","H,,S"
"NO000001026","2019-04-23","69.6539","18.9281","100.0","TROMSO, NO","  233",",,E","  670",",,E","   78",",,E","   45",",,E","   61","H,,S"
"NO000001026","2019-04-24","69.6539","18.9281","100.0","TROMSO, NO","   75",",,E","  610",",,E","  120",",,E","   45",",,E","   67","H,,S"
"NO000001026","2019-04-25","69.6539","18.9281","100.0","TROMSO, NO","    0",",,E","  570",",,E","  149",",,E","   22",",,E","   83","H,,S"
"NO000001026","2019-04-26","69.6539","18.9281","100.0","TROMSO, NO","    0",",,E","  530",",,E","  148",",,E","   32",",,E","   74","H,,S"
"NO000001026","2019-04-27","69.6539","18.9281","100.0","TROMSO, NO","    1",",,E","  490",",,E","  104",",,E","   11",",,E","   56","H,,S"
"NO000001026","2019-04-28","69.6539","18.9281","100.0","TROMSO, NO","    0",",,E","  440",",,E","  114",",,E","   26",",,E","   63","H,,S"
"NO000001026","2019-04-29","69.6539","18.9281","100.0","TROMSO, NO","    1",",,E","  380",",,E","   68",",,E","   17",",,E","   33","H,,S"
"NO000001026","2019-04-30","69.6539","18.9281","100.0","TROMSO, NO","    0",",,E","  360",",,E","   35",",,E","   20",",,E","   23","H,,S"
"NO000001026","2019-05-01","69.6539","18.9281","100.0","TROMSO, NO","   29",",,E","  310",",,E","   34",",,E","   -7",",,E","    3","H,,S"
"NO000001026","2019-05-02","69.6539","18.9281","100.0","TROMSO, NO","    5",",,E","  310",",,E","   26",",,E","  -25",",,E","   -6","H,,S"
"NO000001026","2019-05-03","69.6539","18.9281","100.0","TROMSO, NO","    2",",,E","  310",",,E","   15",",,E","  -34",",,E","  -11","H,,S"
"NO000001026","2019-05-04","69.6539","18.9281","100.0","TROMSO, NO","   49",",,E","  380",",,E","   34",",,E","  -32",",,E","  -11","H,,S"
"NO000001026","2019-05-05","69.6539","18.9281","100.0","TROMSO, NO","   42",",,E","  350",",,E","   47",",,E","  -40",",,E","    9","H,,S"
"NO000001026","2019-05-06","69.6539","18.9281","100.0","TROMSO, NO","    5",",,E","  320",",,E","   60",",,E","  -17",",,E","   19","H,,S"
"NO000001026","2019-05-07","69.6539","18.9281","100.0","TROMSO, NO","    0",",,E","  290",",,E","  105",",,E","  -21",",,E","   56","H,,S"
"NO000001026","2019-05-08","69.6539","18.9281","100.0","TROMSO, NO","    0",",,E","  240",",,E","   72",",,E","    7",",,E","   28","H,,S"
"NO000001026","2019-05-09","69.6539","18.9281","100.0","TROMSO, NO","   45",",,E","  210",",,E","   90",",,E","    4",",,E","   43","H,,S"
"NO000001026","2019-05-10","69.6539","18.9281","100.0","TROMSO, NO","    0",",,E","  150",",,E","  125",",,E","   24",",,E","   85","H,,S"
"NO000001026","2019-05-11","69.6539","18.9281","100.0","TROMSO, NO","    2",",,E","   90",",,E","  138",",,E","   68",",,E","   97","H,,S"
"NO000001026","2019-05-12","69.6539","18.9281","100.0","TROMSO, NO","    0",",,E","    0",",,E","  119",",,E","   43",",,E","   56","H,,S"
"NO000001026","2019-05-13","69.6539","18.9281","100.0","TROMSO, NO","  137",",,E","    0",",,E","   47",",,E","   23",",,E","   33","H,,S"
"NO000001026","2019-05-14","69.6539","18.9281","100.0","TROMSO, NO","   15",",,E","    0",",,E","   52",",,E","   21",",,E","   33","H,,S"
"NO000001026","2019-05-15","69.6539","18.9281","100.0","TROMSO, NO","   12",",,E","    0",",,E","   52",",,E","   24",",,E","   39","H,,S"
"NO000001026","2019-05-16","69.6539","18.9281","100.0","TROMSO, NO","    0",",,E","    0",",,E","   67",",,E","   35",",,E","   55","H,,S"
"NO000001026","2019-05-17","69.6539","18.9281","100.0","TROMSO, NO","    2",",,E","    0",",,E","  111",",,E","   51",",,E","   69","H,,S"
"NO000001026","2019-05-18","69.6539","18.9281","100.0","TROMSO, NO","    0",",,E","    0",",,E","  118",",,E","   36",",,E","   72","H,,S"
"NO000001026","2019-05-19","69.6539","18.9281","100.0","TROMSO, NO","    5",",,E","    0",",,E","  144",",,E","   31",",,E","   86","H,,S"
"NO000001026","2019-05-20","69.6539","18.9281","100.0","TROMSO, NO","    2",",,E","    0",",,E","  162",",,E","   54",",,E","  108","H,,S"
"NO000001026","2019-05-21","69.6539","18.9281","100.0","TROMSO, NO","    0",",,E","    0",",,E","  125",",,E","   40",",,E","   84","H,,S"
"NO000001026","2019-05-22","69.6539","18.9281","100.0","TROMSO, NO","    0",",,E","    0",",,E","   85",",,E","   45",",,E","   58","H,,S"
"NO000001026","2019-05-23","69.6539","18.9281","100.0","TROMSO, NO","    0",",,E","    0",",,E","   87",",,E","   35",",,E","   64","H,,S"
"NO000001026","2019-05-24","69.6539","18.9281","100.0","TROMSO, NO","    0",",,E","    0",",,E","  113",",,E","   24",",,E","   68","H,,S"
"NO000001026","2019-05-25","69.6539","18.9281","100.0","TROMSO, NO","    0",",,E","    0",",,E","   79",",,E","   23",",,E","   42","H,,S"
"NO000001026","2019-05-26","69.6539","18.9281","100.0","TROMSO, NO","    0",",,E","    0",",,E","   71",",,E","    9",",,E","   45","H,,S"
"NO000001026","2019-05-27","69.6539","18.9281","100.0","TROMSO, NO","   44",",,E","    0",",,E","  114",",,E","   11",",,E","   60","H,,S"
"NO000001026","2019-05-28","69.6539","18.9281","100.0","TROMSO, NO","    0",",,E","    0",",,E","  160",",,E","   33",",,E","  112","H,,S"
"NO000001026","2019-05-29","69.6539","18.9281","100.0","TROMSO, NO","    1",",,E","    0",",,E","  148",",,E","   83",",,E","  111","H,,S"
"NO000001026","2019-05-30","69.6539","18.9281","100.0","TROMSO, NO","   84",",,E","    0",",,E","  124",",,E","   49",",,E","   64","H,,S"
"NO000001026","2019-05-31","69.6539","18.9281","100.0","TROMSO, NO","   22",",,E","    0",",,E","  112",",,E","   55",",,E","   72","H,,S"
"NO000001026","2019-06-01","69.6539","18.9281","100.0","TROMSO, NO","    4",",,E","    0",",,E","   69",",,E","   42",",,E","   52","H,,S"
"NO000001026","2019-06-02","69.6539","18.9281","100.0","TROMSO, NO","   53",",,E","    0",",,E","   66",",,E","   36",",,E","   48","H,,S"
"NO000001026","2019-06-03","69.6539","18.9281","100.0","TROMSO, NO","    6",",,E","    0",",,E","  112",",,E","   29",",,E","   76","H,,S"
"NO000001026","2019-06-04","69.6539","18.9281","100.0","TROMSO, NO","    0",",,E","    0",",,E","  134",",,E","   41",",,E","   98","H,,S"
"NO000001026","2019-06-05","69.6539","18.9281","100.0","TROMSO, NO","    3",",,E","    0",",,E","  156",",,E","   60",",,E","  106","H,,S"
"NO000001026","2019-06-06","69.6539","18.9281","100.0","TROMSO, NO","   24",",,E","    0",",,E","  152",",,E","   86",",,E","  108","H,,S"
"NO000001026","2019-06-07","69.6539","18.9281","100.0","TROMSO, NO","    1",",,E","    0",",,E","  168",",,E","   67",",,E","  117","H,,S"
"NO000001026","2019-06-08","69.6539","18.9281","100.0","TROMSO, NO","   30",",,E","    0",",,E","  140",",,E","   89",",,E","   94","H,,S"
"NO000001026","2019-06-09","69.6539","18.9281","100.0","TROMSO, NO","   60",",,E","    0",",,E","  113",",,E","   65",",,E","   91","H,,S"
"NO000001026","2019-06-10","69.6539","18.9281","100.0","TROMSO, NO","    3",",,E","    0",",,E","  104",",,E","   42",",,E","   51","H,,S"
"NO000001026","2019-06-11","69.6539","18.9281","100.0","TROMSO, NO","    3",",,E","    0",",,E","   92",",,E","   17",",,E","   62","H,,S"
"NO000001026","2019-06-12","69.6539","18.9281","100.0","TROMSO, NO","    3",",,E","    0",",,E","  123",",,E","   41",",,E","   83","H,,S"
"NO000001026","2019-06-13","69.6539","18.9281","100.0","TROMSO, NO","    0",",,E","    0",",,E","  159",",,E","   51",",,E","  107","H,,S"
"NO000001026","2019-06-14","69.6539","18.9281","100.0","TROMSO, NO","    0",",,E","    0",",,E","  141",",,E","   50",",,E","   97","H,,S"
"NO000001026","2019-06-15","69.6539","18.9281","100.0","TROMSO, NO","    0",",,E","    0",",,E","  169",",,E","   46",",,E","   94","H,,S"
"NO000001026","2019-06-16","69.6539","18.9281","100.0","TROMSO, NO","    1",",,E","    0",",,E","  141",",,E","   50",",,E","   91","H,,S"
"NO000001026","2019-06-17","69.6539","18.9281","100.0","TROMSO, NO","    0",",,E","    0",",,E","  159",",,E","   52",",,E","  108","H,,S"
"NO000001026","2019-06-18","69.6539","18.9281","100.0","TROMSO, NO","    0",",,E","    0",",,E","  128",",,E","   70",",,E","   92","H,,S"
"NO000001026","2019-06-19","69.6539","18.9281","100.0","TROMSO, NO","   16",",,E","    0",",,E","   95",",,E","   71",",,E","   80","H,,S"
"NO000001026","2019-06-20","69.6539","18.9281","100.0","TROMSO, NO","    7",",,E","    0",",,E","  158",",,E","   69",",,E","  116","H,,S"
"NO000001026","2019-06-21","69.6539","18.9281","100.0","TROMSO, NO","    1",",,E","    0",",,E","  180",",,E","   89",",,E","  134","H,,S"
"NO000001026","2019-06-22","69.6539","18.9281","100.0","TROMSO, NO","   29",",,E","    0",",,E","  123",",,E","   81",",,E","   91","H,,S"
"NO000001026","2019-06-23","69.6539","18.9281","100.0","TROMSO, NO","  260",",,E","    0",",,E","  117",",,E","   78",",,E","   95","H,,S"
"NO000001026","2019-06-24","69.6539","18.9281","100.0","TROMSO, NO","   29",",,E","    0",",,E","  131",",,E","   84",",,E","   96","H,,S"
"NO000001026","2019-06-25","69.6539","18.9281","100.0","TROMSO, NO","   35",",,E","    0",",,E","  123",",,E","   74",",,E","   92","H,,S"
"NO000001026","2019-06-26","69.6539","18.9281","100.0","TROMSO, NO","   11",",,E","    0",",,E","   99",",,E","   78",",,E","   87","H,,S"
"NO000001026","2019-06-27","69.6539","18.9281","100.0","TROMSO, NO","   34",",,E","    0",",,E","  101",",,E","   52",",,E","   64","H,,S"
"NO000001026","2019-06-28","69.6539","18.9281","100.0","TROMSO, NO","   50",",,E","    0",",,E","  114",",,E","   42",",,E","   77","H,,S"
"NO000001026","2019-06-29","69.6539","18.9281","100.0","TROMSO, NO","   88",",,E","    0",",,E","   95",",,E","   23",",,E","   51","H,,S"
"NO000001026","2019-06-30","69.6539","18.9281","100.0","TROMSO, NO","  115",",,E","    0",",,E","  110",",,E","   42",",,E","   73","H,,S"
"NO000001026","2019-07-01","69.6539","18.9281","100.0","TROMSO, NO","    6",",,E","    0",",,E","  113",",,E","   53",",,E","   89","H,,S"
"NO000001026","2019-07-02","69.6539","18.9281","100.0","TROMSO, NO","   65",",,E","    0",",,E","  123",",,E","   62",",,E","   87","H,,S"
"NO000001026","2019-07-03","69.6539","18.9281","100.0","TROMSO, NO","    8",",,E","    0",",,E","  146",",,E","   49",",,E","   98","H,,S"
"NO000001026","2019-07-04","69.6539","18.9281","100.0","TROMSO, NO","    5",",,E","    0",",,E","   98",",,E","   70",",,E","   81","H,,S"
"NO000001026","2019-07-05","69.6539","18.9281","100.0","TROMSO, NO","    9",",,E","    0",",,E","  159",",,E","   72",",,E","  108","H,,S"
"NO000001026","2019-07-06","69.6539","18.9281","100.0","TROMSO, NO","   16",",,E","    0",",,E","  122",",,E","   83",",,E","   87","H,,S"
"NO000001026","2019-07-07","69.6539","18.9281","100.0","TROMSO, NO","    8",",,E","    0",",,E","  213",",,E","   73",",,E","  156","H,,S"
"NO000001026","2019-07-08","69.6539","18.9281","100.0","TROMSO, NO","    1",",,E","    0",",,E","  214",",,E","  122",",,E","  167","H,,S"
"NO000001026","2019-07-09","69.6539","18.9281","100.0","TROMSO, NO","    0",",,E","    0",",,E","  203",",,E","   99",",,E","  149","H,,S"
"NO000001026","2019-07-10","69.6539","18.9281","100.0","TROMSO, NO","    0",",,E","    0",",,E","  155",",,E","   70",",,E","  112","H,,S"
"NO000001026","2019-07-11","69.6539","18.9281","100.0","TROMSO, NO","    1",",,E","    0",",,E","  168",",,E","   89",",,E","  119","H,,S"
"NO000001026","2019-07-12","69.6539","18.9281","100.0","TROMSO, NO","    1",",,E","    0",",,E","  161",",,E","   66",",,E","  114","H,,S"
"NO000001026","2019-07-13","69.6539","18.9281","100.0","TROMSO, NO","    0",",,E","    0",",,E","  172",",,E","   68",",,E","  121","H,,S"
"NO000001026","2019-07-14","69.6539","18.9281","100.0","TROMSO, NO","    0",",,E","    0",",,E","  115",",,E","   78",",,E","   93","H,,S"
"NO000001026","2019-07-15","69.6539","18.9281","100.0","TROMSO, NO","    0",",,E","    0",",,E","  125",",,E","   68",",,E","   96","H,,S"
"NO000001026","2019-07-16","69.6539","18.9281","100.0","TROMSO, NO","    0",",,E","    0",",,E","  120",",,E","   76",",,E","   97","H,,S"
"NO000001026","2019-07-17","69.6539","18.9281","100.0","TROMSO, NO","    0",",,E","    0",",,E","  119",",,E","   74",",,E","   94","H,,S"
"NO000001026","2019-07-18","69.6539","18.9281","100.0","TROMSO, NO","    1",",,E","    0",",,E","  171",",,E","   76",",,E","  121","H,,S"
"NO000001026","2019-07-19","69.6539","18.9281","100.0","TROMSO, NO","    1",",,E","    0",",,E","  230",",,E","   88",",,E","  172","H,,S"
"NO000001026","2019-07-20","69.6539","18.9281","100.0","TROMSO, NO","    2",",,E","    0",",,E","  237",",,E","  118",",,E","  172","H,,S"
"NO000001026","2019-07-21","69.6539","18.9281","100.0","TROMSO, NO","    1",",,E","    0",",,E","  257",",,E","  120",",,E","  192","H,,S"
"NO000001026","2019-07-22","69.6539","18.9281","100.0","TROMSO, NO","    8",",,E","    0",",,E","  231",",,E","  138",",,E","  163","H,,S"
"NO000001026","2019-07-23","69.6539","18.9281","100.0","TROMSO, NO","    7",",,E","    0",",,E","  235",",,E","  117",",,E","  168","H,,S"
"NO000001026","2019-07-24","69.6539","18.9281","100.0","TROMSO, NO","    2",",,E","    0",",,E","  195",",,E","  121",",,E","  134","H,,S"
"NO000001026","2019-07-25","69.6539","18.9281","100.0","TROMSO, NO","    6",",,E","    0",",,E","  192",",,E","   99",",,E","  146","H,,S"
"NO000001026","2019-07-26","69.6539","18.9281","100.0","TROMSO, NO","    3",",,E","    0",",,E","  166",",,E","  131",",,E","  142","H,,S"
"NO000001026","2019-07-27","69.6539","18.9281","100.0","TROMSO, NO","    0",",,E","    0",",,E","  188",",,E","  106",",,E","  136","H,,S"
"NO000001026","2019-07-28","69.6539","18.9281","100.0","TROMSO, NO","    0",",,E","    0",",,E","  181",",,E","   93",",,E","  135","H,,S"
"NO000001026","2019-07-29","69.6539","18.9281","100.0","TROMSO, NO","    0",",,E","    0",",,E","  126",",,E","   81",",,E","  101","H,,S"
"NO000001026","2019-07-30","69.6539","18.9281","100.0","TROMSO, NO","    0",",,E","    0",",,E","  129",",,E","   69",",,E","   98","H,,S"
"NO000001026","2019-07-31","69.6539","18.9281","100.0","TROMSO, NO","    0",",,E","    0",",,E","  155",",,E","   52",",,E","  106","H,,S"
"NO000001026","2019-08-01","69.6539","18.9281","100.0","TROMSO, NO","    2",",,E","    0",",,E","  143",",,E","   84",",,E","  111","H,,S"
"NO000001026","2019-08-02","69.6539","18.9281","100.0","TROMSO, NO","    0",",,E","    0",",,E","  160",",,E","   64",",,E","  107","H,,S"
"NO000001026","2019-08-03","69.6539","18.9281","100.0","TROMSO, NO","    0",",,E","    0",",,E","  168",",,E","   50",",,E","  114","H,,S"
"NO000001026","2019-08-04","69.6539","18.9281","100.0","TROMSO, NO","    0",",,E","    0",",,E","  159",",,E","   58",",,E","  106","H,,S"
"NO000001026","2019-08-05","69.6539","18.9281","100.0","TROMSO, NO","    0",",,E","    0",",,E","  131",",,E","   41",",,E","   82","H,,S"
"NO000001026","2019-08-06","69.6539","18.9281","100.0","TROMSO, NO","    0",",,E","    0",",,E","  156",",,E","   38",",,E","  104","H,,S"
"NO000001026","2019-08-07","69.6539","18.9281","100.0","TROMSO, NO","    0",",,E","    0",",,E","  171",",,E","   53",",,E","  117","H,,S"
"NO000001026","2019-08-08","69.6539","18.9281","100.0","TROMSO, NO","    0",",,E","    0",",,E","  147",",,E","   77",",,E","  119","H,,S"
"NO000001026","2019-08-09","69.6539","18.9281","100.0","TROMSO, NO","    0",",,E","    0",",,E","  160",",,E","   67",",,E","  112","H,,S"
"NO000001026","2019-08-10","69.6539","18.9281","100.0","TROMSO, NO","    1",",,E","    0",",,E","  173",",,E","   54",",,E","  114","H,,S"
"NO000001026","2019-08-11","69.6539","18.9281","100.0","TROMSO, NO","    0",",,E","    0",",,E","  201",",,E","   86",",,E","  144","H,,S"
"NO000001026","2019-08-12","69.6539","18.9281","100.0","TROMSO, NO","    2",",,E","    0",",,E","  199",",,E","  120",",,E","  141","H,,S"
"NO000001026","2019-08-13","69.6539","18.9281","100.0","TROMSO, NO","    0",",,E","    0",",,E","  174",",,E","   81",",,E","  128","H,,S"
"NO000001026","2019-08-14","69.6539","18.9281","100.0","TROMSO, NO","    1",",,E","    0",",,E","  144",",,E","   93",",,E","  121","H,,S"
"NO000001026","2019-08-15","69.6539","18.9281","100.0","TROMSO, NO","    0",",,E","    0",",,E","  119",",,E","   91",",,E","   97","H,,S"
"NO000001026","2019-08-16","69.6539","18.9281","100.0","TROMSO, NO","   46",",,E","    0",",,E","  125",",,E","   82",",,E","   96","H,,S"
"NO000001026","2019-08-17","69.6539","18.9281","100.0","TROMSO, NO","   12",",,E","    0",",,E","  174",",,E","   87",",,E","  126","H,,S"
"NO000001026","2019-08-18","69.6539","18.9281","100.0","TROMSO, NO","   19",",,E","    0",",,E","  185",",,E","  104",",,E","  146","H,,S"
"NO000001026","2019-08-19","69.6539","18.9281","100.0","TROMSO, NO","   47",",,E","    0",",,E","  170",",,E","  119",",,E","  125","H,,S"
"NO000001026","2019-08-20","69.6539","18.9281","100.0","TROMSO, NO","  109",",,E","    0",",,E","  152",",,E","   95",",,E","  114","H,,S"
"NO000001026","2019-08-21","69.6539","18.9281","100.0","TROMSO, NO","    0",",,E","    0",",,E","  175",",,E","   84",",,E","  121","H,,S"
"NO000001026","2019-08-22","69.6539","18.9281","100.0","TROMSO, NO","   51",",,E","    0",",,E","  127",",,E","   94",",,E","  104","H,,S"
"NO000001026","2019-08-23","69.6539","18.9281","100.0","TROMSO, NO","    0",",,E","    0",",,E","  149",",,E","   82",",,E","  106","H,,S"
"NO000001026","2019-08-24","69.6539","18.9281","100.0","TROMSO, NO","    6",",,E","    0",",,E","  101",",,E","   65",",,E","   73","H,,S"
"NO000001026","2019-08-25","69.6539","18.9281","100.0","TROMSO, NO","    0",",,E","    0",",,E","  111",",,E","   36",",,E","   87","H,,S"
"NO000001026","2019-08-26","69.6539","18.9281","100.0","TROMSO, NO","  195",",,E","    0",",,E","  128",",,E","  101",",,E","  114","H,,S"
"NO000001026","2019-08-27","69.6539","18.9281","100.0","TROMSO, NO","   20",",,E","    0",",,E","  169",",,E","  104",",,E","  133","H,,S"
"NO000001026","2019-08-28","69.6539","18.9281","100.0","TROMSO, NO","    1",",,E","    0",",,E","  181",",,E","  104",",,E","  138","H,,S"
"NO000001026","2019-08-29","69.6539","18.9281","100.0","TROMSO, NO","    2",",,E","    0",",,E","  222",",,E","  117",",,E","  173","H,,S"
"NO000001026","2019-08-30","69.6539","18.9281","100.0","TROMSO, NO","   44",",,E","    0",",,E","  183",",,E","  111",",,E","  123","H,,S"
"NO000001026","2019-08-31","69.6539","18.9281","100.0","TROMSO, NO","   99",",,E","    0",",,E","  168",",,E","   80",",,E","  121","H,,S"
"NO000001026","2019-09-01","69.6539","18.9281","100.0","TROMSO, NO","   23",",,E","    0",",,E","  206",",,E","   89",",,E","  150","H,,S"
"NO000001026","2019-09-02","69.6539","18.9281","100.0","TROMSO, NO","  132",",,E","    0",",,E","  200",",,E","  103",",,E","  116","H,,S"
"NO000001026","2019-09-03","69.6539","18.9281","100.0","TROMSO, NO","    3",",,E","    0",",,E","  146",",,E","   69",",,E","  109","H,,S"
"NO000001026","2019-09-04","69.6539","18.9281","100.0","TROMSO, NO","    3",",,E","    0",",,E","  115",",,E","   88",",,E","  101","H,,S"
"NO000001026","2019-09-05","69.6539","18.9281","100.0","TROMSO, NO","   49",",,E","    0",",,E","  130",",,E","   81",",,E","   98","H,,S"
"NO000001026","2019-09-06","69.6539","18.9281","100.0","TROMSO, NO","   18",",,E","    0",",,E","   90",",,E","   68",",,E","   74","H,,S"
"NO000001026","2019-09-07","69.6539","18.9281","100.0","TROMSO, NO","   73",",,E","    0",",,E","  101",",,E","   57",",,E","   71","H,,S"
"NO000001026","2019-09-08","69.6539","18.9281","100.0","TROMSO, NO","   41",",,E","    0",",,E","   97",",,E","   25",",,E","   79","H,,S"
"NO000001026","2019-09-09","69.6539","18.9281","100.0","TROMSO, NO","    8",",,E","    0",",,E","  176",",,E","   83",",,E","  124","H,,S"
"NO000001026","2019-09-10","69.6539","18.9281","100.0","TROMSO, NO","    0",",,E","    0",",,E","  139",",,E","   68",",,E","  103","H,,S"
"NO000001026","2019-09-11","69.6539","18.9281","100.0","TROMSO, NO","   20",",,E","    0",",,E","  217",",,E","   92",",,E","  149","H,,S"
"NO000001026","2019-09-12","69.6539","18.9281","100.0","TROMSO, NO","   40",",,E","    0",",,E","  173",",,E","   89",",,E","  113","H,,S"
"NO000001026","2019-09-13","69.6539","18.9281","100.0","TROMSO, NO","   85",",,E","    0",",,E","   92",",,E","   61",",,E","   73","H,,S"
"NO000001026","2019-09-14","69.6539","18.9281","100.0","TROMSO, NO","   55",",,E","    0",",,E","   85",",,E","   50",",,E","   57","H,,S"
"NO000001026","2019-09-15","69.6539","18.9281","100.0","TROMSO, NO","   16",",,E","    0",",,E","  125",",,E","   12",",,E","   69","H,,S"
"NO000001026","2019-09-16","69.6539","18.9281","100.0","TROMSO, NO","    0",",,E","    0",",,E","  108",",,E","   31",",,E","   63","H,,S"
"NO000001026","2019-09-17","69.6539","18.9281","100.0","TROMSO, NO","    0",",,E","    0",",,E","  105",",,E","   30",",,E","   66","H,,S"
"NO000001026","2019-09-18","69.6539","18.9281","100.0","TROMSO, NO","    2",",,E","    0",",,E","   83",",,E","   24",",,E","   42","H,,S"
"NO000001026","2019-09-19","69.6539","18.9281","100.0","TROMSO, NO","  150",",,E","    0",",,E","   61",",,E","    8",",,E","   32","H,,S"
"NO000001026","2019-09-20","69.6539","18.9281","100.0","TROMSO, NO","   80",",,E","    0",",,E","   64",",,E","   23",",,E","   42","H,,S"
"NO000001026","2019-09-21","69.6539","18.9281","100.0","TROMSO, NO","   83",",,E","    0",",,E","   43",",,E","   16",",,E","   24","H,,S"
"NO000001026","2019-09-22","69.6539","18.9281","100.0","TROMSO, NO","  166",",,E","    0",",,E","   70",",,E","   10",",,E","   31","H,,S"
"NO000001026","2019-09-23","69.6539","18.9281","100.0","TROMSO, NO","   14",",,E","    0",",,E","   63",",,E","   -4",",,E","   24","H,,S"
"NO000001026","2019-09-24","69.6539","18.9281","100.0","TROMSO, NO","    0",",,E","    0",",,E","   65",",,E","  -10",",,E","   36","H,,S"
"NO000001026","2019-09-25","69.6539","18.9281","100.0","TROMSO, NO","    5",",,E","    0",",,E","   83",",,E","   52",",,E","   72","H,,S"
"NO000001026","2019-09-26","69.6539","18.9281","100.0","TROMSO, NO","   28",",,E","    0",",,E","  101",",,E","   81",",,E","   83","H,,S"
"NO000001026","2019-09-27","69.6539","18.9281","100.0","TROMSO, NO","    6",",,E","    0",",,E","  101",",,E","   40",",,E","   57","H,,S"
"NO000001026","2019-09-28","69.6539","18.9281","100.0","TROMSO, NO","    0",",,E","    0",",,E","   74",",,E","   25",",,E","   52","H,,S"
"NO000001026","2019-09-29","69.6539","18.9281","100.0","TROMSO, NO","   27",",,E","    0",",,E","   62",",,E","   17",",,E","   36","H,,S"
"NO000001026","2019-09-30","69.6539","18.9281","100.0","TROMSO, NO","    1",",,E","    0",",,E","   59",",,E","   28",",,E","   46","H,,S"
"NO000001026","2019-10-01","69.6539","18.9281","100.0","TROMSO, NO","    0",",,E","    0",",,E","   83",",,E","   55",",,E","   61","H,,S"
"NO000001026","2019-10-02","69.6539","18.9281","100.0","TROMSO, NO","    0",",,E","    0",",,E","   59",",,E","    8",",,E","   32","H,,S"
"NO000001026","2019-10-03","69.6539","18.9281","100.0","TROMSO, NO","    0",",,E","    0",",,E","   44",",,E","   -6",",,E","   24","H,,S"
"NO000001026","2019-10-04","69.6539","18.9281","100.0","TROMSO, NO","    1",",,E","    0",",,E","   46",",,E","    7",",,E","   27","H,,S"
"NO000001026","2019-10-05","69.6539","18.9281","100.0","TROMSO, NO","   44",",,E","    0",",,E","   53",",,E","   21",",,E","   38","H,,S"
"NO000001026","2019-10-06","69.6539","18.9281","100.0","TROMSO, NO","  109",",,E","    0",",,E","   59",",,E","   37",",,E","   49","H,,S"
"NO000001026","2019-10-07","69.6539","18.9281","100.0","TROMSO, NO","  124",",,E","    0",",,E","   71",",,E","   21",",,E","   34","H,,S"
"NO000001026","2019-10-08","69.6539","18.9281","100.0","TROMSO, NO","    2",",,E","    0",",,E","   67",",,E","   -1",",,E","   22","H,,S"
"NO000001026","2019-10-09","69.6539","18.9281","100.0","TROMSO, NO","    0",",,E","    0",",,E","   54",",,E","    0",",,E","   23","H,,S"
"NO000001026","2019-10-10","69.6539","18.9281","100.0","TROMSO, NO","    2",",,E","    0",",,E","   50",",,E","    0",",,E","   16","H,,S"
"NO000001026","2019-10-11","69.6539","18.9281","100.0","TROMSO, NO","    0",",,E","    0",",,E","   34",",,E","  -24",",,E","   -2","H,,S"
"NO000001026","2019-10-12","69.6539","18.9281","100.0","TROMSO, NO","    0",",,E","    0",",,E","   32",",,E","  -37",",,E","  -15","H,,S"
"NO000001026","2019-10-13","69.6539","18.9281","100.0","TROMSO, NO","    0",",,E","    0",",,E","   45",",,E","  -38",",,E","   -5","H,,S"
"NO000001026","2019-10-14","69.6539","18.9281","100.0","TROMSO, NO","    0",",,E","    0",",,E","   27",",,E","  -31",",,E","   -4","H,,S"
"NO000001026","2019-10-15","69.6539","18.9281","100.0","TROMSO, NO","    0",",,E","    0",",,E","   25",",,E","  -33",",,E","  -12","H,,S"
"NO000001026","2019-10-16","69.6539","18.9281","100.0","TROMSO, NO","    0",",,E","    0",",,E","   36",",,E","  -33",",,E","   -4","H,,S"
"NO000001026","2019-10-17","69.6539","18.9281","100.0","TROMSO, NO","    2",",,E","    0",",,E","   16",",,E","  -39",",,E","  -11","H,,S"
"NO000001026","2019-10-18","69.6539","18.9281","100.0","TROMSO, NO","    0",",,E","    0",",,E","   29",",,E","   -8",",,E","    9","H,,S"
"NO000001026","2019-10-19","69.6539","18.9281","100.0","TROMSO, NO","   21",",,E","   20",",,E","   24",",,E","  -37",",,E","  -19","H,,S"
"NO000001026","2019-10-20","69.6539","18.9281","100.0","TROMSO, NO","    1",",,E","   20",",,E","   13",",,E","  -47",",,E","   -4","H,,S"
"NO000001026","2019-10-21","69.6539","18.9281","100.0","TROMSO, NO","   48",",,E","   50",",,E","   18",",,E","   -3",",,E","    2","H,,S"
"NO000001026","2019-10-22","69.6539","18.9281","100.0","TROMSO, NO","   16",",,E","   40",",,E","   33",",,E","  -10",",,E","   12","H,,S"
"NO000001026","2019-10-23","69.6539","18.9281","100.0","TROMSO, NO","   30",",,E","   20",",,E","   38",",,E","    9",",,E","   20","H,,S"
"NO000001026","2019-10-24","69.6539","18.9281","100.0","TROMSO, NO","   13",",,E","   10",",,E","   23",",,E","  -13",",,E","    2","H,,S"
"NO000001026","2019-10-25","69.6539","18.9281","100.0","TROMSO, NO","   60",",,E","  150",",,E","   20",",,E","   -3",",,E","    9","H,,S"
"NO000001026","2019-10-26","69.6539","18.9281","100.0","TROMSO, NO","    7",",,E","  150",",,E","   24",",,E","  -28",",,E","  -11","H,,S"
"NO000001026","2019-10-27","69.6539","18.9281","100.0","TROMSO, NO","    0",",,E","  140",",,E","   -3",",,E","  -55",",,E","  -41","H,,S"
"NO000001026","2019-10-28","69.6539","18.9281","100.0","TROMSO, NO","   25",",,E","  180",",,E","   -5",",,E","  -61",",,E","  -22","H,,S"
"NO000001026","2019-10-29","69.6539","18.9281","100.0","TROMSO, NO","   59",",,E","  260",",,E","  -13",",,E","  -51",",,E","  -26","H,,S"
"NO000001026","2019-10-30","69.6539","18.9281","100.0","TROMSO, NO","   14",",,E","  250",",,E","  -12",",,E","  -42",",,E","  -24","H,,S"
"NO000001026","2019-10-31","69.6539","18.9281","100.0","TROMSO, NO","    0",",,E","  210",",,E","    6",",,E","  -34",",,E","   -9","H,,S"
"NO000001026","2019-11-01","69.6539","18.9281","100.0","TROMSO, NO","  116",",,E","  370",",,E","    4",",,E","  -25",",,E","  -13","H,,S"
"NO000001026","2019-11-02","69.6539","18.9281","100.0","TROMSO, NO","   65",",,E","  480",",,E","  -15",",,E","  -29",",,E","  -18","H,,S"
"NO000001026","2019-11-03","69.6539","18.9281","100.0","TROMSO, NO","  150",",,E","  560",",,E","    6",",,E","  -50",",,E","  -16","H,,S"
"NO000001026","2019-11-04","69.6539","18.9281","100.0","TROMSO, NO","   40",",,E","  590",",,E","  -13",",,E","  -44",",,E","  -18","H,,S"
"NO000001026","2019-11-05","69.6539","18.9281","100.0","TROMSO, NO","   68",",,E","  690",",,E","   -4",",,E","  -35",",,E","  -12","H,,S"
"NO000001026","2019-11-06","69.6539","18.9281","100.0","TROMSO, NO","   25",",,E","  700",",,E","   -1",",,E","  -54",",,E","  -23","H,,S"
"NO000001026","2019-11-07","69.6539","18.9281","100.0","TROMSO, NO","    0",",,E","  650",",,E","  -43",",,E","  -81",",,E","  -68","H,,S"
"NO000001026","2019-11-08","69.6539","18.9281","100.0","TROMSO, NO","    0",",,E","  650",",,E","  -62",",,E","  -98",",,E","  -83","H,,S"
"NO000001026","2019-11-09","69.6539","18.9281","100.0","TROMSO, NO","    0",",,E","  560",",,E","  -76",",,E"," -104",",,E","  -92","H,,S"
"NO000001026","2019-11-10","69.6539","18.9281","100.0","TROMSO, NO","    0",",,E","  540",",,E","  -70",",,E"," -105",",,E","  -80","H,,S"
"NO000001026","2019-11-11","69.6539","18.9281","100.0","TROMSO, NO","    0",",,E","  530",",,E","  -65",",,E","  -99",",,E","  -81","H,,S"
"NO000001026","2019-11-12","69.6539","18.9281","100.0","TROMSO, NO","    0",",,E","  520",",,E","  -17",",,E","  -87",",,E","  -37","H,,S"
"NO000001026","2019-11-13","69.6539","18.9281","100.0","TROMSO, NO","    3",",,E","  490",",,E","   10",",,E","  -17",",,E","   -3","H,,S"
"NO000001026","2019-11-14","69.6539","18.9281","100.0","TROMSO, NO","    0",",,E","  480",",,E","   -4",",,E","  -50",",,E","  -31","H,,S"
"NO000001026","2019-11-15","69.6539","18.9281","100.0","TROMSO, NO","    0",",,E","  470",",,E","   26",",,E","  -20",",,E","   16","H,,S"
"NO000001026","2019-11-16","69.6539","18.9281","100.0","TROMSO, NO","   34",",,E","  450",",,E","   25",",,E","  -52",",,E","  -32","H,,S"
"NO000001026","2019-11-17","69.6539","18.9281","100.0","TROMSO, NO","    0",",,E","  440",",,E","   10",",,E","  -61",",,E","   -9","H,,S"
"NO000001026","2019-11-18","69.6539","18.9281","100.0","TROMSO, NO","    0",",,E","  440",",,E","   -2",",,E","  -34",",,E","  -17","H,,S"
"NO000001026","2019-11-19","69.6539","18.9281","100.0","TROMSO, NO","    3",",,E","  440",",,E","   42",",,E","  -32",",,E","   12","H,,S"
"NO000001026","2019-11-20","69.6539","18.9281","100.0","TROMSO, NO","    1",",,E","  430",",,E","   58",",,E","   18",",,E","   47","H,,S"
"NO000001026","2019-11-21","69.6539","18.9281","100.0","TROMSO, NO","    0",",,E","  380",",,E","   61",",,E","   44",",,E","   53","H,,S"
"NO000001026","2019-11-22","69.6539","18.9281","100.0","TROMSO, NO","    0",",,E","  320",",,E","   52",",,E","  -12",",,E","    6","H,,S"
"NO000001026","2019-11-23","69.6539","18.9281","100.0","TROMSO, NO","    0",",,E","  300",",,E","   20",",,E","   -9",",,E","   12","H,,S"
"NO000001026","2019-11-24","69.6539","18.9281","100.0","TROMSO, NO","   13",",,E","  280",",,E","   29",",,E","   15",",,E","   22","H,,S"
"NO000001026","2019-11-25","69.6539","18.9281","100.0","TROMSO, NO","   47",",,E","  260",",,E","   37",",,E","    7",",,E","   23","H,,S"
"NO000001026","2019-11-26","69.6539","18.9281","100.0","TROMSO, NO","   37",",,E","  260",",,E","   24",",,E","  -21",",,E","  -11","H,,S"
"NO000001026","2019-11-27","69.6539","18.9281","100.0","TROMSO, NO","   61",",,E","  300",",,E","  -13",",,E","  -42",",,E","  -25","H,,S"
"NO000001026","2019-11-28","69.6539","18.9281","100.0","TROMSO, NO","    1",",,E","  290",",,E","  -18",",,E","  -74",",,E","  -52","H,,S"
"NO000001026","2019-11-29","69.6539","18.9281","100.0","TROMSO, NO","    0",",,E","  280",",,E","  -31",",,E"," -102",",,E","  -58","H,,S"
"NO000001026","2019-11-30","69.6539","18.9281","100.0","TROMSO, NO","  142",",,E","  370",",,E","  -19",",,E","  -52",",,E","  -35","H,,S"
"NO000001026","2019-12-01","69.6539","18.9281","100.0","TROMSO, NO","  171",",,E","  510",",,E","   14",",,E","  -52",",,E","   -1","H,,S"
"NO000001026","2019-12-02","69.6539","18.9281","100.0","TROMSO, NO","  183",",,E","  580",",,E","    7",",,E","  -18",",,E","   -6","H,,S"
"NO000001026","2019-12-03","69.6539","18.9281","100.0","TROMSO, NO","  182",",,E","  690",",,E","    9",",,E","  -23",",,E","   -1","H,,S"
"NO000001026","2019-12-04","69.6539","18.9281","100.0","TROMSO, NO","  108",",,E","  570",",,E","   62",",,E","    8",",,E","   48","H,,S"
"NO000001026","2019-12-05","69.6539","18.9281","100.0","TROMSO, NO","  184",",,E","  390",",,E","   63",",,E","   16",",,E","   32","H,,S"
"NO000001026","2019-12-06","69.6539","18.9281","100.0","TROMSO, NO","   37",",,E","  380",",,E","   32",",,E","  -37",",,E","  -10","H,,S"
"NO000001026","2019-12-07","69.6539","18.9281","100.0","TROMSO, NO","    0",",,E","  380",",,E","  -14",",,E","  -58",",,E","  -34","H,,S"
"NO000001026","2019-12-08","69.6539","18.9281","100.0","TROMSO, NO","    8",",,E","  380",",,E","  -19",",,E","  -43",",,E","  -32","H,,S"
"NO000001026","2019-12-09","69.6539","18.9281","100.0","TROMSO, NO","   38",",,E","  430",",,E","  -29",",,E","  -74",",,E","  -53","H,,S"
"NO000001026","2019-12-10","69.6539","18.9281","100.0","TROMSO, NO","   67",",,E","  490",",,E","  -27",",,E","  -60",",,E","  -49","H,,S"
"NO000001026","2019-12-11","69.6539","18.9281","100.0","TROMSO, NO","   51",",,E","  550",",,E","   12",",,E","  -83",",,E","  -13","H,,S"
"NO000001026","2019-12-12","69.6539","18.9281","100.0","TROMSO, NO","   25",",,E","  500",",,E","   45",",,E","    3",",,E","   19","H,,S"
"NO000001026","2019-12-13","69.6539","18.9281","100.0","TROMSO, NO","    0",",,E","  490",",,E","   20",",,E","  -19",",,E","   -2","H,,S"
"NO000001026","2019-12-14","69.6539","18.9281","100.0","TROMSO, NO","    0",",,E","  490",",,E","   -9",",,E","  -54",",,E","  -33","H,,S"
"NO000001026","2019-12-15","69.6539","18.9281","100.0","TROMSO, NO","    0",",,E","  480",",,E","   17",",,E","  -39",",,E","   -7","H,,S"
"NO000001026","2019-12-16","69.6539","18.9281","100.0","TROMSO, NO","    2",",,E","  480",",,E","    8",",,E","  -26",",,E","   -8","H,,S"
"NO000001026","2019-12-17","69.6539","18.9281","100.0","TROMSO, NO","   12",",,E","  500",",,E","   -5",",,E","  -21",",,E","  -13","H,,S"
"NO000001026","2019-12-18","69.6539","18.9281","100.0","TROMSO, NO","   25",",,E","  500",",,E","   -6",",,E","  -22",",,E","  -11","H,,S"
"NO000001026","2019-12-19","69.6539","18.9281","100.0","TROMSO, NO","   28",",,E","  540",",,E","    3",",,E","  -39",",,E","  -29","H,,S"
"NO000001026","2019-12-20","69.6539","18.9281","100.0","TROMSO, NO","   13",",,E","  560",",,E","  -11",",,E","  -42",",,E","  -23","H,,S"
"NO000001026","2019-12-21","69.6539","18.9281","100.0","TROMSO, NO","    0",",,E","  550",",,E","   -4",",,E","  -81",",,E","  -43","H,,S"
"NO000001026","2019-12-22","69.6539","18.9281","100.0","TROMSO, NO","    0",",,E","  540",",,E","   19",",,E","  -29",",,E","    6","H,,S"
"NO000001026","2019-12-23","69.6539","18.9281","100.0","TROMSO, NO","    1",",,E","  520",",,E","   22",",,E","   -2",",,E","    6","H,,S"
"NO000001026","2019-12-24","69.6539","18.9281","100.0","TROMSO, NO","   11",",,E","  520",",,E","   23",",,E","   -5",",,E","   11","H,,S"
"NO000001026","2019-12-25","69.6539","18.9281","100.0","TROMSO, NO","   12",",,E","  500",",,E","   23",",,E","    6",",,E","    7","H,,S"
"NO000001026","2019-12-26","69.6539","18.9281","100.0","TROMSO, NO","    0",",,E","  500",",,E","    9",",,E","  -60",",,E","  -33","H,,S"
"NO000001026","2019-12-27","69.6539","18.9281","100.0","TROMSO, NO","    0",",,E","  490",",,E","   -9",",,E","  -51",",,E","  -22","H,,S"
"NO000001026","2019-12-28","69.6539","18.9281","100.0","TROMSO, NO","    0",",,E","  480",",,E","   56",",,E","  -11",",,E","   27","H,,S"
"NO000001026","2019-12-29","69.6539","18.9281","100.0","TROMSO, NO","  122",",,E","  430",",,E","   71",",,E","   27",",,E","   32","H,,S"
"NO000001026","2019-12-30","69.6539","18.9281","100.0","TROMSO, NO","   57",",,E","  430",",,E","   28",",,E","  -15",",,E","   -6","H,,S"
"NO000001026","2019-12-31","69.6539","18.9281","100.0","TROMSO, NO","   12",",,E","  420",",,E","    5",",,E","  -47",",,E","  -17","H,,S"
"NO000001026","2020-01-01","69.6539","18.9281","100.0","TROMSO, NO","   58",",,E","  460",",,E","   -1",",,E","  -44",",,E","  -11","H,,S"
"NO000001026","2020-01-02","69.6539","18.9281","100.0","TROMSO, NO","  151",",,E","  450",",,E","   51",",,E","   -2",",,E","   32","H,,S"
"NO000001026","2020-01-03","69.6539","18.9281","100.0","TROMSO, NO","  123",",,E","  400",",,E","   52",",,E","  -16",",,E","    4","H,,S"
"NO000001026","2020-01-04","69.6539","18.9281","100.0","TROMSO, NO","   78",",,E","  450",",,E","   -3",",,E","  -58",",,E","  -34","H,,S"
"NO000001026","2020-01-05","69.6539","18.9281","100.0","TROMSO, NO","  108",",,E","  550",",,E","  -21",",,E","  -45",",,E","  -27","H,,S"
"NO000001026","2020-01-06","69.6539","18.9281","100.0","TROMSO, NO","   44",",,E","  580",",,E","   36",",,E","  -32",",,E","   17","H,,S"
"NO000001026","2020-01-07","69.6539","18.9281","100.0","TROMSO, NO","   43",",,E","  490",",,E","   70",",,E","   20",",,E","   49","H,,S"
"NO000001026","2020-01-08","69.6539","18.9281","100.0","TROMSO, NO","   17",",,E","  440",",,E","   62",",,E","   25",",,E","   37","H,,S"
"NO000001026","2020-01-09","69.6539","18.9281","100.0","TROMSO, NO","   37",",,E","  390",",,E","   31",",,E","    0",",,E","   17","H,,S"
"NO000001026","2020-01-10","69.6539","18.9281","100.0","TROMSO, NO","  163",",,E","  480",",,E","   27",",,E","    0",",,E","    8","H,,S"
"NO000001026","2020-01-11","69.6539","18.9281","100.0","TROMSO, NO","   72",",,E","  520",",,E","   31",",,E","  -10",",,E","    8","H,,S"
"NO000001026","2020-01-12","69.6539","18.9281","100.0","TROMSO, NO","   41",",,E","  540",",,E","   23",",,E","   -9",",,E","    9","H,,S"
"NO000001026","2020-01-13","69.6539","18.9281","100.0","TROMSO, NO","   86",",,E","  520",",,E","   27",",,E","    3",",,E","   15","H,,S"
"NO000001026","2020-01-14","69.6539","18.9281","100.0","TROMSO, NO","   72",",,E","  560",",,E","   15",",,E","   -7",",,E","   -2","H,,S"
"NO000001026","2020-01-15","69.6539","18.9281","100.0","TROMSO, NO","    9",",,E","  560",",,E","    5",",,E","  -50",",,E","  -41","H,,S"
"NO000001026","2020-01-16","69.6539","18.9281","100.0","TROMSO, NO","    0",",,E","  560",",,E","  -22",",,E","  -54",",,E","  -29","H,,S"
"NO000001026","2020-01-17","69.6539","18.9281","100.0","TROMSO, NO","    0",",,E","  540",",,E","  -10",",,E","  -78",",,E","  -44","H,,S"
"NO000001026","2020-01-18","69.6539","18.9281","100.0","TROMSO, NO","    0",",,E","  540",",,E","   -8",",,E","  -79",",,E","  -49","H,,S"
"NO000001026","2020-01-19","69.6539","18.9281","100.0","TROMSO, NO","    0",",,E","  540",",,E","    4",",,E","  -36",",,E","   -7","H,,S"
"NO000001026","2020-01-20","69.6539","18.9281","100.0","TROMSO, NO","   34",",,E","  540",",,E","   43",",,E","    1",",,E","   22","H,,S"
"NO000001026","2020-01-21","69.6539","18.9281","100.0","TROMSO, NO","  139",",,E","  620",",,E","   29",",,E","  -27",",,E","   -6","H,,S"
"NO000001026","2020-01-22","69.6539","18.9281","100.0","TROMSO, NO","   86",",,E","  720",",,E","    2",",,E","  -34",",,E","  -23","H,,S"
"NO000001026","2020-01-23","69.6539","18.9281","100.0","TROMSO, NO","  101",",,E","  820",",,E","   13",",,E","  -37",",,E","   -6","H,,S"
"NO000001026","2020-01-24","69.6539","18.9281","100.0","TROMSO, NO","   67",",,E","  920",",,E","    7",",,E","  -22",",,E","  -13","H,,S"
"NO000001026","2020-01-25","69.6539","18.9281","100.0","TROMSO, NO","   10",",,E","  890",",,E","  -17",",,E","  -61",",,E","  -44","H,,S"
"NO000001026","2020-01-26","69.6539","18.9281","100.0","TROMSO, NO","   15",",,E","  860",",,E","  -61",",,E"," -117",",,E","  -94","H,,S"
"NO000001026","2020-01-27","69.6539","18.9281","100.0","TROMSO, NO","    0",",,E","  850",",,E","  -74",",,E"," -122",",,E","  -94","H,,S"
"NO000001026","2020-01-28","69.6539","18.9281","100.0","TROMSO, NO","    0",",,E","  820",",,E","  -37",",,E","  -98",",,E","  -59","H,,S"
"NO000001026","2020-01-29","69.6539","18.9281","100.0","TROMSO, NO","   11",",,E","  800",",,E","  -52",",,E","  -67",",,E","  -57","H,,S"
"NO000001026","2020-01-30","69.6539","18.9281","100.0","TROMSO, NO","    2",",,E","  780",",,E","  -15",",,E","  -60",",,E","  -28","H,,S"
"NO000001026","2020-01-31","69.6539","18.9281","100.0","TROMSO, NO","    7",",,E","  780",",,E","  -14",",,E","  -33",",,E","  -26","H,,S"
"NO000001026","2020-02-01","69.6539","18.9281","100.0","TROMSO, NO","   12",",,E","  750",",,E","    0",",,E","  -42",",,E","  -22","H,,S"
"NO000001026","2020-02-02","69.6539","18.9281","100.0","TROMSO, NO","    7",",,E","  740",",,E","    0",",,E","  -42",",,E","  -24","H,,S"
"NO000001026","2020-02-03","69.6539","18.9281","100.0","TROMSO, NO","  170",",,E","  890",",,E","   -6",",,E","  -55",",,E","  -42","H,,S"
"NO000001026","2020-02-04","69.6539","18.9281","100.0","TROMSO, NO","  104",",,E"," 1010",",,E","  -29",",,E","  -64",",,E","  -51","H,,S"
"NO000001026","2020-02-05","69.6539","18.9281","100.0","TROMSO, NO","  149",",,E"," 1090",",,E","  -43",",,E","  -76",",,E","  -55","H,,S"
"NO000001026","2020-02-06","69.6539","18.9281","100.0","TROMSO, NO","  130",",,E"," 1140",",,E","  -26",",,E","  -57",",,E","  -39","H,,S"
"NO000001026","2020-02-07","69.6539","18.9281","100.0","TROMSO, NO","   78",",,E"," 1150",",,E","   43",",,E","  -44",",,E","   13","H,,S"
"NO000001026","2020-02-08","69.6539","18.9281","100.0","TROMSO, NO","   70",",,E"," 1080",",,E","   48",",,E","   29",",,E","   37","H,,S"
"NO000001026","2020-02-09","69.6539","18.9281","100.0","TROMSO, NO","    0",",,E","  940",",,E","   35",",,E","   -9",",,E","   14","H,,S"
"NO000001026","2020-02-10","69.6539","18.9281","100.0","TROMSO, NO","    0",",,E","  920",",,E","   11",",,E","  -31",",,E","   -8","H,,S"
"NO000001026","2020-02-11","69.6539","18.9281","100.0","TROMSO, NO","   22",",,E","  940",",,E","   16",",,E","   -7",",,E","    7","H,,S"
"NO000001026","2020-02-12","69.6539","18.9281","100.0","TROMSO, NO","   67",",,E","  940",",,E","    6",",,E","   -7",",,E","   -2","H,,S"
"NO000001026","2020-02-13","69.6539","18.9281","100.0","TROMSO, NO","   36",",,E"," 1000",",,E","   -2",",,E","  -23",",,E","  -12","H,,S"
"NO000001026","2020-02-14","69.6539","18.9281","100.0","TROMSO, NO","    9",",,E","  970",",,E","   -5",",,E","  -24",",,E","  -17","H,,S"
"NO000001026","2020-02-15","69.6539","18.9281","100.0","TROMSO, NO","   95",",,E"," 1110",",,E","  -24",",,E","  -78",",,E","  -65","H,,S"
"NO000001026","2020-02-16","69.6539","18.9281","100.0","TROMSO, NO","    0",",,E"," 1080",",,E","    8",",,E","  -97",",,E","  -43","H,,S"
"NO000001026","2020-02-17","69.6539","18.9281","100.0","TROMSO, NO","   26",",,E"," 1050",",,E","   12",",,E","  -15",",,E","    1","H,,S"
"NO000001026","2020-02-18","69.6539","18.9281","100.0","TROMSO, NO","   36",",,E"," 1060",",,E","    2",",,E","  -44",",,E","  -24","H,,S"
"NO000001026","2020-02-19","69.6539","18.9281","100.0","TROMSO, NO","   14",",,E"," 1060",",,E","  -27",",,E","  -81",",,E","  -49","H,,S"
"NO000001026","2020-02-20","69.6539","18.9281","100.0","TROMSO, NO","   16",",,E"," 1050",",,E","  -23",",,E","  -43",",,E","  -31","H,,S"
"NO000001026","2020-02-21","69.6539","18.9281","100.0","TROMSO, NO","   17",",,E"," 1040",",,E","   39",",,E","  -26",",,E","   16","H,,S"
"NO000001026","2020-02-22","69.6539","18.9281","100.0","TROMSO, NO","    1",",,E"," 1020",",,E","   44",",,E","   14",",,E","   32","H,,S"
"NO000001026","2020-02-23","69.6539","18.9281","100.0","TROMSO, NO","   18",",,E"," 1010",",,E","   27",",,E","    2",",,E","   13","H,,S"
"NO000001026","2020-02-24","69.6539","18.9281","100.0","TROMSO, NO","  100",",,E"," 1080",",,E","   11",",,E","  -37",",,E","  -26","H,,S"
"NO000001026","2020-02-25","69.6539","18.9281","100.0","TROMSO, NO","   93",",,E"," 1120",",,E","  -26",",,E","  -60",",,E","  -41","H,,S"
"NO000001026","2020-02-26","69.6539","18.9281","100.0","TROMSO, NO","  109",",,E"," 1250",",,E","   26",",,E","  -53",",,E","  -21","H,,S"
"NO000001026","2020-02-27","69.6539","18.9281","100.0","TROMSO, NO","   56",",,E"," 1270",",,E","   18",",,E","  -22",",,E","   -2","H,,S"
"NO000001026","2020-02-28","69.6539","18.9281","100.0","TROMSO, NO","    2",",,E"," 1240",",,E","    0",",,E","  -40",",,E","  -19","H,,S"
"NO000001026","2020-02-29","69.6539","18.9281","100.0","TROMSO, NO",,,,,,,,,"  -38","H,,S"
"NO000001026","2020-03-01","69.6539","18.9281","100.0","TROMSO, NO","   48",",,S"," 1280",",,S","  -12",",,S","  -87",",,S","  -58","H,,S"
"NO000001026","2020-03-02","69.6539","18.9281","100.0","TROMSO, NO","   53",",,S",,,,,"  -77",",,S","  -38","H,,S"
"NO000001026","2020-03-03","69.6539","18.9281","100.0","TROMSO, NO","   51",",,S"," 1331",",,S","    4",",,S",,,"  -37","H,,S"
"NO000001026","2020-03-04","69.6539","18.9281","100.0","TROMSO, NO",,,,,"   -7",",,S","  -78",",,S","  -27","H,,S"
"NO000001026","2020-03-05","69.6539","18.9281","100.0","TROMSO, NO","    5",",,S"," 1260",",,S","  -13",",,S",,,"  -33","H,,S"
"NO000001026","2020-03-06","69.6539","18.9281","100.0","TROMSO, NO","   25",",,S"," 1240",",,S",,,"  -52",",,S","  -17","H,,S"
"NO000001026","2020-03-07","69.6539","18.9281","100.0","TROMSO, NO","  102",",,S"," 1311",",,S",,,"    1",",,S","   15","H,,S"
"NO000001026","2020-03-08","69.6539","18.9281","100.0","TROMSO, NO","   18",",,S"," 1290",",,S","   43",",,S","  -37",",,S","   -1","H,,S"
"NO000001026","2020-03-09","69.6539","18.9281","100.0","TROMSO, NO","   15",",,S"," 1300",",,S","   58",",,S","  -15",",,S","   27","H,,S"
"NO000001026","2020-03-10","69.6539","18.9281","100.0","TROMSO, NO","   41",",,S"," 1199",",,S",,,,,"  -30","H,,S"
"NO000001026","2020-03-11","69.6539","18.9281","100.0","TROMSO, NO","    3",",,S"," 1171",",,S","   -5",",,S","  -65",",,S","  -31","H,,S"
"NO000001026","2020-03-12","69.6539","18.9281","100.0","TROMSO, NO","   20",",,S"," 1219",",,S","   -9",",,S",,,"  -32","H,,S"
"NO000001026","2020-03-13","69.6539","18.9281","100.0","TROMSO, NO","    0",",,S",,,,,,,"  -66","H,,S"
"NO000001026","2020-03-14","69.6539","18.9281","100.0","TROMSO, NO","  109",",,S"," 1300",",,S",,,"  -86",",,S","  -50","H,,S"
"NO000001026","2020-03-15","69.6539","18.9281","100.0","TROMSO, NO","   43",",,S"," 1300",",,S",,,"  -59",",,S","  -20","H,,S"
"NO000001026","2020-03-16","69.6539","18.9281","100.0","TROMSO, NO","   71",",,S"," 1331",",,S","   -2",",,S","  -56",",,S","  -28","H,,S"
"NO000001026","2020-03-17","69.6539","18.9281","100.0","TROMSO, NO","   71",",,S"," 1349",",,S",,,"  -30",",,S","    1","H,,S"
"NO000001026","2020-03-18","69.6539","18.9281","100.0","TROMSO, NO","   38",",,S"," 1331",",,S",,,,,"    1","H,,S"
"NO000001026","2020-03-19","69.6539","18.9281","100.0","TROMSO, NO","    0",",,S"," 1430",",,S",,,"  -74",",,S","  -52","H,,S"
"NO000001026","2020-03-20","69.6539","18.9281","100.0","TROMSO, NO",,,,,"   -8",",,S",,,"  -44","H,,S"
"NO000001026","2020-03-21","69.6539","18.9281","100.0","TROMSO, NO",,,,,,,,,"   -8","H,,S"
"NO000001026","2020-03-22","69.6539","18.9281","100.0","TROMSO, NO","   89","B,,S"," 1400",",,S","   36",",,S","    1",",,S","   23","H,,S"
"NO000001026","2020-03-23","69.6539","18.9281","100.0","TROMSO, NO","   46","B,,S"," 1349",",,S",,,"    3",",,S","   33","H,,S"
"NO000001026","2020-03-24","69.6539","18.9281","100.0","TROMSO, NO",,," 1250",",,S","   53",",,S",,,"   33","H,,S"
"NO000001026","2020-03-25","69.6539","18.9281","100.0","TROMSO, NO",,," 1209",",,S","   20",",,S",,,"    9","H,,S"
"NO000001026","2020-03-26","69.6539","18.9281","100.0","TROMSO, NO",,,,,"   47",",,S","   -8",",,S","   21","H,,S"
"NO000001026","2020-03-27","69.6539","18.9281","100.0","TROMSO, NO","   61",",,S",,,"   32",",,S",,,"   16","H,,S"
"NO000001026","2020-03-28","69.6539","18.9281","100.0","TROMSO, NO","  142",",,S","   10",",,S","   22",",,S",,,"  -37","H,,S"
"NO000001026","2020-03-29","69.6539","18.9281","100.0","TROMSO, NO","  135",",,S",,,"  -10",",,S","  -66",",,S","  -46","H,,S"
"NO000001026","2020-03-30","69.6539","18.9281","100.0","TROMSO, NO","  104",",,S","   10",",,S","    3",",,S","  -65",",,S","  -34","H,,S"
"NO000001026","2020-03-31","69.6539","18.9281","100.0","TROMSO, NO","   97",",,S",,,,,,,"  -15","H,,S"
"NO000001026","2020-04-01","69.6539","18.9281","100.0","TROMSO, NO","  119",",,S",,,"   12",",,S",,,"  -32","H,,S"
"NO000001026","2020-04-02","69.6539","18.9281","100.0","TROMSO, NO","   15",",,S"," 1920",",,S","   -6",",,S"," -102",",,S","  -56","H,,S"
"NO000001026","2020-04-03","69.6539","18.9281","100.0","TROMSO, NO",,,,,"  -27",",,S"," -112",",,S","  -57","H,,S"
"NO000001026","2020-04-04","69.6539","18.9281","100.0","TROMSO, NO","   23",",,S",,,,,"  -72",",,S","  -46","H,,S"
"NO000001026","2020-04-05","69.6539","18.9281","100.0","TROMSO, NO","   86",",,S","   20",",,S","  -27",",,S","  -58",",,S","  -41","H,,S"
"NO000001026","2020-04-06","69.6539","18.9281","100.0","TROMSO, NO","  185",",,S",,,"    7",",,S","  -75",",,S","  -23","H,,S"
"NO000001026","2020-04-07","69.6539","18.9281","100.0","TROMSO, NO","    0",",,S",,,"   62",",,S","   -7",",,S","   35","H,,S"
"NO000001026","2020-04-08","69.6539","18.9281","100.0","TROMSO, NO","    0",",,S","   10",",,S","   64",",,S",,,"   17","H,,S"
"NO000001026","2020-04-09","69.6539","18.9281","100.0","TROMSO, NO","   69",",,S",,,"    6",",,S","  -35",",,S","  -23","H,,S"
"NO000001026","2020-04-10","69.6539","18.9281","100.0","TROMSO, NO","   84",",,S",,,"    8",",,S",,,"  -25","H,,S"
"NO000001026","2020-04-11","69.6539","18.9281","100.0","TROMSO, NO","  127",",,S","   10",",,S","    6",",,S","  -47",",,S","  -12","H,,S"
"NO000001026","2020-04-12","69.6539","18.9281","100.0","TROMSO, NO","   56",",,S",,,"   13",",,S","  -36",",,S","  -14","H,,S"
"NO000001026","2020-04-13","69.6539","18.9281","100.0","TROMSO, NO","   58",",,S",,,"   32",",,S","  -20",",,S","    0","H,,S"
"NO000001026","2020-04-14","69.6539","18.9281","100.0","TROMSO, NO","   43",",,S"," 1689",",,S","   32",",,S","  -34",",,S","    7","H,,S"
"NO000001026","2020-04-15","69.6539","18.9281","100.0","TROMSO, NO","   30",",,S",,,"   41",",,S","  -16",",,S","    9","H,,S"
"NO000001026","2020-04-16","69.6539","18.9281","100.0","TROMSO, NO","   30",",,S"," 1610",",,S","   47",",,S","   -9",",,S","   14","H,,S"
"NO000001026","2020-04-17","69.6539","18.9281","100.0","TROMSO, NO","    8",",,S",,,"   41",",,S","  -14",",,S","   12","H,,S"
"NO000001026","2020-04-18","69.6539","18.9281","100.0","TROMSO, NO","   15",",,S"," 1590",",,S","   35",",,S","  -18",",,S","   19","H,,S"
"NO000001026","2020-04-19","69.6539","18.9281","100.0","TROMSO, NO","   15",",,S",,,"   51",",,S","   24",",,S","   36","H,,S"
"NO000001026","2020-04-20","69.6539","18.9281","100.0","TROMSO, NO","   20",",,S"," 1440",",,S","   74",",,S",,,"   46","H,,S"
"NO000001026","2020-04-21","69.6539","18.9281","100.0","TROMSO, NO","  109",",,S"," 1410",",,S","   66",",,S","    5",",,S","   35","H,,S"
"NO000001026","2020-04-22","69.6539","18.9281","100.0","TROMSO, NO"," 1331",",O,S"," 1389",",,S","   72",",,S","    5",",,S","   36","H,,S"
"NO000001026","2020-04-23","69.6539","18.9281","100.0","TROMSO, NO","   10",",,S",,,"   37",",,S",,,"   18","H,,S"
"NO000001026","2020-04-24","69.6539","18.9281","100.0","TROMSO, NO","   30",",,S",,,"   35",",,S","  -18",",,S","    6","H,,S"
"NO000001026","2020-04-25","69.6539","18.9281","100.0","TROMSO, NO","   28",",,S"," 1300",",,S",,,"   -8",",,S","    6","H,,S"
"NO000001026","2020-04-26","69.6539","18.9281","100.0","TROMSO, NO","   61",",,S",,,"   30",",,S","  -10",",,S","    7","H,,S"
"NO000001026","2020-04-27","69.6539","18.9281","100.0","TROMSO, NO","   30",",,S",,,"   37",",,S","   -9",",,S","    2","H,,S"
"NO000001026","2020-04-28","69.6539","18.9281","100.0","TROMSO, NO","   15",",,S"," 1300",",,S","   45",",,S",,,"    3","H,,S"
"NO000001026","2020-04-29","69.6539","18.9281","100.0","TROMSO, NO","    0",",,S"," 1300",",,S","   37",",,S","  -42",",,S","    4","H,,S"
"NO000001026","2020-04-30","69.6539","18.9281","100.0","TROMSO, NO",,," 1341",",,S","   47",",,S","  -39",",,S","   14","H,,S"
"NO000001026","2020-05-01","69.6539","18.9281","100.0","TROMSO, NO","    0",",,S",,,"   49",",,S","  -23",",,S","   17","H,,S"
"NO000001026","2020-05-02","69.6539","18.9281","100.0","TROMSO, NO","    5",",,S",,,"   81",",,S","    1",",,S","   38","H,,S"
"NO000001026","2020-05-03","69.6539","18.9281","100.0","TROMSO, NO","    0",",,S"," 1250",",,S","   76",",,S","   19",",,S","   44","H,,S"
"NO000001026","2020-05-04","69.6539","18.9281","100.0","TROMSO, NO","    3",",,S",,,"   48",",,S",,,"   26","H,,S"
"NO000001026","2020-05-05","69.6539","18.9281","100.0","TROMSO, NO","   10",",,S",,,"   60",",,S","    5",",,S","   36","H,,S"
"NO000001026","2020-05-06","69.6539","18.9281","100.0","TROMSO, NO","   13",",,S",,,"   50",",,S","   14",",,S","   24","H,,S"
"NO000001026","2020-05-07","69.6539","18.9281","100.0","TROMSO, NO","  152",",,S",,,"   40",",,S",,,"    8","H,,S"
"NO000001026","2020-05-08","69.6539","18.9281","100.0","TROMSO, NO","   74",",,S",,,"   37",",,S",,,"    2","H,,S"
"NO000001026","2020-05-09","69.6539","18.9281","100.0","TROMSO, NO","   38",",,S",,,"   33",",,S","  -22",",,S","    4","H,,S"
"NO000001026","2020-05-10","69.6539","18.9281","100.0","TROMSO, NO","    3",",,S"," 1171",",,S","   45",",,S","   -9",",,S","   14","H,,S"
"NO000001026","2020-05-11","69.6539","18.9281","100.0","TROMSO, NO","  109",",,S",,,"   30",",,S","  -10",",,S","    3","H,,S"
"NO000001026","2020-05-12","69.6539","18.9281","100.0","TROMSO, NO","    0",",,S","   10",",,S","    6",",,S",,,"   -7","H,,S"
"NO000001026","2020-05-13","69.6539","18.9281","100.0","TROMSO, NO","   79",",,S"," 1229",",,S","   43",",,S","  -18",",,S","   13","H,,S"
"NO000001026","2020-05-14","69.6539","18.9281","100.0","TROMSO, NO"," 1240",",O,S"," 1219",",,S","   51",",,S","  -21",",,S","   17","H,,S"
"NO000001026","2020-05-15","69.6539","18.9281","100.0","TROMSO, NO","   61",",,S",,,"   32",",,S","   -6",",,S","   11","H,,S"
"NO000001026","2020-05-16","69.6539","18.9281","100.0","TROMSO, NO","   33",",,S"," 1181",",,S","   93",",,S","    9",",,S","   52","H,,S"
"NO000001026","2020-05-17","69.6539","18.9281","100.0","TROMSO, NO"," 1151",",O,S",,,"   55",",,S","    4",",,S","   27","H,,S"
"NO000001026","2020-05-18","69.6539","18.9281","100.0","TROMSO, NO","   28",",,S",,,"   94",",,S","    4",",,S","   34","H,,S"
"NO000001026","2020-05-19","69.6539","18.9281","100.0","TROMSO, NO","    0",",,S",,,"   77",",,S","   -1",",,S","   37","H,,S"
"NO000001026","2020-05-20","69.6539","18.9281","100.0","TROMSO, NO","    5",",,S"," 1039",",,S","   78",",,S","   14",",,S","   44","H,,S"
"NO000001026","2020-05-21","69.6539","18.9281","100.0","TROMSO, NO"," 1011",",O,S","  980",",,S","   88",",,S","   13",",,S","   54","H,,S"
"NO000001026","2020-05-22","69.6539","18.9281","100.0","TROMSO, NO","    0",",,S","  909",",,S","  117",",,S","   11",",,S","   71","H,,S"
"NO000001026","2020-05-23","69.6539","18.9281","100.0","TROMSO, NO",,,"  871",",,S","  156",",,S","   31",",,S","  107","H,,S"
"NO000001026","2020-05-24","69.6539","18.9281","100.0","TROMSO, NO",,,"  770",",,S","  130",",,S","   64",",,S","   98","H,,S"
"NO000001026","2020-05-25","69.6539","18.9281","100.0","TROMSO, NO",,,"  640",",,S","  144",",,S","   65",",,S","   98","H,,S"
"NO000001026","2020-05-26","69.6539","18.9281","100.0","TROMSO, NO",,,"  589",",,S","  129",",,S","   55",",,S","   98","H,,S"
"NO000001026","2020-05-27","69.6539","18.9281","100.0","TROMSO, NO",,,,,"  113",",,S",,,"   79","H,,S"
"NO000001026","2020-05-28","69.6539","18.9281","100.0","TROMSO, NO","   15",",,S",,,"   67",",,S","   27",",,S","   48","H,,S"
"NO000001026","2020-05-29","69.6539","18.9281","100.0","TROMSO, NO","   36",",,S",,,"   65",",,S","   46",",,S","   53","H,,S"
"NO000001026","2020-05-30","69.6539","18.9281","100.0","TROMSO, NO","   46",",,S",,,"   88",",,S","   42",",,S","   69","H,,S"
"NO000001026","2020-05-31","69.6539","18.9281","100.0","TROMSO, NO","    0",",,S","  130",",,S","  163",",,S","   82",",,S","  128","H,,S"
"NO000001026","2020-06-01","69.6539","18.9281","100.0","TROMSO, NO","    0",",,S","   20",",,S","  191",",,S","   95",",,S","  147","H,,S"
"NO000001026","2020-06-02","69.6539","18.9281","100.0","TROMSO, NO",,,,,"  167",",,S",,,"   87","H,,S"
"NO000001026","2020-06-03","69.6539","18.9281","100.0","TROMSO, NO",,,,,"   93",",,S","   46",",,S","   70","H,,S"
