"SPE00119936","2018-07-01","36.5008","-6.2567","1.0","CADIZ, SP","    0",",,E","  249",",,E","  194",",,E","  217","H,,S"
"SPE00119936","2018-07-02","36.5008","-6.2567","1.0","CADIZ, SP","    0",",,E","  242",",,E","  196",",,E","  212","H,,S"
"SPE00119936","2018-07-03","36.5008","-6.2567","1.0","CADIZ, SP","    0",",,E","  257",",,E","  202",",,E","  241","H,,S"
"SPE00119936","2018-07-04","36.5008","-6.2567","1.0","CADIZ, SP","    0",",,E","  241",",,E","  189",",,E",,
"SPE00119936","2018-07-05","36.5008","-6.2567","1.0","CADIZ, SP","    0",",,E","  253",",,E","  200",",,E",,
"SPE00119936","2018-07-06","36.5008","-6.2567","1.0","CADIZ, SP","    0",",,E","  270",",,E","  197",",,E","  237","H,,S"
"SPE00119936","2018-07-07","36.5008","-6.2567","1.0","CADIZ, SP","    0",",,E","  309",",,E","  215",",,E","  252","H,,S"
"SPE00119936","2018-07-08","36.5008","-6.2567","1.0","CADIZ, SP","    0",",,E","  292",",,E","  223",",,E","  249","H,,S"
"SPE00119936","2018-07-09","36.5008","-6.2567","1.0","CADIZ, SP","    0",",,E","  269",",,E","  226",",,E","  248","H,,S"
"SPE00119936","2018-07-10","36.5008","-6.2567","1.0","CADIZ, SP","    0",",,E","  247",",,E","  205",",,E","  223","H,,S"
"SPE00119936","2018-07-11","36.5008","-6.2567","1.0","CADIZ, SP","    0",",,E","  236",",,E","  201",",,E","  214","H,,S"
"SPE00119936","2018-07-12","36.5008","-6.2567","1.0","CADIZ, SP","    0",",,E","  255",",,E","  204",",,E","  223","H,,S"
"SPE00119936","2018-07-13","36.5008","-6.2567","1.0","CADIZ, SP","    0",",,E","  256",",,E","  207",",,E","  231","H,,S"
"SPE00119936","2018-07-14","36.5008","-6.2567","1.0","CADIZ, SP","    0",",,E","  239",",,E","  199",",,E","  216","H,,S"
"SPE00119936","2018-07-15","36.5008","-6.2567","1.0","CADIZ, SP","    0",",,E","  243",",,E","  195",",,E","  214","H,,S"
"SPE00119936","2018-07-16","36.5008","-6.2567","1.0","CADIZ, SP","    0",",,E","  241",",,E","  200",",,E","  218","H,,S"
"SPE00119936","2018-07-17","36.5008","-6.2567","1.0","CADIZ, SP","    0",",,E","  279",",,E","  201",",,E","  236","H,,S"
"SPE00119936","2018-07-18","36.5008","-6.2567","1.0","CADIZ, SP","    0",",,E","  254",",,E","  211",",,E","  227","H,,S"
"SPE00119936","2018-07-19","36.5008","-6.2567","1.0","CADIZ, SP","    0",",,E","  262",",,E","  199",",,E","  225","H,,S"
"SPE00119936","2018-07-20","36.5008","-6.2567","1.0","CADIZ, SP","    0",",,E","  251",",,E","  208",",,E","  227","H,,S"
"SPE00119936","2018-07-21","36.5008","-6.2567","1.0","CADIZ, SP","    0",",,E","  249",",,E","  205",",,E","  223","H,,S"
"SPE00119936","2018-07-22","36.5008","-6.2567","1.0","CADIZ, SP","    0",",,E","  261",",,E","  200",",,E","  227","H,,S"
"SPE00119936","2018-07-23","36.5008","-6.2567","1.0","CADIZ, SP","    0",",,E","  264",",,E","  207",",,E","  233","H,,S"
"SPE00119936","2018-07-24","36.5008","-6.2567","1.0","CADIZ, SP","    0",",,E","  260",",,E","  198",",,E","  225","H,,S"
"SPE00119936","2018-07-25","36.5008","-6.2567","1.0","CADIZ, SP","    0",",,E","  256",",,E","  205",",,E","  227","H,,S"
"SPE00119936","2018-07-26","36.5008","-6.2567","1.0","CADIZ, SP","    0",",,E","  258",",,E","  205",",,E","  226","H,,S"
"SPE00119936","2018-07-27","36.5008","-6.2567","1.0","CADIZ, SP","    0",",,E","  261",",,E","  209",",,E","  233","H,,S"
"SPE00119936","2018-07-28","36.5008","-6.2567","1.0","CADIZ, SP","    0",",,E","  258",",,E","  216",",,E","  229","H,,S"
"SPE00119936","2018-07-29","36.5008","-6.2567","1.0","CADIZ, SP","    0",",,E","  245",",,E","  208",",,E","  221","H,,S"
"SPE00119936","2018-07-30","36.5008","-6.2567","1.0","CADIZ, SP","    0",",,E","  255",",,E","  206",",,E","  226","H,,S"
"SPE00119936","2018-07-31","36.5008","-6.2567","1.0","CADIZ, SP","    0",",,E","  280",",,E","  200",",,E","  238","H,,S"
"SPE00119936","2018-08-01","36.5008","-6.2567","1.0","CADIZ, SP","    0",",,E","  326",",,E","  231",",,E","  280","H,,S"
"SPE00119936","2018-08-02","36.5008","-6.2567","1.0","CADIZ, SP","    0",",,E","  318",",,E","  266",",,E","  290","H,,S"
"SPE00119936","2018-08-03","36.5008","-6.2567","1.0","CADIZ, SP","    0",",,E","  348",",,E","  241",",,E","  286","H,,S"
"SPE00119936","2018-08-04","36.5008","-6.2567","1.0","CADIZ, SP","    0",",,E","  290",",,E","  226",",,E","  257","H,,S"
"SPE00119936","2018-08-05","36.5008","-6.2567","1.0","CADIZ, SP","    0",",,E","  316",",,E","  241",",,E","  273","H,,S"
"SPE00119936","2018-08-06","36.5008","-6.2567","1.0","CADIZ, SP","    0",",,E","  338",",,E","  238",",,E","  288","H,,S"
"SPE00119936","2018-08-07","36.5008","-6.2567","1.0","CADIZ, SP","    0",",,E","  310",",,E","  243",",,E","  266","H,,S"
"SPE00119936","2018-08-08","36.5008","-6.2567","1.0","CADIZ, SP","    0",",,E","  259",",,E","  223",",,E","  240","H,,S"
"SPE00119936","2018-08-09","36.5008","-6.2567","1.0","CADIZ, SP","    0",",,E","  265",",,E","  209",",,E","  233","H,,S"
"SPE00119936","2018-08-10","36.5008","-6.2567","1.0","CADIZ, SP","    0",",,E","  290",",,E","  208",",,E","  244","H,,S"
"SPE00119936","2018-08-11","36.5008","-6.2567","1.0","CADIZ, SP","    0",",,E","  321",",,E","  246",",,E","  281","H,,S"
"SPE00119936","2018-08-12","36.5008","-6.2567","1.0","CADIZ, SP","    0",",,E","  306",",,E","  235",",,E","  259","H,,S"
"SPE00119936","2018-08-13","36.5008","-6.2567","1.0","CADIZ, SP","    0",",,E","  273",",,E","  208",",,E","  237","H,,S"
"SPE00119936","2018-08-14","36.5008","-6.2567","1.0","CADIZ, SP","    0",",,E","  264",",,E","  212",",,E","  234","H,,S"
"SPE00119936","2018-08-15","36.5008","-6.2567","1.0","CADIZ, SP","    0",",,E","  251",",,E","  207",",,E","  222","H,,S"
"SPE00119936","2018-08-16","36.5008","-6.2567","1.0","CADIZ, SP","    0",",,E","  259",",,E","  211",",,E","  228","H,,S"
"SPE00119936","2018-08-17","36.5008","-6.2567","1.0","CADIZ, SP","    0",",,E","  260",",,E","  203",",,E","  232","H,,S"
"SPE00119936","2018-08-18","36.5008","-6.2567","1.0","CADIZ, SP","    0",",,E","  312",",,E","  236",",,E","  272","H,,S"
"SPE00119936","2018-08-19","36.5008","-6.2567","1.0","CADIZ, SP","    0",",,E","  305",",,E","  249",",,E","  273","H,,S"
"SPE00119936","2018-08-20","36.5008","-6.2567","1.0","CADIZ, SP","    0",",,E","  304",",,E","  244",",,E","  270","H,,S"
"SPE00119936","2018-08-21","36.5008","-6.2567","1.0","CADIZ, SP","    0",",,E","  304",",,E","  237",",,E","  271","H,,S"
"SPE00119936","2018-08-22","36.5008","-6.2567","1.0","CADIZ, SP","    0",",,E","  326",",,E","  230",",,E","  267","H,,S"
"SPE00119936","2018-08-23","36.5008","-6.2567","1.0","CADIZ, SP","    0",",,E","  308",",,E","  232",",,E","  261","H,,S"
"SPE00119936","2018-08-24","36.5008","-6.2567","1.0","CADIZ, SP","    0",",,E","  301",",,E","  230",",,E","  261","H,,S"
"SPE00119936","2018-08-25","36.5008","-6.2567","1.0","CADIZ, SP","    1",",,E","  276",",,E","  226",",,E","  245","H,,S"
"SPE00119936","2018-08-26","36.5008","-6.2567","1.0","CADIZ, SP","    0",",,E","  288",",,E","  207",",,E","  251","H,,S"
"SPE00119936","2018-08-27","36.5008","-6.2567","1.0","CADIZ, SP","    0",",,E","  322",",,E","  233",",,E","  274","H,,S"
"SPE00119936","2018-08-28","36.5008","-6.2567","1.0","CADIZ, SP","    0",",,E","  263",",,E","  223",",,E","  237","H,,S"
"SPE00119936","2018-08-29","36.5008","-6.2567","1.0","CADIZ, SP","    0",",,E","  260",",,E","  218",",,E","  234","H,,S"
"SPE00119936","2018-08-30","36.5008","-6.2567","1.0","CADIZ, SP","    0",",,E","  274",",,E","  218",",,E","  242","H,,S"
"SPE00119936","2018-08-31","36.5008","-6.2567","1.0","CADIZ, SP","    0",",,E","  315",",,E","  239",",,E","  276","H,,S"
"SPE00119936","2018-09-01","36.5008","-6.2567","1.0","CADIZ, SP","    0",",,E","  305",",,E","  250",",,E","  274","H,,S"
"SPE00119936","2018-09-02","36.5008","-6.2567","1.0","CADIZ, SP","    0",",,E","  326",",,E","  231",",,E","  271","H,,S"
"SPE00119936","2018-09-03","36.5008","-6.2567","1.0","CADIZ, SP","    0",",,E","  264",",,E","  221",",,E","  237","H,,S"
"SPE00119936","2018-09-04","36.5008","-6.2567","1.0","CADIZ, SP","    0",",,E","  268",",,E","  220",",,E","  237","H,,S"
"SPE00119936","2018-09-05","36.5008","-6.2567","1.0","CADIZ, SP","    0",",,E","  267",",,E","  222",",,E","  236","H,,S"
"SPE00119936","2018-09-06","36.5008","-6.2567","1.0","CADIZ, SP","    0",",,E","  251",",,E","  213",",,E","  229","H,,S"
"SPE00119936","2018-09-07","36.5008","-6.2567","1.0","CADIZ, SP","    0",",,E","  248",",,E","  211",",,E","  226","H,,S"
"SPE00119936","2018-09-08","36.5008","-6.2567","1.0","CADIZ, SP","    2",",,E","  248",",,E","  209",",,E","  228","H,,S"
"SPE00119936","2018-09-09","36.5008","-6.2567","1.0","CADIZ, SP","    0",",,E","  263",",,E","  204",",,E","  231","H,,S"
"SPE00119936","2018-09-10","36.5008","-6.2567","1.0","CADIZ, SP","    0",",,E","  316",",,E","  209",",,E","  252","H,,S"
"SPE00119936","2018-09-11","36.5008","-6.2567","1.0","CADIZ, SP","    0",",,E","  302",",,E","  239",",,E","  265","H,,S"
"SPE00119936","2018-09-12","36.5008","-6.2567","1.0","CADIZ, SP","    0",",,E","  289",",,E","  235",",,E","  256","H,,S"
"SPE00119936","2018-09-13","36.5008","-6.2567","1.0","CADIZ, SP","    0",",,E","  267",",,E","  225",",,E","  239","H,,S"
"SPE00119936","2018-09-14","36.5008","-6.2567","1.0","CADIZ, SP","   51",",,E","  258",",,E","  205",",,E","  233","H,,S"
"SPE00119936","2018-09-15","36.5008","-6.2567","1.0","CADIZ, SP","    0",",,E","  281",",,E","  205",",,E","  216","H,,S"
"SPE00119936","2018-09-16","36.5008","-6.2567","1.0","CADIZ, SP","    0",",,E","  308",",,E","  215",",,E",,
"SPE00119936","2018-09-17","36.5008","-6.2567","1.0","CADIZ, SP","    0",",,E","  306",",,E","  229",",,E",,
"SPE00119936","2018-09-18","36.5008","-6.2567","1.0","CADIZ, SP","    0",",,E","  274",",,E","  239",",,E","  258","H,,S"
"SPE00119936","2018-09-19","36.5008","-6.2567","1.0","CADIZ, SP","    0",",,E","  282",",,E","  226",",,E","  249","H,,S"
"SPE00119936","2018-09-20","36.5008","-6.2567","1.0","CADIZ, SP","    0",",,E","  299",",,E","  229",",,E","  272","H,,S"
"SPE00119936","2018-09-21","36.5008","-6.2567","1.0","CADIZ, SP","    0",",,E","  285",",,E","  219",",,E","  250","H,,S"
"SPE00119936","2018-09-22","36.5008","-6.2567","1.0","CADIZ, SP","    0",",,E","  319",",,E","  223",",,E","  264","H,,S"
"SPE00119936","2018-09-23","36.5008","-6.2567","1.0","CADIZ, SP","    0",",,E","  323",",,E","  234",",,E","  297","H,,S"
"SPE00119936","2018-09-24","36.5008","-6.2567","1.0","CADIZ, SP","    0",",,E","  335",",,E","  239",",,E","  279","H,,S"
"SPE00119936","2018-09-25","36.5008","-6.2567","1.0","CADIZ, SP","    0",",,E","  303",",,E","  241",",,E","  262","H,,S"
"SPE00119936","2018-09-26","36.5008","-6.2567","1.0","CADIZ, SP","    0",",,E","  288",",,E","  243",",,E","  261","H,,S"
"SPE00119936","2018-09-27","36.5008","-6.2567","1.0","CADIZ, SP","    0",",,E","  282",",,E","  234",",,E","  248","H,,S"
"SPE00119936","2018-09-28","36.5008","-6.2567","1.0","CADIZ, SP","    0",",,E","  280",",,E","  228",",,E","  248","H,,S"
"SPE00119936","2018-09-29","36.5008","-6.2567","1.0","CADIZ, SP","    0",",,E","  281",",,E","  217",",,E","  246","H,,S"
"SPE00119936","2018-09-30","36.5008","-6.2567","1.0","CADIZ, SP","    8",",,E","  271",",,E","  212",",,E","  233","H,,S"
"SPE00119936","2018-10-01","36.5008","-6.2567","1.0","CADIZ, SP","    0",",,E","  263",",,E","  214",",,E","  239","H,,S"
"SPE00119936","2018-10-02","36.5008","-6.2567","1.0","CADIZ, SP","    0",",,E","  266",",,E","  201",",,E","  233","H,,S"
"SPE00119936","2018-10-03","36.5008","-6.2567","1.0","CADIZ, SP","    0",",,E","  282",",,E","  214",",,E","  246","H,,S"
"SPE00119936","2018-10-04","36.5008","-6.2567","1.0","CADIZ, SP","    0",",,E","  291",",,E","  199",",,E","  244","H,,S"
"SPE00119936","2018-10-05","36.5008","-6.2567","1.0","CADIZ, SP","    0",",,E","  280",",,E","  212",",,E","  239","H,,S"
"SPE00119936","2018-10-06","36.5008","-6.2567","1.0","CADIZ, SP","    0",",,E","  280",",,E","  211",",,E","  243","H,,S"
"SPE00119936","2018-10-07","36.5008","-6.2567","1.0","CADIZ, SP","    0",",,E","  256",",,E","  204",",,E","  232","H,,S"
"SPE00119936","2018-10-08","36.5008","-6.2567","1.0","CADIZ, SP","    0",",,E","  250",",,E","  195",",,E","  217","H,,S"
"SPE00119936","2018-10-09","36.5008","-6.2567","1.0","CADIZ, SP","    0",",,E","  246",",,E","  182",",,E","  214","H,,S"
"SPE00119936","2018-10-10","36.5008","-6.2567","1.0","CADIZ, SP","   96",",,E","  243",",,E","  201",",,E","  218","H,,S"
"SPE00119936","2018-10-11","36.5008","-6.2567","1.0","CADIZ, SP","   22",",,E","  249",",,E","  206",",,E","  229","H,,S"
"SPE00119936","2018-10-12","36.5008","-6.2567","1.0","CADIZ, SP","    0",",,E","  253",",,E","  205",",,E","  225","H,,S"
"SPE00119936","2018-10-13","36.5008","-6.2567","1.0","CADIZ, SP","   39",",,E","  285",",,E","  203",",,E","  240","H,,S"
"SPE00119936","2018-10-14","36.5008","-6.2567","1.0","CADIZ, SP","    1",",,E","  227",",,E","  171",",,E","  196","H,,S"
"SPE00119936","2018-10-15","36.5008","-6.2567","1.0","CADIZ, SP","   31",",,E","  216",",,E","  151",",,E","  182","H,,S"
"SPE00119936","2018-10-16","36.5008","-6.2567","1.0","CADIZ, SP","    0",",,E","  232",",,E","  174",",,E","  198","H,,S"
"SPE00119936","2018-10-17","36.5008","-6.2567","1.0","CADIZ, SP","   64",",,E","  238",",,E","  167",",,E","  199","H,,S"
"SPE00119936","2018-10-18","36.5008","-6.2567","1.0","CADIZ, SP","    7",",,E","  205",",,E","  151",",,E","  180","H,,S"
"SPE00119936","2018-10-19","36.5008","-6.2567","1.0","CADIZ, SP","   85",",,E","  220",",,E","  139",",,E","  180","H,,S"
"SPE00119936","2018-10-20","36.5008","-6.2567","1.0","CADIZ, SP","  416",",,E","  198",",,E","  150",",,E","  168","H,,S"
"SPE00119936","2018-10-21","36.5008","-6.2567","1.0","CADIZ, SP","    0",",,E","  245",",,E","  160",",,E","  192","H,,S"
"SPE00119936","2018-10-22","36.5008","-6.2567","1.0","CADIZ, SP","    0",",,E","  245",",,E","  177",",,E","  207","H,,S"
"SPE00119936","2018-10-23","36.5008","-6.2567","1.0","CADIZ, SP","    0",",,E","  240",",,E","  203",",,E","  219","H,,S"
"SPE00119936","2018-10-24","36.5008","-6.2567","1.0","CADIZ, SP","    0",",,E","  258",",,E","  177",",,E","  215","H,,S"
"SPE00119936","2018-10-25","36.5008","-6.2567","1.0","CADIZ, SP","    8",",,E","  261",",,E","  172",",,E","  208","H,,S"
"SPE00119936","2018-10-26","36.5008","-6.2567","1.0","CADIZ, SP","   15",",,E","  229",",,E","  171",",,E","  194","H,,S"
"SPE00119936","2018-10-27","36.5008","-6.2567","1.0","CADIZ, SP","    0",",,E","  203",",,E","  146",",,E","  182","H,,S"
"SPE00119936","2018-10-28","36.5008","-6.2567","1.0","CADIZ, SP","    0",",,E","  161",",,E","  116",",,E","  142","H,,S"
"SPE00119936","2018-10-29","36.5008","-6.2567","1.0","CADIZ, SP","   34",",,E","  172",",,E","  113",",,E","  148","H,,S"
"SPE00119936","2018-10-30","36.5008","-6.2567","1.0","CADIZ, SP","  130",",,E","  180",",,E","  134",",,E","  158","H,,S"
"SPE00119936","2018-10-31","36.5008","-6.2567","1.0","CADIZ, SP","  221",",,E","  178",",,E","  123",",,E","  145","H,,S"
"SPE00119936","2018-11-01","36.5008","-6.2567","1.0","CADIZ, SP","    0",",,E","  173",",,E","  109",",,E","  145","H,,S"
"SPE00119936","2018-11-02","36.5008","-6.2567","1.0","CADIZ, SP","    0",",,E","  182",",,E","  127",",,E","  162","H,,S"
"SPE00119936","2018-11-03","36.5008","-6.2567","1.0","CADIZ, SP","    0",",,E","  208",",,E","  129",",,E","  163","H,,S"
"SPE00119936","2018-11-04","36.5008","-6.2567","1.0","CADIZ, SP","   88",",,E","  194",",,E","  145",",,E","  167","H,,S"
"SPE00119936","2018-11-05","36.5008","-6.2567","1.0","CADIZ, SP","    1",",,E","  182",",,E","  122",",,E","  157","H,,S"
"SPE00119936","2018-11-06","36.5008","-6.2567","1.0","CADIZ, SP","    0",",,E","  191",",,E","  115",",,E","  157","H,,S"
"SPE00119936","2018-11-07","36.5008","-6.2567","1.0","CADIZ, SP","   18",",,E","  185",",,E","  158",",,E","  169","H,,S"
"SPE00119936","2018-11-08","36.5008","-6.2567","1.0","CADIZ, SP","   59",",,E","  187",",,E","  154",",,E","  169","H,,S"
"SPE00119936","2018-11-09","36.5008","-6.2567","1.0","CADIZ, SP","    0",",,E","  177",",,E","  122",",,E","  153","H,,S"
"SPE00119936","2018-11-10","36.5008","-6.2567","1.0","CADIZ, SP","    0",",,E","  204",",,E","  131",",,E","  167","H,,S"
"SPE00119936","2018-11-11","36.5008","-6.2567","1.0","CADIZ, SP","  371",",,E","  208",",,E","  166",",,E","  185","H,,S"
"SPE00119936","2018-11-12","36.5008","-6.2567","1.0","CADIZ, SP","   44",",,E","  180",",,E","  149",",,E","  162","H,,S"
"SPE00119936","2018-11-13","36.5008","-6.2567","1.0","CADIZ, SP","    0",",,E","  208",",,E","  145",",,E","  171","H,,S"
"SPE00119936","2018-11-14","36.5008","-6.2567","1.0","CADIZ, SP","    0",",,E","  207",",,E","  166",",,E","  186","H,,S"
"SPE00119936","2018-11-15","36.5008","-6.2567","1.0","CADIZ, SP","    0",",,E","  205",",,E","  160",",,E","  179","H,,S"
"SPE00119936","2018-11-16","36.5008","-6.2567","1.0","CADIZ, SP","    0",",,E","  206",",,E","  151",",,E","  173","H,,S"
"SPE00119936","2018-11-17","36.5008","-6.2567","1.0","CADIZ, SP","   25",",,E","  197",",,E","  163",",,E",,
"SPE00119936","2018-11-18","36.5008","-6.2567","1.0","CADIZ, SP","  209",",,E","  180",",,E","  150",",,E",,
"SPE00119936","2018-11-19","36.5008","-6.2567","1.0","CADIZ, SP","   36",",,E","  187",",,E","  140",",,E",,
"SPE00119936","2018-11-20","36.5008","-6.2567","1.0","CADIZ, SP","  110",",,E","  190",",,E","  148",",,E",,
"SPE00119936","2018-11-21","36.5008","-6.2567","1.0","CADIZ, SP","   65",",,E","  187",",,E","  148",",,E",,
"SPE00119936","2018-11-22","36.5008","-6.2567","1.0","CADIZ, SP","  228",",,E","  171",",,E","  124",",,E",,
"SPE00119936","2018-11-23","36.5008","-6.2567","1.0","CADIZ, SP","    0",",,E","  168",",,E","  127",",,E","  143","H,,S"
"SPE00119936","2018-11-24","36.5008","-6.2567","1.0","CADIZ, SP","   48",",,E","  184",",,E","  113",",,E","  151","H,,S"
"SPE00119936","2018-11-25","36.5008","-6.2567","1.0","CADIZ, SP","  124",",,E","  192",",,E","  151",",,E","  174","H,,S"
"SPE00119936","2018-11-26","36.5008","-6.2567","1.0","CADIZ, SP","    0",",,E","  178",",,E","  129",",,E","  154","H,,S"
"SPE00119936","2018-11-27","36.5008","-6.2567","1.0","CADIZ, SP","    0",",,E","  176",",,E","  104",",,E","  137","H,,S"
"SPE00119936","2018-11-28","36.5008","-6.2567","1.0","CADIZ, SP","    0",",,E","  189",",,E","   94",",,E","  138","H,,S"
"SPE00119936","2018-11-29","36.5008","-6.2567","1.0","CADIZ, SP","    2",",,E","  193",",,E","  110",",,E","  151","H,,S"
"SPE00119936","2018-11-30","36.5008","-6.2567","1.0","CADIZ, SP","    0",",,E","  171",",,E","  129",",,E","  160","H,,S"
"SPE00119936","2018-12-01","36.5008","-6.2567","1.0","CADIZ, SP","    0",",,E","  180",",,E","  100",",,E","  139","H,,S"
"SPE00119936","2018-12-02","36.5008","-6.2567","1.0","CADIZ, SP","    0",",,E","  182",",,E","  124",",,E","  152","H,,S"
"SPE00119936","2018-12-03","36.5008","-6.2567","1.0","CADIZ, SP","    0",",,E","  187",",,E","  107",",,E","  148","H,,S"
"SPE00119936","2018-12-04","36.5008","-6.2567","1.0","CADIZ, SP","    0",",,E","  210",",,E","  131",",,E","  162","H,,S"
"SPE00119936","2018-12-05","36.5008","-6.2567","1.0","CADIZ, SP","    0",",,E","  196",",,E","  124",",,E","  159","H,,S"
"SPE00119936","2018-12-06","36.5008","-6.2567","1.0","CADIZ, SP","    0",",,E","  202",",,E","  122",",,E","  164","H,,S"
"SPE00119936","2018-12-07","36.5008","-6.2567","1.0","CADIZ, SP","    0",",,E","  192",",,E","  122",",,E","  149","H,,S"
"SPE00119936","2018-12-08","36.5008","-6.2567","1.0","CADIZ, SP","    0",",,E","  177",",,E","  125",",,E","  148","H,,S"
"SPE00119936","2018-12-09","36.5008","-6.2567","1.0","CADIZ, SP","    0",",,E","  213",",,E","  106",",,E","  150","H,,S"
"SPE00119936","2018-12-10","36.5008","-6.2567","1.0","CADIZ, SP","    0",",,E","  203",",,E","  122",",,E","  157","H,,S"
"SPE00119936","2018-12-11","36.5008","-6.2567","1.0","CADIZ, SP","    0",",,E","  171",",,E","  143",",,E","  158","H,,S"
"SPE00119936","2018-12-12","36.5008","-6.2567","1.0","CADIZ, SP","   13",",,E","  179",",,E","  154",",,E","  161","H,,S"
"SPE00119936","2018-12-13","36.5008","-6.2567","1.0","CADIZ, SP","   25",",,E","  171",",,E","  136",",,E","  156","H,,S"
"SPE00119936","2018-12-14","36.5008","-6.2567","1.0","CADIZ, SP","    0",",,E","  157",",,E","  123",",,E","  141","H,,S"
"SPE00119936","2018-12-15","36.5008","-6.2567","1.0","CADIZ, SP","    0",",,E","  172",",,E","  102",",,E","  137","H,,S"
"SPE00119936","2018-12-16","36.5008","-6.2567","1.0","CADIZ, SP","    0",",,E","  181",",,E","  104",",,E","  143","H,,S"
"SPE00119936","2018-12-17","36.5008","-6.2567","1.0","CADIZ, SP","    0",",,E","  160",",,E","   99",",,E","  125","H,,S"
"SPE00119936","2018-12-18","36.5008","-6.2567","1.0","CADIZ, SP","   37",",,E","  186",",,E","  112",",,E","  153","H,,S"
"SPE00119936","2018-12-19","36.5008","-6.2567","1.0","CADIZ, SP","    1",",,E","  164",",,E","  136",",,E","  148","H,,S"
"SPE00119936","2018-12-20","36.5008","-6.2567","1.0","CADIZ, SP","    0",",,E","  167",",,E","  116",",,E","  141","H,,S"
"SPE00119936","2018-12-21","36.5008","-6.2567","1.0","CADIZ, SP","    0",",,E","  190",",,E","   97",",,E","  134","H,,S"
"SPE00119936","2018-12-22","36.5008","-6.2567","1.0","CADIZ, SP","    0",",,E","  193",",,E","  101",",,E","  141","H,,S"
"SPE00119936","2018-12-23","36.5008","-6.2567","1.0","CADIZ, SP","    0",",,E","  183",",,E","  107",",,E","  142","H,,S"
"SPE00119936","2018-12-24","36.5008","-6.2567","1.0","CADIZ, SP","    0",",,E","  179",",,E","   93",",,E","  132","H,,S"
"SPE00119936","2018-12-25","36.5008","-6.2567","1.0","CADIZ, SP","    0",",,E","  187",",,E","  111",",,E","  141","H,,S"
"SPE00119936","2018-12-26","36.5008","-6.2567","1.0","CADIZ, SP","    0",",,E","  181",",,E","  124",",,E","  149","H,,S"
"SPE00119936","2018-12-27","36.5008","-6.2567","1.0","CADIZ, SP","    0",",,E","  168",",,E","   98",",,E","  129","H,,S"
"SPE00119936","2018-12-28","36.5008","-6.2567","1.0","CADIZ, SP","    0",",,E","  168",",,E","   81",",,E","  125","H,,S"
"SPE00119936","2018-12-29","36.5008","-6.2567","1.0","CADIZ, SP","    0",",,E","  169",",,E","   89",",,E","  129","H,,S"
"SPE00119936","2018-12-30","36.5008","-6.2567","1.0","CADIZ, SP","    0",",,E","  175",",,E","  126",",,E","  152","H,,S"
"SPE00119936","2018-12-31","36.5008","-6.2567","1.0","CADIZ, SP","    0",",,E","  180",",,E","  115",",,E","  148","H,,S"
"SPE00119936","2019-01-01","36.5008","-6.2567","1.0","CADIZ, SP","    0",",,E","  184",",,E","   99",",,E","  133","H,,S"
"SPE00119936","2019-01-02","36.5008","-6.2567","1.0","CADIZ, SP","    1",",,E","  164",",,E","   79",",,E","  122","H,,S"
"SPE00119936","2019-01-03","36.5008","-6.2567","1.0","CADIZ, SP","    0",",,E","  188",",,E","  108",",,E","  137","H,,S"
"SPE00119936","2019-01-04","36.5008","-6.2567","1.0","CADIZ, SP","    0",",,E","  177",",,E","  102",",,E","  133","H,,S"
"SPE00119936","2019-01-05","36.5008","-6.2567","1.0","CADIZ, SP","    0",",,E","  163",",,E","   85",",,E","  123","H,,S"
"SPE00119936","2019-01-06","36.5008","-6.2567","1.0","CADIZ, SP","    0",",,E","  173",",,E","   60",",,E","  108","H,,S"
"SPE00119936","2019-01-07","36.5008","-6.2567","1.0","CADIZ, SP","    0",",,E","  163",",,E","   67",",,E","  112","H,,S"
"SPE00119936","2019-01-08","36.5008","-6.2567","1.0","CADIZ, SP","    0",",,E","  165",",,E","   71",",,E","  117","H,,S"
"SPE00119936","2019-01-09","36.5008","-6.2567","1.0","CADIZ, SP","    0",",,E","  160",",,E","   69",",,E","  112","H,,S"
"SPE00119936","2019-01-10","36.5008","-6.2567","1.0","CADIZ, SP","    0",",,E","  178",",,E","   84",",,E","  121","H,,S"
"SPE00119936","2019-01-11","36.5008","-6.2567","1.0","CADIZ, SP","    0",",,E","  142",",,E","   51",",,E","  100","H,,S"
"SPE00119936","2019-01-12","36.5008","-6.2567","1.0","CADIZ, SP","    0",",,E","  155",",,E","   67",",,E","  108","H,,S"
"SPE00119936","2019-01-13","36.5008","-6.2567","1.0","CADIZ, SP","    0",",,E","  163",",,E","   66",",,E","  114","H,,S"
"SPE00119936","2019-01-14","36.5008","-6.2567","1.0","CADIZ, SP","    0",",,E","  162",",,E","   62",",,E","  107","H,,S"
"SPE00119936","2019-01-15","36.5008","-6.2567","1.0","CADIZ, SP","    0",",,E","  176",",,E","   78",",,E","  121","H,,S"
"SPE00119936","2019-01-16","36.5008","-6.2567","1.0","CADIZ, SP","    0",",,E","  156",",,E","  104",",,E","  125","H,,S"
"SPE00119936","2019-01-17","36.5008","-6.2567","1.0","CADIZ, SP","    0",",,E","  152",",,E","   89",",,E","  124","H,,S"
"SPE00119936","2019-01-18","36.5008","-6.2567","1.0","CADIZ, SP","   26",",,E","  144",",,E","   87",",,E","  118","H,,S"
"SPE00119936","2019-01-19","36.5008","-6.2567","1.0","CADIZ, SP","  104",",,E","  157",",,E","   96",",,E","  125","H,,S"
"SPE00119936","2019-01-20","36.5008","-6.2567","1.0","CADIZ, SP","    0",",,E","  155",",,E","  126",",,E","  142","H,,S"
"SPE00119936","2019-01-21","36.5008","-6.2567","1.0","CADIZ, SP","    0",",,E","  147",",,E","   90",",,E","  119","H,,S"
"SPE00119936","2019-01-22","36.5008","-6.2567","1.0","CADIZ, SP","    0",",,E","  141",",,E","   91",",,E","  119","H,,S"
"SPE00119936","2019-01-23","36.5008","-6.2567","1.0","CADIZ, SP","    0",",,E","  156",",,E","  120",",,E","  139","H,,S"
"SPE00119936","2019-01-24","36.5008","-6.2567","1.0","CADIZ, SP","    0",",,E","  169",",,E","  132",",,E","  148","H,,S"
"SPE00119936","2019-01-25","36.5008","-6.2567","1.0","CADIZ, SP","    0",",,E","  186",",,E","  115",",,E","  144","H,,S"
"SPE00119936","2019-01-26","36.5008","-6.2567","1.0","CADIZ, SP","    0",",,E","  169",",,E","   96",",,E","  137","H,,S"
"SPE00119936","2019-01-27","36.5008","-6.2567","1.0","CADIZ, SP","    0",",,E","  155",",,E","  114",",,E","  137","H,,S"
"SPE00119936","2019-01-28","36.5008","-6.2567","1.0","CADIZ, SP","    0",",,E","  152",",,E","   97",",,E","  127","H,,S"
"SPE00119936","2019-01-29","36.5008","-6.2567","1.0","CADIZ, SP","    0",",,E","  167",",,E","  125",",,E","  139","H,,S"
"SPE00119936","2019-01-30","36.5008","-6.2567","1.0","CADIZ, SP","   39",",,E","  151",",,E","  136",",,E","  143","H,,S"
"SPE00119936","2019-01-31","36.5008","-6.2567","1.0","CADIZ, SP","  120",",,E","  171",",,E","  139",",,E","  152","H,,S"
"SPE00119936","2019-02-01","36.5008","-6.2567","1.0","CADIZ, SP","    8",",,E","  160",",,E","  125",",,E","  145","H,,S"
"SPE00119936","2019-02-02","36.5008","-6.2567","1.0","CADIZ, SP","    0",",,E","  140",",,E","  112",",,E","  127","H,,S"
"SPE00119936","2019-02-03","36.5008","-6.2567","1.0","CADIZ, SP","    0",",,E","  129",",,E","   70",",,E","  104","H,,S"
"SPE00119936","2019-02-04","36.5008","-6.2567","1.0","CADIZ, SP","    0",",,E","  173",",,E","   48",",,E","  106","H,,S"
"SPE00119936","2019-02-05","36.5008","-6.2567","1.0","CADIZ, SP","    0",",,E","  172",",,E","   70",",,E","  116","H,,S"
"SPE00119936","2019-02-06","36.5008","-6.2567","1.0","CADIZ, SP","    0",",,E","  173",",,E","   89",",,E","  127","H,,S"
"SPE00119936","2019-02-07","36.5008","-6.2567","1.0","CADIZ, SP","    0",",,E","  170",",,E","   93",",,E","  128","H,,S"
"SPE00119936","2019-02-08","36.5008","-6.2567","1.0","CADIZ, SP","    0",",,E","  168",",,E","   97",",,E","  126","H,,S"
"SPE00119936","2019-02-09","36.5008","-6.2567","1.0","CADIZ, SP","    1",",,E","  169",",,E","   89",",,E","  126","H,,S"
"SPE00119936","2019-02-10","36.5008","-6.2567","1.0","CADIZ, SP","    0",",,E","  168",",,E","  112",",,E","  136","H,,S"
"SPE00119936","2019-02-11","36.5008","-6.2567","1.0","CADIZ, SP","    0",",,E","  177",",,E","  125",",,E","  147","H,,S"
"SPE00119936","2019-02-12","36.5008","-6.2567","1.0","CADIZ, SP","    0",",,E","  178",",,E","  107",",,E","  142","H,,S"
"SPE00119936","2019-02-13","36.5008","-6.2567","1.0","CADIZ, SP","    0",",,E","  172",",,E","  133",",,E","  147","H,,S"
"SPE00119936","2019-02-14","36.5008","-6.2567","1.0","CADIZ, SP","    0",",,E","  171",",,E","  134",",,E","  146","H,,S"
"SPE00119936","2019-02-15","36.5008","-6.2567","1.0","CADIZ, SP","    0",",,E","  177",",,E","  133",",,E","  148","H,,S"
"SPE00119936","2019-02-16","36.5008","-6.2567","1.0","CADIZ, SP","    0",",,E","  166",",,E","  137",",,E","  147","H,,S"
"SPE00119936","2019-02-17","36.5008","-6.2567","1.0","CADIZ, SP","    0",",,E","  182",",,E","  131",",,E","  150","H,,S"
"SPE00119936","2019-02-18","36.5008","-6.2567","1.0","CADIZ, SP","    0",",,E","  163",",,E","  131",",,E","  145","H,,S"
"SPE00119936","2019-02-19","36.5008","-6.2567","1.0","CADIZ, SP","    0",",,E","  195",",,E","  118",",,E","  148","H,,S"
"SPE00119936","2019-02-20","36.5008","-6.2567","1.0","CADIZ, SP","    0",",,E","  185",",,E","  116",",,E","  146","H,,S"
"SPE00119936","2019-02-21","36.5008","-6.2567","1.0","CADIZ, SP","    0",",,E","  177",",,E","  134",",,E","  150","H,,S"
"SPE00119936","2019-02-22","36.5008","-6.2567","1.0","CADIZ, SP","    0",",,E","  196",",,E","  123",",,E","  153","H,,S"
"SPE00119936","2019-02-23","36.5008","-6.2567","1.0","CADIZ, SP","    0",",,E","  210",",,E","  104",",,E","  155","H,,S"
"SPE00119936","2019-02-24","36.5008","-6.2567","1.0","CADIZ, SP","    0",",,E","  199",",,E","  108",",,E","  153","H,,S"
"SPE00119936","2019-02-25","36.5008","-6.2567","1.0","CADIZ, SP","    0",",,E","  181",",,E","  137",",,E","  153","H,,S"
"SPE00119936","2019-02-26","36.5008","-6.2567","1.0","CADIZ, SP","    0",",,E","  185",",,E","  128",",,E","  151","H,,S"
"SPE00119936","2019-02-27","36.5008","-6.2567","1.0","CADIZ, SP","    0",",,E","  202",",,E","  126",",,E","  158","H,,S"
"SPE00119936","2019-02-28","36.5008","-6.2567","1.0","CADIZ, SP","    0",",,E","  186",",,E","   93",",,E","  142","H,,S"
"SPE00119936","2019-03-01","36.5008","-6.2567","1.0","CADIZ, SP","    0",",,E","  186",",,E","  110",",,E","  150","H,,S"
"SPE00119936","2019-03-02","36.5008","-6.2567","1.0","CADIZ, SP","    0",",,E","  179",",,E","  123",",,E","  151","H,,S"
"SPE00119936","2019-03-03","36.5008","-6.2567","1.0","CADIZ, SP","    0",",,E","  195",",,E","  112",",,E","  150","H,,S"
"SPE00119936","2019-03-04","36.5008","-6.2567","1.0","CADIZ, SP","    0",",,E","  189",",,E","  134",",,E","  159","H,,S"
"SPE00119936","2019-03-05","36.5008","-6.2567","1.0","CADIZ, SP","    0",",,E","  187",",,E","  156",",,E","  167","H,,S"
"SPE00119936","2019-03-06","36.5008","-6.2567","1.0","CADIZ, SP","   43",",,E","  169",",,E","  144",",,E","  158","H,,S"
"SPE00119936","2019-03-07","36.5008","-6.2567","1.0","CADIZ, SP","   47",",,E","  172",",,E","  115",",,E","  143","H,,S"
"SPE00119936","2019-03-08","36.5008","-6.2567","1.0","CADIZ, SP","    0",",,E","  182",",,E","  133",",,E","  154","H,,S"
"SPE00119936","2019-03-09","36.5008","-6.2567","1.0","CADIZ, SP","    0",",,E","  216",",,E","  116",",,E","  161","H,,S"
"SPE00119936","2019-03-10","36.5008","-6.2567","1.0","CADIZ, SP","    0",",,E","  241",",,E","  114",",,E","  171","H,,S"
"SPE00119936","2019-03-11","36.5008","-6.2567","1.0","CADIZ, SP","    0",",,E","  234",",,E","  129",",,E","  177","H,,S"
"SPE00119936","2019-03-12","36.5008","-6.2567","1.0","CADIZ, SP","    0",",,E","  219",",,E","  154",",,E","  176","H,,S"
"SPE00119936","2019-03-13","36.5008","-6.2567","1.0","CADIZ, SP","    0",",,E","  181",",,E","  135",",,E","  152","H,,S"
"SPE00119936","2019-03-14","36.5008","-6.2567","1.0","CADIZ, SP","    0",",,E","  228",",,E","  113",",,E","  163","H,,S"
"SPE00119936","2019-03-15","36.5008","-6.2567","1.0","CADIZ, SP","    0",",,E","  245",",,E","  118",",,E","  179","H,,S"
"SPE00119936","2019-03-16","36.5008","-6.2567","1.0","CADIZ, SP","    0",",,E","  217",",,E","  140",",,E","  171","H,,S"
"SPE00119936","2019-03-17","36.5008","-6.2567","1.0","CADIZ, SP","    0",",,E","  200",",,E","  128",",,E","  159","H,,S"
"SPE00119936","2019-03-18","36.5008","-6.2567","1.0","CADIZ, SP","    0",",,E","  185",",,E","  139",",,E","  161","H,,S"
"SPE00119936","2019-03-19","36.5008","-6.2567","1.0","CADIZ, SP","    0",",,E","  211",",,E","  127",",,E","  168","H,,S"
"SPE00119936","2019-03-20","36.5008","-6.2567","1.0","CADIZ, SP","    0",",,E","  184",",,E","  129",",,E","  156","H,,S"
"SPE00119936","2019-03-21","36.5008","-6.2567","1.0","CADIZ, SP","    0",",,E","  178",",,E","  114",",,E","  142","H,,S"
"SPE00119936","2019-03-22","36.5008","-6.2567","1.0","CADIZ, SP","    0",",,E","  187",",,E","  109",",,E","  152","H,,S"
"SPE00119936","2019-03-23","36.5008","-6.2567","1.0","CADIZ, SP","    0",",,E","  195",",,E","  143",",,E","  163","H,,S"
"SPE00119936","2019-03-24","36.5008","-6.2567","1.0","CADIZ, SP","    0",",,E","  197",",,E","  147",",,E","  168","H,,S"
"SPE00119936","2019-03-25","36.5008","-6.2567","1.0","CADIZ, SP","    0",",,E","  213",",,E","  139",",,E","  173","H,,S"
"SPE00119936","2019-03-26","36.5008","-6.2567","1.0","CADIZ, SP","    0",",,E","  199",",,E","  157",",,E","  177","H,,S"
"SPE00119936","2019-03-27","36.5008","-6.2567","1.0","CADIZ, SP","    0",",,E","  186",",,E","  146",",,E","  159","H,,S"
"SPE00119936","2019-03-28","36.5008","-6.2567","1.0","CADIZ, SP","    0",",,E","  186",",,E","  136",",,E","  158","H,,S"
"SPE00119936","2019-03-29","36.5008","-6.2567","1.0","CADIZ, SP","    4",",,E","  180",",,E","  140",",,E","  157","H,,S"
"SPE00119936","2019-03-30","36.5008","-6.2567","1.0","CADIZ, SP","    0",",,E","  192",",,E","  143",",,E","  160","H,,S"
"SPE00119936","2019-03-31","36.5008","-6.2567","1.0","CADIZ, SP","    0",",,E","  199",",,E","  139",",,E","  166","H,,S"
"SPE00119936","2019-04-01","36.5008","-6.2567","1.0","CADIZ, SP","    0",",,E","  199",",,E","  149",",,E","  168","H,,S"
"SPE00119936","2019-04-02","36.5008","-6.2567","1.0","CADIZ, SP","    0",",,E","  200",",,E","  129",",,E","  163","H,,S"
"SPE00119936","2019-04-03","36.5008","-6.2567","1.0","CADIZ, SP","    0",",,E","  192",",,E","  131",",,E","  162","H,,S"
"SPE00119936","2019-04-04","36.5008","-6.2567","1.0","CADIZ, SP","  118",",,E","  169",",,E","  109",",,E","  144","H,,S"
"SPE00119936","2019-04-05","36.5008","-6.2567","1.0","CADIZ, SP","   99",",,E","  158",",,E","  118",",,E","  139","H,,S"
"SPE00119936","2019-04-06","36.5008","-6.2567","1.0","CADIZ, SP","   15",",,E","  166",",,E","  106",",,E","  141","H,,S"
"SPE00119936","2019-04-07","36.5008","-6.2567","1.0","CADIZ, SP","   10",",,E","  184",",,E","  134",",,E","  159","H,,S"
"SPE00119936","2019-04-08","36.5008","-6.2567","1.0","CADIZ, SP","   49",",,E","  188",",,E","  147",",,E","  162","H,,S"
"SPE00119936","2019-04-09","36.5008","-6.2567","1.0","CADIZ, SP","    0",",,E","  185",",,E","  146",",,E","  162","H,,S"
"SPE00119936","2019-04-10","36.5008","-6.2567","1.0","CADIZ, SP","    0",",,E","  183",",,E","  128",",,E","  153","H,,S"
"SPE00119936","2019-04-11","36.5008","-6.2567","1.0","CADIZ, SP","    0",",,E","  188",",,E","  124",",,E","  158","H,,S"
"SPE00119936","2019-04-12","36.5008","-6.2567","1.0","CADIZ, SP","    0",",,E","  203",",,E","  127",",,E","  164","H,,S"
"SPE00119936","2019-04-13","36.5008","-6.2567","1.0","CADIZ, SP","    0",",,E","  203",",,E","  143",",,E","  171","H,,S"
"SPE00119936","2019-04-14","36.5008","-6.2567","1.0","CADIZ, SP","    0",",,E","  226",",,E","  142",",,E","  184","H,,S"
"SPE00119936","2019-04-15","36.5008","-6.2567","1.0","CADIZ, SP","    0",",,E","  207",",,E","  160",",,E","  181","H,,S"
"SPE00119936","2019-04-16","36.5008","-6.2567","1.0","CADIZ, SP","    0",",,E","  217",",,E","  145",",,E","  181","H,,S"
"SPE00119936","2019-04-17","36.5008","-6.2567","1.0","CADIZ, SP","   51",",,E","  201",",,E","  160",",,E","  176","H,,S"
"SPE00119936","2019-04-18","36.5008","-6.2567","1.0","CADIZ, SP","    2",",,E","  189",",,E","  134",",,E","  159","H,,S"
"SPE00119936","2019-04-19","36.5008","-6.2567","1.0","CADIZ, SP","    9",",,E","  192",",,E","  141",",,E","  163","H,,S"
"SPE00119936","2019-04-20","36.5008","-6.2567","1.0","CADIZ, SP","   11",",,E","  211",",,E","  120",",,E","  160","H,,S"
"SPE00119936","2019-04-21","36.5008","-6.2567","1.0","CADIZ, SP","    0",",,E","  203",",,E","  143",",,E","  168","H,,S"
"SPE00119936","2019-04-22","36.5008","-6.2567","1.0","CADIZ, SP","   33",",,E","  201",",,E","  153",",,E","  173","H,,S"
"SPE00119936","2019-04-23","36.5008","-6.2567","1.0","CADIZ, SP","    0",",,E","  175",",,E","  125",",,E","  154","H,,S"
"SPE00119936","2019-04-24","36.5008","-6.2567","1.0","CADIZ, SP","   14",",,E","  189",",,E","  147",",,E","  166","H,,S"
"SPE00119936","2019-04-25","36.5008","-6.2567","1.0","CADIZ, SP","    0",",,E","  194",",,E","  149",",,E","  172","H,,S"
"SPE00119936","2019-04-26","36.5008","-6.2567","1.0","CADIZ, SP","    0",",,E","  210",",,E","  118",",,E","  166","H,,S"
"SPE00119936","2019-04-27","36.5008","-6.2567","1.0","CADIZ, SP","    0",",,E","  237",",,E","  133",",,E","  187","H,,S"
"SPE00119936","2019-04-28","36.5008","-6.2567","1.0","CADIZ, SP","    0",",,E","  237",",,E","  168",",,E","  201","H,,S"
"SPE00119936","2019-04-29","36.5008","-6.2567","1.0","CADIZ, SP","    0",",,E","  249",",,E","  155",",,E","  204","H,,S"
"SPE00119936","2019-04-30","36.5008","-6.2567","1.0","CADIZ, SP","    0",",,E","  247",",,E","  167",",,E","  197","H,,S"
"SPE00119936","2019-05-01","36.5008","-6.2567","1.0","CADIZ, SP","    0",",,E","  251",",,E","  166",",,E","  204","H,,S"
"SPE00119936","2019-05-02","36.5008","-6.2567","1.0","CADIZ, SP","    0",",,E","  243",",,E","  169",",,E","  207","H,,S"
"SPE00119936","2019-05-03","36.5008","-6.2567","1.0","CADIZ, SP","    0",",,E","  215",",,E","  172",",,E","  189","H,,S"
"SPE00119936","2019-05-04","36.5008","-6.2567","1.0","CADIZ, SP","    0",",,E","  210",",,E","  170",",,E","  185","H,,S"
"SPE00119936","2019-05-05","36.5008","-6.2567","1.0","CADIZ, SP","    0",",,E","  206",",,E","  161",",,E","  179","H,,S"
"SPE00119936","2019-05-06","36.5008","-6.2567","1.0","CADIZ, SP","    0",",,E","  200",",,E","  159",",,E","  176","H,,S"
"SPE00119936","2019-05-07","36.5008","-6.2567","1.0","CADIZ, SP","    0",",,E","  213",",,E","  162",",,E","  186","H,,S"
"SPE00119936","2019-05-08","36.5008","-6.2567","1.0","CADIZ, SP","    0",",,E","  218",",,E","  175",",,E","  191","H,,S"
"SPE00119936","2019-05-09","36.5008","-6.2567","1.0","CADIZ, SP","    0",",,E","  221",",,E","  178",",,E","  193","H,,S"
"SPE00119936","2019-05-10","36.5008","-6.2567","1.0","CADIZ, SP","    0",",,E","  235",",,E","  171",",,E","  203","H,,S"
"SPE00119936","2019-05-11","36.5008","-6.2567","1.0","CADIZ, SP","    0",",,E","  297",",,E","  188",",,E","  237","H,,S"
"SPE00119936","2019-05-12","36.5008","-6.2567","1.0","CADIZ, SP","    0",",,E","  265",",,E","  207",",,E","  237","H,,S"
"SPE00119936","2019-05-13","36.5008","-6.2567","1.0","CADIZ, SP","    0",",,E","  271",",,E","  197",",,E","  229","H,,S"
"SPE00119936","2019-05-14","36.5008","-6.2567","1.0","CADIZ, SP","    0",",,E","  248",",,E","  191",",,E","  217","H,,S"
"SPE00119936","2019-05-15","36.5008","-6.2567","1.0","CADIZ, SP","    0",",,E","  254",",,E","  166",",,E","  211","H,,S"
"SPE00119936","2019-05-16","36.5008","-6.2567","1.0","CADIZ, SP","    0",",,E","  232",",,E","  185",",,E","  206","H,,S"
"SPE00119936","2019-05-17","36.5008","-6.2567","1.0","CADIZ, SP","    0",",,E","  202",",,E","  145",",,E","  177","H,,S"
"SPE00119936","2019-05-18","36.5008","-6.2567","1.0","CADIZ, SP","    0",",,E","  199",",,E","  148",",,E","  175","H,,S"
"SPE00119936","2019-05-19","36.5008","-6.2567","1.0","CADIZ, SP","    0",",,E","  207",",,E","  161",",,E","  181","H,,S"
"SPE00119936","2019-05-20","36.5008","-6.2567","1.0","CADIZ, SP","    0",",,E","  223",",,E","  169",",,E","  191","H,,S"
"SPE00119936","2019-05-21","36.5008","-6.2567","1.0","CADIZ, SP","    0",",,E","  217",",,E","  173",",,E","  194","H,,S"
"SPE00119936","2019-05-22","36.5008","-6.2567","1.0","CADIZ, SP","    0",",,E","  239",",,E","  169",",,E","  207","H,,S"
"SPE00119936","2019-05-23","36.5008","-6.2567","1.0","CADIZ, SP","    0",",,E","  275",",,E","  175",",,E","  217","H,,S"
"SPE00119936","2019-05-24","36.5008","-6.2567","1.0","CADIZ, SP","    0",",,E","  225",",,E","  169",",,E","  199","H,,S"
"SPE00119936","2019-05-25","36.5008","-6.2567","1.0","CADIZ, SP","    0",",,E","  259",",,E","  180",",,E","  209","H,,S"
"SPE00119936","2019-05-26","36.5008","-6.2567","1.0","CADIZ, SP","    0",",,E","  278",",,E","  189",",,E","  224","H,,S"
"SPE00119936","2019-05-27","36.5008","-6.2567","1.0","CADIZ, SP","    0",",,E","  270",",,E","  180",",,E","  222","H,,S"
"SPE00119936","2019-05-28","36.5008","-6.2567","1.0","CADIZ, SP","    0",",,E","  257",",,E","  202",",,E","  223","H,,S"
"SPE00119936","2019-05-29","36.5008","-6.2567","1.0","CADIZ, SP","    0",",,E","  277",",,E","  204",",,E","  237","H,,S"
"SPE00119936","2019-05-30","36.5008","-6.2567","1.0","CADIZ, SP","    0",",,E","  255",",,E","  202",",,E","  223","H,,S"
"SPE00119936","2019-05-31","36.5008","-6.2567","1.0","CADIZ, SP","    0",",,E","  268",",,E","  194",",,E","  227","H,,S"
"SPE00119936","2019-06-01","36.5008","-6.2567","1.0","CADIZ, SP","    0",",,E","  266",",,E","  201",",,E","  230","H,,S"
"SPE00119936","2019-06-02","36.5008","-6.2567","1.0","CADIZ, SP","    0",",,E","  285",",,E","  209",",,E","  242","H,,S"
"SPE00119936","2019-06-03","36.5008","-6.2567","1.0","CADIZ, SP","    0",",,E","  280",",,E","  181",",,E","  229","H,,S"
"SPE00119936","2019-06-04","36.5008","-6.2567","1.0","CADIZ, SP","    0",",,E","  232",",,E","  191",",,E","  211","H,,S"
"SPE00119936","2019-06-05","36.5008","-6.2567","1.0","CADIZ, SP","    0",",,E","  213",",,E","  172",",,E","  193","H,,S"
"SPE00119936","2019-06-06","36.5008","-6.2567","1.0","CADIZ, SP","    9",",,E","  215",",,E","  173",",,E","  192","H,,S"
"SPE00119936","2019-06-07","36.5008","-6.2567","1.0","CADIZ, SP","    0",",,E","  224",",,E","  171",",,E","  196","H,,S"
"SPE00119936","2019-06-08","36.5008","-6.2567","1.0","CADIZ, SP","    0",",,E","  239",",,E","  168",",,E","  203","H,,S"
"SPE00119936","2019-06-09","36.5008","-6.2567","1.0","CADIZ, SP","    0",",,E","  229",",,E","  188",",,E","  204","H,,S"
"SPE00119936","2019-06-10","36.5008","-6.2567","1.0","CADIZ, SP","    0",",,E","  229",",,E","  178",",,E","  196","H,,S"
"SPE00119936","2019-06-11","36.5008","-6.2567","1.0","CADIZ, SP","    0",",,E","  227",",,E","  175",",,E","  199","H,,S"
"SPE00119936","2019-06-12","36.5008","-6.2567","1.0","CADIZ, SP","    0",",,E","  273",",,E","  181",",,E","  212","H,,S"
"SPE00119936","2019-06-13","36.5008","-6.2567","1.0","CADIZ, SP","    0",",,E","  233",",,E","  179",",,E","  203","H,,S"
"SPE00119936","2019-06-14","36.5008","-6.2567","1.0","CADIZ, SP","    0",",,E","  218",",,E","  168",",,E","  189","H,,S"
"SPE00119936","2019-06-15","36.5008","-6.2567","1.0","CADIZ, SP","    0",",,E","  230",",,E","  166",",,E","  197","H,,S"
"SPE00119936","2019-06-16","36.5008","-6.2567","1.0","CADIZ, SP","    0",",,E","  231",",,E","  175",",,E","  199","H,,S"
"SPE00119936","2019-06-17","36.5008","-6.2567","1.0","CADIZ, SP","    0",",,E","  226",",,E","  173",",,E","  197","H,,S"
"SPE00119936","2019-06-18","36.5008","-6.2567","1.0","CADIZ, SP","    0",",,E","  233",",,E","  176",",,E","  202","H,,S"
"SPE00119936","2019-06-19","36.5008","-6.2567","1.0","CADIZ, SP","    0",",,E","  237",",,E","  190",",,E","  213","H,,S"
"SPE00119936","2019-06-20","36.5008","-6.2567","1.0","CADIZ, SP","    0",",,E","  233",",,E","  192",",,E","  208","H,,S"
"SPE00119936","2019-06-21","36.5008","-6.2567","1.0","CADIZ, SP","    0",",,E","  226",",,E","  185",",,E","  203","H,,S"
"SPE00119936","2019-06-22","36.5008","-6.2567","1.0","CADIZ, SP","    0",",,E","  247",",,E","  185",",,E","  214","H,,S"
"SPE00119936","2019-06-23","36.5008","-6.2567","1.0","CADIZ, SP","    0",",,E","  242",",,E","  200",",,E","  220","H,,S"
"SPE00119936","2019-06-24","36.5008","-6.2567","1.0","CADIZ, SP","    0",",,E","  245",",,E","  200",",,E","  215","H,,S"
"SPE00119936","2019-06-25","36.5008","-6.2567","1.0","CADIZ, SP","    0",",,E","  251",",,E","  197",",,E","  221","H,,S"
"SPE00119936","2019-06-26","36.5008","-6.2567","1.0","CADIZ, SP","    0",",,E","  254",",,E","  202",",,E","  226","H,,S"
"SPE00119936","2019-06-27","36.5008","-6.2567","1.0","CADIZ, SP","    0",",,E","  234",",,E","  198",",,E","  215","H,,S"
"SPE00119936","2019-06-28","36.5008","-6.2567","1.0","CADIZ, SP","    0",",,E","  284",",,E","  205",",,E","  240","H,,S"
"SPE00119936","2019-06-29","36.5008","-6.2567","1.0","CADIZ, SP","    0",",,E","  260",",,E","  212",",,E","  232","H,,S"
"SPE00119936","2019-06-30","36.5008","-6.2567","1.0","CADIZ, SP","    0",",,E","  239",",,E","  208",",,E","  222","H,,S"
"SPE00119936","2019-07-01","36.5008","-6.2567","1.0","CADIZ, SP","    0",",,E","  246",",,E","  205",",,E","  221","H,,S"
"SPE00119936","2019-07-02","36.5008","-6.2567","1.0","CADIZ, SP","    0",",,E","  245",",,E","  199",",,E","  219","H,,S"
"SPE00119936","2019-07-03","36.5008","-6.2567","1.0","CADIZ, SP","    0",",,E","  242",",,E","  196",",,E","  214","H,,S"
"SPE00119936","2019-07-04","36.5008","-6.2567","1.0","CADIZ, SP","    0",",,E","  241",",,E","  192",",,E","  214","H,,S"
"SPE00119936","2019-07-05","36.5008","-6.2567","1.0","CADIZ, SP","    0",",,E","  240",",,E","  198",",,E","  216","H,,S"
"SPE00119936","2019-07-06","36.5008","-6.2567","1.0","CADIZ, SP","    0",",,E","  244",",,E","  196",",,E","  217","H,,S"
"SPE00119936","2019-07-07","36.5008","-6.2567","1.0","CADIZ, SP","    0",",,E","  245",",,E","  203",",,E","  219","H,,S"
"SPE00119936","2019-07-08","36.5008","-6.2567","1.0","CADIZ, SP","    0",",,E","  244",",,E","  196",",,E","  216","H,,S"
"SPE00119936","2019-07-09","36.5008","-6.2567","1.0","CADIZ, SP","    0",",,E","  244",",,E","  201",",,E","  218","H,,S"
"SPE00119936","2019-07-10","36.5008","-6.2567","1.0","CADIZ, SP","    0",",,E","  285",",,E","  196",",,E","  231","H,,S"
"SPE00119936","2019-07-11","36.5008","-6.2567","1.0","CADIZ, SP","    0",",,E","  322",",,E","  220",",,E","  258","H,,S"
"SPE00119936","2019-07-12","36.5008","-6.2567","1.0","CADIZ, SP","    0",",,E","  254",",,E","  213",",,E","  226","H,,S"
"SPE00119936","2019-07-13","36.5008","-6.2567","1.0","CADIZ, SP","    0",",,E","  257",",,E","  205",",,E","  236","H,,S"
"SPE00119936","2019-07-14","36.5008","-6.2567","1.0","CADIZ, SP","    0",",,E","  245",",,E","  209",",,E","  225","H,,S"
"SPE00119936","2019-07-15","36.5008","-6.2567","1.0","CADIZ, SP","    0",",,E","  246",",,E","  209",",,E","  223","H,,S"
"SPE00119936","2019-07-16","36.5008","-6.2567","1.0","CADIZ, SP","    0",",,E","  249",",,E","  203",",,E","  222","H,,S"
"SPE00119936","2019-07-17","36.5008","-6.2567","1.0","CADIZ, SP","    0",",,E","  254",",,E","  206",",,E","  221","H,,S"
"SPE00119936","2019-07-18","36.5008","-6.2567","1.0","CADIZ, SP","    0",",,E","  254",",,E","  204",",,E","  227","H,,S"
"SPE00119936","2019-07-19","36.5008","-6.2567","1.0","CADIZ, SP","    0",",,E","  323",",,E","  222",",,E","  267","H,,S"
"SPE00119936","2019-07-20","36.5008","-6.2567","1.0","CADIZ, SP","    0",",,E","  276",",,E","  230",",,E","  253","H,,S"
"SPE00119936","2019-07-21","36.5008","-6.2567","1.0","CADIZ, SP","    0",",,E","  271",",,E","  208",",,E","  243","H,,S"
"SPE00119936","2019-07-22","36.5008","-6.2567","1.0","CADIZ, SP","    0",",,E","  319",",,E","  252",",,E","  282","H,,S"
"SPE00119936","2019-07-23","36.5008","-6.2567","1.0","CADIZ, SP","    0",",,E","  294",",,E","  239",",,E","  262","H,,S"
"SPE00119936","2019-07-24","36.5008","-6.2567","1.0","CADIZ, SP","    0",",,E","  279",",,E","  232",",,E","  249","H,,S"
"SPE00119936","2019-07-25","36.5008","-6.2567","1.0","CADIZ, SP","    0",",,E","  270",",,E","  214",",,E","  241","H,,S"
"SPE00119936","2019-07-26","36.5008","-6.2567","1.0","CADIZ, SP","    0",",,E","  256",",,E","  218",",,E","  232","H,,S"
"SPE00119936","2019-07-27","36.5008","-6.2567","1.0","CADIZ, SP","    0",",,E","  248",",,E","  205",",,E","  223","H,,S"
"SPE00119936","2019-07-28","36.5008","-6.2567","1.0","CADIZ, SP","    0",",,E","  251",",,E","  206",",,E","  224","H,,S"
"SPE00119936","2019-07-29","36.5008","-6.2567","1.0","CADIZ, SP","    0",",,E","  267",",,E","  214",",,E","  236","H,,S"
"SPE00119936","2019-07-30","36.5008","-6.2567","1.0","CADIZ, SP","    0",",,E",,,,,"  242","H,,S"
"SPE00119936","2019-07-31","36.5008","-6.2567","1.0","CADIZ, SP","    0",",,E","  301",",,E","  225",",,E","  258","H,,S"
"SPE00119936","2019-08-01","36.5008","-6.2567","1.0","CADIZ, SP","    0",",,E","  297",",,E","  235",",,E","  254","H,,S"
"SPE00119936","2019-08-02","36.5008","-6.2567","1.0","CADIZ, SP","    0",",,E","  263",",,E","  217",",,E","  237","H,,S"
"SPE00119936","2019-08-03","36.5008","-6.2567","1.0","CADIZ, SP","    0",",,E","  263",",,E","  200",",,E","  215","H,,S"
"SPE00119936","2019-08-04","36.5008","-6.2567","1.0","CADIZ, SP","    0",",,E","  261",",,E","  209",",,E",,
"SPE00119936","2019-08-05","36.5008","-6.2567","1.0","CADIZ, SP","    0",",,E","  272",",,E","  211",",,E",,
"SPE00119936","2019-08-06","36.5008","-6.2567","1.0","CADIZ, SP","    0",",,E","  264",",,E","  198",",,E","  228","H,,S"
"SPE00119936","2019-08-07","36.5008","-6.2567","1.0","CADIZ, SP","    0",",,E","  267",",,E","  213",",,E","  236","H,,S"
"SPE00119936","2019-08-08","36.5008","-6.2567","1.0","CADIZ, SP","    0",",,E","  276",",,E","  204",",,E","  237","H,,S"
"SPE00119936","2019-08-09","36.5008","-6.2567","1.0","CADIZ, SP","    0",",,E","  262",",,E","  209",",,E","  233","H,,S"
"SPE00119936","2019-08-10","36.5008","-6.2567","1.0","CADIZ, SP","    0",",,E","  273",",,E","  219",",,E","  241","H,,S"
"SPE00119936","2019-08-11","36.5008","-6.2567","1.0","CADIZ, SP","    0",",,E","  257",",,E","  211",",,E","  231","H,,S"
"SPE00119936","2019-08-12","36.5008","-6.2567","1.0","CADIZ, SP","    0",",,E","  260",",,E","  203",",,E","  228","H,,S"
"SPE00119936","2019-08-13","36.5008","-6.2567","1.0","CADIZ, SP","    0",",,E","  288",",,E","  193",",,E","  240","H,,S"
"SPE00119936","2019-08-14","36.5008","-6.2567","1.0","CADIZ, SP","    0",",,E","  307",",,E","  228",",,E","  258","H,,S"
"SPE00119936","2019-08-15","36.5008","-6.2567","1.0","CADIZ, SP","    0",",,E","  296",",,E","  225",",,E","  253","H,,S"
"SPE00119936","2019-08-16","36.5008","-6.2567","1.0","CADIZ, SP","    0",",,E","  287",",,E","  222",",,E","  253","H,,S"
"SPE00119936","2019-08-17","36.5008","-6.2567","1.0","CADIZ, SP","    0",",,E","  293",",,E","  223",",,E","  253","H,,S"
"SPE00119936","2019-08-18","36.5008","-6.2567","1.0","CADIZ, SP","    0",",,E","  259",",,E","  205",",,E","  234","H,,S"
"SPE00119936","2019-08-19","36.5008","-6.2567","1.0","CADIZ, SP","    0",",,E","  262",",,E","  211",",,E","  231","H,,S"
"SPE00119936","2019-08-20","36.5008","-6.2567","1.0","CADIZ, SP","    0",",,E","  244",",,E","  207",",,E","  225","H,,S"
"SPE00119936","2019-08-21","36.5008","-6.2567","1.0","CADIZ, SP","    0",",,E","  292",",,E","  216",",,E","  253","H,,S"
"SPE00119936","2019-08-22","36.5008","-6.2567","1.0","CADIZ, SP","    0",",,E","  306",",,E","  246",",,E","  272","H,,S"
"SPE00119936","2019-08-23","36.5008","-6.2567","1.0","CADIZ, SP","    0",",,E","  300",",,E","  242",",,E","  268","H,,S"
"SPE00119936","2019-08-24","36.5008","-6.2567","1.0","CADIZ, SP","    0",",,E","  307",",,E","  219",",,E","  266","H,,S"
"SPE00119936","2019-08-25","36.5008","-6.2567","1.0","CADIZ, SP","    0",",,E","  303",",,E","  220",",,E","  261","H,,S"
"SPE00119936","2019-08-26","36.5008","-6.2567","1.0","CADIZ, SP","    0",",,E","  250",",,E","  212",",,E","  234","H,,S"
"SPE00119936","2019-08-27","36.5008","-6.2567","1.0","CADIZ, SP","    0",",,E","  252",",,E","  211",",,E","  227","H,,S"
"SPE00119936","2019-08-28","36.5008","-6.2567","1.0","CADIZ, SP","    0",",,E","  284",",,E","  209",",,E","  242","H,,S"
"SPE00119936","2019-08-29","36.5008","-6.2567","1.0","CADIZ, SP","    0",",,E","  311",",,E","  239",",,E","  289","H,,S"
"SPE00119936","2019-08-30","36.5008","-6.2567","1.0","CADIZ, SP","    0",",,E","  299",",,E","  230",",,E","  268","H,,S"
"SPE00119936","2019-08-31","36.5008","-6.2567","1.0","CADIZ, SP","    0",",,E","  293",",,E","  235",",,E","  256","H,,S"
"SPE00119936","2019-09-01","36.5008","-6.2567","1.0","CADIZ, SP","    0",",,E","  270",",,E","  214",",,E","  240","H,,S"
"SPE00119936","2019-09-02","36.5008","-6.2567","1.0","CADIZ, SP","    0",",,E","  300",",,E","  219",",,E","  236","H,,S"
"SPE00119936","2019-09-03","36.5008","-6.2567","1.0","CADIZ, SP","    0",",,E","  316",",,E","  237",",,E",,
"SPE00119936","2019-09-04","36.5008","-6.2567","1.0","CADIZ, SP","    0",",,E","  300",",,E","  240",",,E",,
"SPE00119936","2019-09-05","36.5008","-6.2567","1.0","CADIZ, SP","    0",",,E","  263",",,E","  228",",,E",,
"SPE00119936","2019-09-06","36.5008","-6.2567","1.0","CADIZ, SP","    0",",,E","  308",",,E","  244",",,E",,
"SPE00119936","2019-09-07","36.5008","-6.2567","1.0","CADIZ, SP","    0",",,E","  292",",,E","  243",",,E",,
"SPE00119936","2019-09-08","36.5008","-6.2567","1.0","CADIZ, SP","    0",",,E","  282",",,E","  231",",,E",,
"SPE00119936","2019-09-09","36.5008","-6.2567","1.0","CADIZ, SP","    0",",,E","  268",",,E","  209",",,E",,
"SPE00119936","2019-09-10","36.5008","-6.2567","1.0","CADIZ, SP","    0",",,E","  244",",,E","  192",",,E","  224","H,,S"
"SPE00119936","2019-09-11","36.5008","-6.2567","1.0","CADIZ, SP","    0",",,E","  285",",,E","  177",",,E","  223","H,,S"
"SPE00119936","2019-09-12","36.5008","-6.2567","1.0","CADIZ, SP","    0",",,E","  268",",,E","  188",",,E","  226","H,,S"
"SPE00119936","2019-09-13","36.5008","-6.2567","1.0","CADIZ, SP","    7",",,E","  275",",,E","  195",",,E","  229","H,,S"
"SPE00119936","2019-09-14","36.5008","-6.2567","1.0","CADIZ, SP","    0",",,E","  274",",,E","  208",",,E","  238","H,,S"
"SPE00119936","2019-09-15","36.5008","-6.2567","1.0","CADIZ, SP","    0",",,E","  247",",,E","  206",",,E","  227","H,,S"
"SPE00119936","2019-09-16","36.5008","-6.2567","1.0","CADIZ, SP","    0",",,E","  251",",,E","  194",",,E","  221","H,,S"
"SPE00119936","2019-09-17","36.5008","-6.2567","1.0","CADIZ, SP","    0",",,E","  269",",,E","  212",",,E","  233","H,,S"
"SPE00119936","2019-09-18","36.5008","-6.2567","1.0","CADIZ, SP","    0",",,E","  245",",,E","  203",",,E","  218","H,,S"
"SPE00119936","2019-09-19","36.5008","-6.2567","1.0","CADIZ, SP","    0",",,E","  244",",,E","  201",",,E","  221","H,,S"
"SPE00119936","2019-09-20","36.5008","-6.2567","1.0","CADIZ, SP","    0",",,E","  243",",,E","  207",",,E","  219","H,,S"
"SPE00119936","2019-09-21","36.5008","-6.2567","1.0","CADIZ, SP","   11",",,E","  243",",,E","  204",",,E","  219","H,,S"
"SPE00119936","2019-09-22","36.5008","-6.2567","1.0","CADIZ, SP","    0",",,E","  232",",,E","  197",",,E","  216","H,,S"
"SPE00119936","2019-09-23","36.5008","-6.2567","1.0","CADIZ, SP","    0",",,E","  262",",,E","  186",",,E","  221","H,,S"
"SPE00119936","2019-09-24","36.5008","-6.2567","1.0","CADIZ, SP","    0",",,E","  267",",,E","  181",",,E","  223","H,,S"
"SPE00119936","2019-09-25","36.5008","-6.2567","1.0","CADIZ, SP","    0",",,E","  243",",,E","  209",",,E","  223","H,,S"
"SPE00119936","2019-09-26","36.5008","-6.2567","1.0","CADIZ, SP","    0",",,E","  264",",,E","  182",",,E","  213","H,,S"
"SPE00119936","2019-09-27","36.5008","-6.2567","1.0","CADIZ, SP","    0",",,E","  249",",,E","  202",",,E","  222","H,,S"
"SPE00119936","2019-09-28","36.5008","-6.2567","1.0","CADIZ, SP","    0",",,E","  260",",,E","  191",",,E","  225","H,,S"
"SPE00119936","2019-09-29","36.5008","-6.2567","1.0","CADIZ, SP","    0",",,E","  249",",,E","  203",",,E","  222","H,,S"
"SPE00119936","2019-09-30","36.5008","-6.2567","1.0","CADIZ, SP","    0",",,E","  265",",,E","  180",",,E","  218","H,,S"
"SPE00119936","2019-10-01","36.5008","-6.2567","1.0","CADIZ, SP","    0",",,E",,,"  195",",,E","  216","H,,S"
"SPE00119936","2019-10-02","36.5008","-6.2567","1.0","CADIZ, SP","    0",",,E","  233",",,E","  191",",,E","  205","H,,S"
"SPE00119936","2019-10-03","36.5008","-6.2567","1.0","CADIZ, SP","    0",",,E","  232",",,E","  181",",,E","  207","H,,S"
"SPE00119936","2019-10-04","36.5008","-6.2567","1.0","CADIZ, SP","    0",",,E","  235",",,E","  182",",,E","  208","H,,S"
"SPE00119936","2019-10-05","36.5008","-6.2567","1.0","CADIZ, SP","    1",",,E","  235",",,E","  180",",,E","  205","H,,S"
"SPE00119936","2019-10-06","36.5008","-6.2567","1.0","CADIZ, SP","    0",",,E","  242",",,E","  182",",,E","  208","H,,S"
"SPE00119936","2019-10-07","36.5008","-6.2567","1.0","CADIZ, SP","    0",",,E","  253",",,E","  175",",,E","  216","H,,S"
"SPE00119936","2019-10-08","36.5008","-6.2567","1.0","CADIZ, SP","    0",",,E","  284",",,E","  202",",,E","  241","H,,S"
"SPE00119936","2019-10-09","36.5008","-6.2567","1.0","CADIZ, SP","    0",",,E","  263",",,E","  202",",,E","  224","H,,S"
"SPE00119936","2019-10-10","36.5008","-6.2567","1.0","CADIZ, SP","    0",",,E","  272",",,E","  207",",,E","  236","H,,S"
"SPE00119936","2019-10-11","36.5008","-6.2567","1.0","CADIZ, SP","    0",",,E","  264",",,E","  222",",,E","  237","H,,S"
"SPE00119936","2019-10-12","36.5008","-6.2567","1.0","CADIZ, SP","    0",",,E","  263",",,E","  206",",,E","  228","H,,S"
"SPE00119936","2019-10-13","36.5008","-6.2567","1.0","CADIZ, SP","   19",",,E","  252",",,E","  203",",,E","  219","H,,S"
"SPE00119936","2019-10-14","36.5008","-6.2567","1.0","CADIZ, SP","    0",",,E","  225",",,E","  191",",,E","  207","H,,S"
"SPE00119936","2019-10-15","36.5008","-6.2567","1.0","CADIZ, SP","    0",",,E","  202",",,E","  146",",,E","  179","H,,S"
"SPE00119936","2019-10-16","36.5008","-6.2567","1.0","CADIZ, SP","    0",",,E","  212",",,E","  139",",,E","  181","H,,S"
"SPE00119936","2019-10-17","36.5008","-6.2567","1.0","CADIZ, SP","    0",",,E","  221",",,E","  159",",,E","  191","H,,S"
"SPE00119936","2019-10-18","36.5008","-6.2567","1.0","CADIZ, SP","    0",",,E","  239",",,E","  180",",,E","  207","H,,S"
"SPE00119936","2019-10-19","36.5008","-6.2567","1.0","CADIZ, SP","   80",",,E","  233",",,E","  182",",,E","  203","H,,S"
"SPE00119936","2019-10-20","36.5008","-6.2567","1.0","CADIZ, SP","    0",",,E","  202",",,E","  165",",,E","  181","H,,S"
"SPE00119936","2019-10-21","36.5008","-6.2567","1.0","CADIZ, SP","    0",",,E","  200",",,E","  134",",,E","  172","H,,S"
"SPE00119936","2019-10-22","36.5008","-6.2567","1.0","CADIZ, SP","   26",",,E","  181",",,E","  139",",,E","  158","H,,S"
"SPE00119936","2019-10-23","36.5008","-6.2567","1.0","CADIZ, SP","    0",",,E","  203",",,E","  162",",,E","  182","H,,S"
"SPE00119936","2019-10-24","36.5008","-6.2567","1.0","CADIZ, SP","    0",",,E","  194",",,E","  158",",,E","  177","H,,S"
"SPE00119936","2019-10-25","36.5008","-6.2567","1.0","CADIZ, SP","    0",",,E","  250",",,E","  144",",,E","  193","H,,S"
"SPE00119936","2019-10-26","36.5008","-6.2567","1.0","CADIZ, SP","    0",",,E","  248",",,E","  170",",,E","  204","H,,S"
"SPE00119936","2019-10-27","36.5008","-6.2567","1.0","CADIZ, SP","    0",",,E","  221",",,E","  174",",,E","  196","H,,S"
"SPE00119936","2019-10-28","36.5008","-6.2567","1.0","CADIZ, SP","    0",",,E","  224",",,E","  175",",,E","  194","H,,S"
"SPE00119936","2019-10-29","36.5008","-6.2567","1.0","CADIZ, SP","    1",",,E","  215",",,E","  178",",,E","  191","H,,S"
"SPE00119936","2019-10-30","36.5008","-6.2567","1.0","CADIZ, SP","    0",",,E","  220",",,E","  180",",,E","  195","H,,S"
"SPE00119936","2019-10-31","36.5008","-6.2567","1.0","CADIZ, SP","    0",",,E","  223",",,E","  188",",,E","  204","H,,S"
"SPE00119936","2019-11-01","36.5008","-6.2567","1.0","CADIZ, SP","   27",",,E","  231",",,E","  197",",,E","  207","H,,S"
"SPE00119936","2019-11-02","36.5008","-6.2567","1.0","CADIZ, SP","    2",",,E","  229",",,E","  196",",,E","  207","H,,S"
"SPE00119936","2019-11-03","36.5008","-6.2567","1.0","CADIZ, SP","    0",",,E","  218",",,E","  192",",,E","  201","H,,S"
"SPE00119936","2019-11-04","36.5008","-6.2567","1.0","CADIZ, SP","   10",",,E","  214",",,E","  183",",,E","  198","H,,S"
"SPE00119936","2019-11-05","36.5008","-6.2567","1.0","CADIZ, SP","    0",",,E","  199",",,E","  162",",,E","  183","H,,S"
"SPE00119936","2019-11-06","36.5008","-6.2567","1.0","CADIZ, SP","    0",",,E","  188",",,E","  148",",,E","  171","H,,S"
"SPE00119936","2019-11-07","36.5008","-6.2567","1.0","CADIZ, SP","   43",",,E","  190",",,E","  156",",,E","  173","H,,S"
"SPE00119936","2019-11-08","36.5008","-6.2567","1.0","CADIZ, SP","    0",",,E","  171",",,E","  144",",,E","  158","H,,S"
"SPE00119936","2019-11-09","36.5008","-6.2567","1.0","CADIZ, SP","    0",",,E","  176",",,E","  111",",,E","  146","H,,S"
"SPE00119936","2019-11-10","36.5008","-6.2567","1.0","CADIZ, SP","    1",",,E","  178",",,E","  145",",,E","  161","H,,S"
"SPE00119936","2019-11-11","36.5008","-6.2567","1.0","CADIZ, SP","    0",",,E","  180",",,E","  135",",,E","  161","H,,S"
"SPE00119936","2019-11-12","36.5008","-6.2567","1.0","CADIZ, SP","    0",",,E","  178",",,E","  132",",,E","  156","H,,S"
"SPE00119936","2019-11-13","36.5008","-6.2567","1.0","CADIZ, SP","    0",",,E","  193",",,E","  159",",,E","  174","H,,S"
"SPE00119936","2019-11-14","36.5008","-6.2567","1.0","CADIZ, SP","   15",",,E","  172",",,E","  128",",,E","  151","H,,S"
"SPE00119936","2019-11-15","36.5008","-6.2567","1.0","CADIZ, SP","    0",",,E","  145",",,E","  119",",,E","  134","H,,S"
"SPE00119936","2019-11-16","36.5008","-6.2567","1.0","CADIZ, SP","    0",",,E","  144",",,E","   81",",,E","  120","H,,S"
"SPE00119936","2019-11-17","36.5008","-6.2567","1.0","CADIZ, SP","   31",",,E","  178",",,E","  107",",,E","  144","H,,S"
"SPE00119936","2019-11-18","36.5008","-6.2567","1.0","CADIZ, SP","    0",",,E","  169",",,E","  118",",,E","  140","H,,S"
"SPE00119936","2019-11-19","36.5008","-6.2567","1.0","CADIZ, SP","    0",",,E","  174",",,E","  105",",,E","  132","H,,S"
"SPE00119936","2019-11-20","36.5008","-6.2567","1.0","CADIZ, SP","   68",",,E","  158",",,E","  106",",,E","  134","H,,S"
"SPE00119936","2019-11-21","36.5008","-6.2567","1.0","CADIZ, SP","  127",",,E","  170",",,E","  144",",,E","  155","H,,S"
"SPE00119936","2019-11-22","36.5008","-6.2567","1.0","CADIZ, SP","   82",",,E","  185",",,E","  155",",,E","  168","H,,S"
"SPE00119936","2019-11-23","36.5008","-6.2567","1.0","CADIZ, SP","    0",",,E","  170",",,E","  135",",,E","  155","H,,S"
"SPE00119936","2019-11-24","36.5008","-6.2567","1.0","CADIZ, SP","    0",",,E","  168",",,E","  126",",,E","  144","H,,S"
"SPE00119936","2019-11-25","36.5008","-6.2567","1.0","CADIZ, SP","    0",",,E","  191",",,E","  130",",,E","  164","H,,S"
"SPE00119936","2019-11-26","36.5008","-6.2567","1.0","CADIZ, SP","   24",",,E","  193",",,E","  158",",,E","  171","H,,S"
"SPE00119936","2019-11-27","36.5008","-6.2567","1.0","CADIZ, SP","    2",",,E","  182",",,E","  148",",,E","  166","H,,S"
"SPE00119936","2019-11-28","36.5008","-6.2567","1.0","CADIZ, SP","    1",",,E","  195",",,E","  124",",,E","  153","H,,S"
"SPE00119936","2019-11-29","36.5008","-6.2567","1.0","CADIZ, SP","    0",",,E","  186",",,E","  125",",,E","  157","H,,S"
"SPE00119936","2019-11-30","36.5008","-6.2567","1.0","CADIZ, SP","    8",",,E","  181",",,E","  134",",,E","  157","H,,S"
"SPE00119936","2019-12-01","36.5008","-6.2567","1.0","CADIZ, SP","   14",",,E","  185",",,E","  145",",,E","  159","H,,S"
"SPE00119936","2019-12-02","36.5008","-6.2567","1.0","CADIZ, SP","   25",",,E","  155",",,E","  127",",,E","  139","H,,S"
"SPE00119936","2019-12-03","36.5008","-6.2567","1.0","CADIZ, SP","    0",",,E","  172",",,E","  117",",,E","  136","H,,S"
"SPE00119936","2019-12-04","36.5008","-6.2567","1.0","CADIZ, SP","    0",",,E","  155",",,E","  125",",,E","  141","H,,S"
"SPE00119936","2019-12-05","36.5008","-6.2567","1.0","CADIZ, SP","    0",",,E","  184",",,E","   86",",,E","  137","H,,S"
"SPE00119936","2019-12-06","36.5008","-6.2567","1.0","CADIZ, SP","    0",",,E","  193",",,E","  116",",,E","  151","H,,S"
"SPE00119936","2019-12-07","36.5008","-6.2567","1.0","CADIZ, SP","    0",",,E","  187",",,E","  117",",,E","  147","H,,S"
"SPE00119936","2019-12-08","36.5008","-6.2567","1.0","CADIZ, SP","    0",",,E","  168",",,E","  109",",,E","  136","H,,S"
"SPE00119936","2019-12-09","36.5008","-6.2567","1.0","CADIZ, SP","    0",",,E","  176",",,E","  125",",,E","  147","H,,S"
"SPE00119936","2019-12-10","36.5008","-6.2567","1.0","CADIZ, SP","    0",",,E","  177",",,E","  105",",,E","  137","H,,S"
"SPE00119936","2019-12-11","36.5008","-6.2567","1.0","CADIZ, SP","    0",",,E","  157",",,E","  116",",,E","  138","H,,S"
"SPE00119936","2019-12-12","36.5008","-6.2567","1.0","CADIZ, SP","    0",",,E","  162",",,E","  106",",,E","  147","H,,S"
"SPE00119936","2019-12-13","36.5008","-6.2567","1.0","CADIZ, SP","    0",",,E","  178",",,E","  155",",,E","  162","H,,S"
"SPE00119936","2019-12-14","36.5008","-6.2567","1.0","CADIZ, SP","    0",",,E","  165",",,E","  130",",,E","  150","H,,S"
"SPE00119936","2019-12-15","36.5008","-6.2567","1.0","CADIZ, SP","    0",",,E","  174",",,E","  117",",,E","  138","H,,S"
"SPE00119936","2019-12-16","36.5008","-6.2567","1.0","CADIZ, SP","   39",",,E","  191",",,E","  130",",,E","  163","H,,S"
"SPE00119936","2019-12-17","36.5008","-6.2567","1.0","CADIZ, SP","    1",",,E","  147",",,E","  117",",,E","  133","H,,S"
"SPE00119936","2019-12-18","36.5008","-6.2567","1.0","CADIZ, SP","    1",",,E","  164",",,E","  110",",,E","  144","H,,S"
"SPE00119936","2019-12-19","36.5008","-6.2567","1.0","CADIZ, SP","  176",",,E","  178",",,E","  155",",,E","  163","H,,S"
"SPE00119936","2019-12-20","36.5008","-6.2567","1.0","CADIZ, SP","  166",",,E","  183",",,E","  170",",,E","  179","H,,S"
"SPE00119936","2019-12-21","36.5008","-6.2567","1.0","CADIZ, SP","    9",",,E","  185",",,E","  167",",,E","  179","H,,S"
"SPE00119936","2019-12-22","36.5008","-6.2567","1.0","CADIZ, SP","    2",",,E","  189",",,E","  151",",,E","  164","H,,S"
"SPE00119936","2019-12-23","36.5008","-6.2567","1.0","CADIZ, SP","    0",",,E","  186",",,E","  129",",,E","  153","H,,S"
"SPE00119936","2019-12-24","36.5008","-6.2567","1.0","CADIZ, SP","    0",",,E","  220",",,E","  112",",,E","  159","H,,S"
"SPE00119936","2019-12-25","36.5008","-6.2567","1.0","CADIZ, SP","    0",",,E","  196",",,E","  121",",,E","  153","H,,S"
"SPE00119936","2019-12-26","36.5008","-6.2567","1.0","CADIZ, SP","    0",",,E","  202",",,E","  123",",,E","  157","H,,S"
"SPE00119936","2019-12-27","36.5008","-6.2567","1.0","CADIZ, SP","    0",",,E","  195",",,E","  144",",,E","  167","H,,S"
"SPE00119936","2019-12-28","36.5008","-6.2567","1.0","CADIZ, SP","    0",",,E","  186",",,E","  140",",,E","  157","H,,S"
"SPE00119936","2019-12-29","36.5008","-6.2567","1.0","CADIZ, SP","    0",",,E","  175",",,E","  134",",,E","  152","H,,S"
"SPE00119936","2019-12-30","36.5008","-6.2567","1.0","CADIZ, SP","    0",",,E","  174",",,E","  110",",,E","  143","H,,S"
"SPE00119936","2019-12-31","36.5008","-6.2567","1.0","CADIZ, SP","    0",",,E","  173",",,E","  105",",,E",,
"SPE00119936","2020-01-01","36.5008","-6.2567","1.0","CADIZ, SP","    0",",,E","  187",",,E","  105",",,E","  138","H,,S"
"SPE00119936","2020-01-02","36.5008","-6.2567","1.0","CADIZ, SP","    0",",,E","  179",",,E","  104",",,E","  131","H,,S"
"SPE00119936","2020-01-03","36.5008","-6.2567","1.0","CADIZ, SP","    0",",,E","  157",",,E","  104",",,E","  128","H,,S"
"SPE00119936","2020-01-04","36.5008","-6.2567","1.0","CADIZ, SP","    0",",,E","  147",",,E","   83",",,E","  119","H,,S"
"SPE00119936","2020-01-05","36.5008","-6.2567","1.0","CADIZ, SP","    0",",,E","  174",",,E","  100",",,E","  131","H,,S"
"SPE00119936","2020-01-06","36.5008","-6.2567","1.0","CADIZ, SP","    0",",,E","  174",",,E","   84",",,E","  127","H,,S"
"SPE00119936","2020-01-07","36.5008","-6.2567","1.0","CADIZ, SP","    0",",,E","  181",",,E","   83",",,E","  129","H,,S"
"SPE00119936","2020-01-08","36.5008","-6.2567","1.0","CADIZ, SP","    0",",,E","  178",",,E","   83",",,E","  120","H,,S"
"SPE00119936","2020-01-09","36.5008","-6.2567","1.0","CADIZ, SP","    0",",,E","  173",",,E","  110",",,E","  131","H,,S"
"SPE00119936","2020-01-10","36.5008","-6.2567","1.0","CADIZ, SP","    0",",,E","  146",",,E","  105",",,E","  124","H,,S"
"SPE00119936","2020-01-11","36.5008","-6.2567","1.0","CADIZ, SP","    0",",,E","  180",",,E","   82",",,E","  113","H,,S"
"SPE00119936","2020-01-12","36.5008","-6.2567","1.0","CADIZ, SP","    0",",,E","  167",",,E","   97",",,E","  125","H,,S"
"SPE00119936","2020-01-13","36.5008","-6.2567","1.0","CADIZ, SP","    0",",,E","  175",",,E","   84",",,E","  120","H,,S"
"SPE00119936","2020-01-14","36.5008","-6.2567","1.0","CADIZ, SP","    0",",,E","  167",",,E","   89",",,E","  126","H,,S"
"SPE00119936","2020-01-15","36.5008","-6.2567","1.0","CADIZ, SP","    0",",,E","  176",",,E","  111",",,E","  139","H,,S"
"SPE00119936","2020-01-16","36.5008","-6.2567","1.0","CADIZ, SP","    0",",,E","  181",",,E","  102",",,E","  134","H,,S"
"SPE00119936","2020-01-17","36.5008","-6.2567","1.0","CADIZ, SP","    2",",,E","  178",",,E","  123",",,E","  146","H,,S"
"SPE00119936","2020-01-18","36.5008","-6.2567","1.0","CADIZ, SP","   16",",,E","  167",",,E","  119",",,E","  147","H,,S"
"SPE00119936","2020-01-19","36.5008","-6.2567","1.0","CADIZ, SP","    0",",,E","  156",",,E","  104",",,E","  136","H,,S"
"SPE00119936","2020-01-20","36.5008","-6.2567","1.0","CADIZ, SP","    2",",,E","  124",",,E","   77",",,E","   98","H,,S"
"SPE00119936","2020-01-21","36.5008","-6.2567","1.0","CADIZ, SP","   45",",,E","  130",",,E","   73",",,E","  108","H,,S"
"SPE00119936","2020-01-22","36.5008","-6.2567","1.0","CADIZ, SP","  322",",,E","  130",",,E","  102",",,E","  112","H,,S"
"SPE00119936","2020-01-23","36.5008","-6.2567","1.0","CADIZ, SP","   78",",,E","  146",",,E","  114",",,E","  126","H,,S"
"SPE00119936","2020-01-24","36.5008","-6.2567","1.0","CADIZ, SP","  281",",,E","  144",",,E","  118",",,E","  131","H,,S"
"SPE00119936","2020-01-25","36.5008","-6.2567","1.0","CADIZ, SP","  103",",,E","  152",",,E","  116",",,E","  131","H,,S"
"SPE00119936","2020-01-26","36.5008","-6.2567","1.0","CADIZ, SP","    0",",,E","  151",",,E","  106",",,E","  127","H,,S"
"SPE00119936","2020-01-27","36.5008","-6.2567","1.0","CADIZ, SP","    0",",,E","  167",",,E","   95",",,E","  130","H,,S"
"SPE00119936","2020-01-28","36.5008","-6.2567","1.0","CADIZ, SP","    0",",,E","  183",",,E","  114",",,E","  141","H,,S"
"SPE00119936","2020-01-29","36.5008","-6.2567","1.0","CADIZ, SP","    0",",,E","  169",",,E","  116",",,E","  139","H,,S"
"SPE00119936","2020-01-30","36.5008","-6.2567","1.0","CADIZ, SP","    1",",,E","  180",",,E","  105",",,E","  136","H,,S"
"SPE00119936","2020-01-31","36.5008","-6.2567","1.0","CADIZ, SP","    0",",,E","  178",",,E","  109",",,E","  137","H,,S"
"SPE00119936","2020-02-01","36.5008","-6.2567","1.0","CADIZ, SP","    0",",,E","  192",",,E","  120",",,E","  150","H,,S"
"SPE00119936","2020-02-02","36.5008","-6.2567","1.0","CADIZ, SP","    0",",,E","  232",",,E","  121",",,E","  165","H,,S"
"SPE00119936","2020-02-03","36.5008","-6.2567","1.0","CADIZ, SP","    0",",,E","  207",",,E","  129",",,E","  164","H,,S"
"SPE00119936","2020-02-04","36.5008","-6.2567","1.0","CADIZ, SP","    0",",,E","  212",",,E","  123",",,E","  167","H,,S"
"SPE00119936","2020-02-05","36.5008","-6.2567","1.0","CADIZ, SP","    0",",,E","  185",",,E","  120",",,E","  157","H,,S"
"SPE00119936","2020-02-06","36.5008","-6.2567","1.0","CADIZ, SP","    0",",,E","  180",",,E","  142",",,E","  156","H,,S"
"SPE00119936","2020-02-07","36.5008","-6.2567","1.0","CADIZ, SP","   10",",,E","  178",",,E","  132",",,E","  149","H,,S"
"SPE00119936","2020-02-08","36.5008","-6.2567","1.0","CADIZ, SP","    1",",,E","  181",",,E","  126",",,E","  151","H,,S"
"SPE00119936","2020-02-09","36.5008","-6.2567","1.0","CADIZ, SP","    0",",,E","  190",",,E","  122",",,E","  151","H,,S"
"SPE00119936","2020-02-10","36.5008","-6.2567","1.0","CADIZ, SP","    0",",,E","  200",",,E","  119",",,E","  154","H,,S"
"SPE00119936","2020-02-11","36.5008","-6.2567","1.0","CADIZ, SP","    0",",,E","  192",",,E","  121",",,E","  156","H,,S"
"SPE00119936","2020-02-12","36.5008","-6.2567","1.0","CADIZ, SP","    1",",,E","  179",",,E","  149",",,E","  159","H,,S"
"SPE00119936","2020-02-13","36.5008","-6.2567","1.0","CADIZ, SP","    0",",,E","  184",",,E","  146",",,E","  159","H,,S"
"SPE00119936","2020-02-14","36.5008","-6.2567","1.0","CADIZ, SP","    0",",,E","  195",",,E","  114",",,E","  154","H,,S"
"SPE00119936","2020-02-15","36.5008","-6.2567","1.0","CADIZ, SP","    0",",,E","  196",",,E","  126",",,E","  158","H,,S"
"SPE00119936","2020-02-16","36.5008","-6.2567","1.0","CADIZ, SP","    0",",,E","  187",",,E","  126",",,E","  155","H,,S"
"SPE00119936","2020-02-17","36.5008","-6.2567","1.0","CADIZ, SP","    0",",,E","  181",",,E","  128",",,E","  151","H,,S"
"SPE00119936","2020-02-18","36.5008","-6.2567","1.0","CADIZ, SP","    0",",,E","  192",",,E","  140",",,E","  164","H,,S"
"SPE00119936","2020-02-19","36.5008","-6.2567","1.0","CADIZ, SP","    0",",,E","  194",",,E","  142",",,E","  164","H,,S"
"SPE00119936","2020-02-20","36.5008","-6.2567","1.0","CADIZ, SP","    0",",,E","  192",",,E","  145",",,E","  162","H,,S"
"SPE00119936","2020-02-21","36.5008","-6.2567","1.0","CADIZ, SP","    0",",,E","  190",",,E","  142",",,E","  161","H,,S"
"SPE00119936","2020-02-22","36.5008","-6.2567","1.0","CADIZ, SP","    0",",,E","  206",",,E","  140",",,E","  166","H,,S"
"SPE00119936","2020-02-23","36.5008","-6.2567","1.0","CADIZ, SP","    0",",,E","  192",",,E","  142",",,E","  162","H,,S"
"SPE00119936","2020-02-24","36.5008","-6.2567","1.0","CADIZ, SP","    0",",,E","  198",",,E","  129",",,E","  159","H,,S"
"SPE00119936","2020-02-25","36.5008","-6.2567","1.0","CADIZ, SP","    1",",,E","  161",",,E","  129",",,E","  146","H,,S"
"SPE00119936","2020-02-26","36.5008","-6.2567","1.0","CADIZ, SP","    0",",,E","  173",",,E","  139",",,E","  154","H,,S"
"SPE00119936","2020-02-27","36.5008","-6.2567","1.0","CADIZ, SP","    0",",,E","  202",",,E","  109",",,E","  156","H,,S"
"SPE00119936","2020-02-28","36.5008","-6.2567","1.0","CADIZ, SP","    0",",,E","  196",",,E","  115",",,E","  157","H,,S"
"SPE00119936","2020-02-29","36.5008","-6.2567","1.0","CADIZ, SP","   26",",,E","  190",",,E","  141",",,E","  159","H,,S"
"SPE00119936","2020-03-01","36.5008","-6.2567","1.0","CADIZ, SP","   25",",,S",,,,,"  171","H,,S"
"SPE00119936","2020-03-02","36.5008","-6.2567","1.0","CADIZ, SP","    0",",,S",,,,,"  176","H,,S"
"SPE00119936","2020-03-03","36.5008","-6.2567","1.0","CADIZ, SP","    0",",,S",,,,,"  159","H,,S"
"SPE00119936","2020-03-04","36.5008","-6.2567","1.0","CADIZ, SP","    0",",,S",,,"  151",",,S","  167","H,,S"
"SPE00119936","2020-03-05","36.5008","-6.2567","1.0","CADIZ, SP",,,,,,,"  160","H,,S"
"SPE00119936","2020-03-06","36.5008","-6.2567","1.0","CADIZ, SP",,,"  172",",,S","  132",",,S","  152","H,,S"
"SPE00119936","2020-03-07","36.5008","-6.2567","1.0","CADIZ, SP",,,,,,,"  158","H,,S"
"SPE00119936","2020-03-08","36.5008","-6.2567","1.0","CADIZ, SP",,,,,"  107",",,S","  158","H,,S"
"SPE00119936","2020-03-09","36.5008","-6.2567","1.0","CADIZ, SP",,,"  196",",,S",,,"  163","H,,S"
"SPE00119936","2020-03-10","36.5008","-6.2567","1.0","CADIZ, SP",,,"  199",",,S","  139",",,S","  151","H,,S"
"SPE00119936","2020-03-16","36.5008","-6.2567","1.0","CADIZ, SP","    0",",,S","  175",",,S",,,"  141","H,,S"
"SPE00119936","2020-03-17","36.5008","-6.2567","1.0","CADIZ, SP","    5",",,S","  165",",,S",,,"  130","H,,S"
"SPE00119936","2020-03-18","36.5008","-6.2567","1.0","CADIZ, SP","  508",",,S",,,"  139",",,S","  173","H,,S"
"SPE00119936","2020-03-19","36.5008","-6.2567","1.0","CADIZ, SP","    0",",,S",,,,,"  172","H,,S"
"SPE00119936","2020-03-20","36.5008","-6.2567","1.0","CADIZ, SP","    3",",,S",,,,,"  158","H,,S"
"SPE00119936","2020-03-21","36.5008","-6.2567","1.0","CADIZ, SP","  140",",,S","  165",",,S","  123",",,S","  140","H,,S"
"SPE00119936","2020-03-22","36.5008","-6.2567","1.0","CADIZ, SP","  117",",,S",,,"  112",",,S","  139","H,,S"
"SPE00119936","2020-03-23","36.5008","-6.2567","1.0","CADIZ, SP","    0",",,S",,,,,"  146","H,,S"
"SPE00119936","2020-03-24","36.5008","-6.2567","1.0","CADIZ, SP","    0",",,S","  166",",,S",,,"  137","H,,S"
"SPE00119936","2020-03-25","36.5008","-6.2567","1.0","CADIZ, SP","   56",",,S",,,"  140",",,S","  157","H,,S"
"SPE00119936","2020-03-26","36.5008","-6.2567","1.0","CADIZ, SP","    0",",,S",,,"  126",",,S","  161","H,,S"
"SPE00119936","2020-03-27","36.5008","-6.2567","1.0","CADIZ, SP",,,"  174",",,S",,,"  147","H,,S"
"SPE00119936","2020-03-28","36.5008","-6.2567","1.0","CADIZ, SP",,,,,"  121",",,S","  153","H,,S"
"SPE00119936","2020-03-29","36.5008","-6.2567","1.0","CADIZ, SP",,,,,,,"  157","H,,S"
"SPE00119936","2020-03-30","36.5008","-6.2567","1.0","CADIZ, SP",,,,,"  137",",,S","  157","H,,S"
"SPE00119936","2020-03-31","36.5008","-6.2567","1.0","CADIZ, SP","  414",",,S",,,"  132",",,S","  161","H,,S"
"SPE00119936","2020-04-01","36.5008","-6.2567","1.0","CADIZ, SP","   15",",,S",,,,,"  145","H,,S"
"SPE00119936","2020-04-02","36.5008","-6.2567","1.0","CADIZ, SP","  109",",,S",,,"  119",",,S","  144","H,,S"
"SPE00119936","2020-04-03","36.5008","-6.2567","1.0","CADIZ, SP","    8",",,S",,,"  120",",,S","  161","H,,S"
"SPE00119936","2020-04-04","36.5008","-6.2567","1.0","CADIZ, SP","    0",",,S","  186",",,S","  150",",,S","  162","H,,S"
"SPE00119936","2020-04-05","36.5008","-6.2567","1.0","CADIZ, SP","    3",",,S",,,"  149",",,S","  173","H,,S"
"SPE00119936","2020-04-06","36.5008","-6.2567","1.0","CADIZ, SP","    0",",,S",,,"  154",",,S","  171","H,,S"
"SPE00119936","2020-04-07","36.5008","-6.2567","1.0","CADIZ, SP","    0",",,S",,,"  146",",,S","  179","H,,S"
"SPE00119936","2020-04-08","36.5008","-6.2567","1.0","CADIZ, SP","    0",",,S",,,"  162",",,S","  177","H,,S"
"SPE00119936","2020-04-09","36.5008","-6.2567","1.0","CADIZ, SP",,,,,,,"  174","H,,S"
"SPE00119936","2020-04-10","36.5008","-6.2567","1.0","CADIZ, SP",,,,,"  130",",,S","  176","H,,S"
"SPE00119936","2020-04-11","36.5008","-6.2567","1.0","CADIZ, SP",,,,,"  152",",,S","  179","H,,S"
"SPE00119936","2020-04-12","36.5008","-6.2567","1.0","CADIZ, SP",,,,,,,"  179","H,,S"
"SPE00119936","2020-04-13","36.5008","-6.2567","1.0","CADIZ, SP",,,,,"  150",",,S","  175","H,,S"
"SPE00119936","2020-04-14","36.5008","-6.2567","1.0","CADIZ, SP",,,,,"  150",",,S","  177","H,,S"
"SPE00119936","2020-04-15","36.5008","-6.2567","1.0","CADIZ, SP","   56",",,S","  196",",,S","  154",",,S","  174","H,,S"
"SPE00119936","2020-04-16","36.5008","-6.2567","1.0","CADIZ, SP","    0",",,S",,,"  161",",,S","  182","H,,S"
"SPE00119936","2020-04-17","36.5008","-6.2567","1.0","CADIZ, SP",,,,,"  161",",,S","  184","H,,S"
"SPE00119936","2020-04-18","36.5008","-6.2567","1.0","CADIZ, SP",,,,,,,"  188","H,,S"
"SPE00119936","2020-04-19","36.5008","-6.2567","1.0","CADIZ, SP",,,,,"  167",",,S","  182","H,,S"
"SPE00119936","2020-04-20","36.5008","-6.2567","1.0","CADIZ, SP",,,,,,,"  170","H,,S"
"SPE00119936","2020-04-21","36.5008","-6.2567","1.0","CADIZ, SP","   33","B,,S",,,,,"  163","H,,S"
"SPE00119936","2020-04-22","36.5008","-6.2567","1.0","CADIZ, SP",,,,,"  152",",,S","  169","H,,S"
"SPE00119936","2020-04-23","36.5008","-6.2567","1.0","CADIZ, SP",,,,,"  147",",,S","  183","H,,S"
"SPE00119936","2020-04-24","36.5008","-6.2567","1.0","CADIZ, SP",,,,,"  167",",,S","  182","H,,S"
"SPE00119936","2020-04-25","36.5008","-6.2567","1.0","CADIZ, SP","  109",",,S","  189",",,S","  145",",,S","  167","H,,S"
"SPE00119936","2020-04-26","36.5008","-6.2567","1.0","CADIZ, SP","   10",",,S",,,"  157",",,S","  174","H,,S"
"SPE00119936","2020-04-27","36.5008","-6.2567","1.0","CADIZ, SP","    0",",,S",,,"  162",",,S","  176","H,,S"
"SPE00119936","2020-04-28","36.5008","-6.2567","1.0","CADIZ, SP","    0",",,S",,,"  161",",,S","  181","H,,S"
"SPE00119936","2020-04-29","36.5008","-6.2567","1.0","CADIZ, SP","    0",",,S",,,"  142",",,S","  177","H,,S"
"SPE00119936","2020-04-30","36.5008","-6.2567","1.0","CADIZ, SP",,,,,,,"  187","H,,S"
"SPE00119936","2020-05-01","36.5008","-6.2567","1.0","CADIZ, SP",,,,,,,"  193","H,,S"
"SPE00119936","2020-05-02","36.5008","-6.2567","1.0","CADIZ, SP",,,,,"  177",",,S","  216","H,,S"
"SPE00119936","2020-05-03","36.5008","-6.2567","1.0","CADIZ, SP",,,,,"  191",",,S","  248","H,,S"
"SPE00119936","2020-05-04","36.5008","-6.2567","1.0","CADIZ, SP",,,"  275",",,S",,,"  220","H,,S"
"SPE00119936","2020-05-05","36.5008","-6.2567","1.0","CADIZ, SP",,,,,,,"  193","H,,S"
"SPE00119936","2020-05-06","36.5008","-6.2567","1.0","CADIZ, SP",,,,,"  168",",,S","  213","H,,S"
"SPE00119936","2020-05-07","36.5008","-6.2567","1.0","CADIZ, SP",,,,,"  203",",,S","  225","H,,S"
"SPE00119936","2020-05-08","36.5008","-6.2567","1.0","CADIZ, SP",,,"  234",",,S",,,"  201","H,,S"
"SPE00119936","2020-05-09","36.5008","-6.2567","1.0","CADIZ, SP",,,,,,,"  187","H,,S"
"SPE00119936","2020-05-10","36.5008","-6.2567","1.0","CADIZ, SP","   43",",,S",,,"  163",",,S","  186","H,,S"
"SPE00119936","2020-05-11","36.5008","-6.2567","1.0","CADIZ, SP","   20",",,S",,,"  167",",,S","  193","H,,S"
"SPE00119936","2020-05-12","36.5008","-6.2567","1.0","CADIZ, SP","    0",",,S","  194",",,S",,,"  172","H,,S"
"SPE00119936","2020-05-13","36.5008","-6.2567","1.0","CADIZ, SP","  239",",,S",,,,,"  174","H,,S"
"SPE00119936","2020-05-14","36.5008","-6.2567","1.0","CADIZ, SP","  160",",,S",,,,,"  169","H,,S"
"SPE00119936","2020-05-15","36.5008","-6.2567","1.0","CADIZ, SP","  178",",,S",,,"  160",",,S","  172","H,,S"
"SPE00119936","2020-05-16","36.5008","-6.2567","1.0","CADIZ, SP","    8",",,S",,,"  156",",,S","  178","H,,S"
"SPE00119936","2020-05-17","36.5008","-6.2567","1.0","CADIZ, SP","    0",",,S",,,"  152",",,S","  193","H,,S"
"SPE00119936","2020-05-18","36.5008","-6.2567","1.0","CADIZ, SP",,,,,"  162",",,S","  208","H,,S"
"SPE00119936","2020-05-19","36.5008","-6.2567","1.0","CADIZ, SP",,,,,"  184",",,S","  226","H,,S"
"SPE00119936","2020-05-20","36.5008","-6.2567","1.0","CADIZ, SP",,,"  253",",,S","  197",",,S","  226","H,,S"
"SPE00119936","2020-05-21","36.5008","-6.2567","1.0","CADIZ, SP",,,"  245",",,S","  196",",,S","  221","H,,S"
"SPE00119936","2020-05-22","36.5008","-6.2567","1.0","CADIZ, SP",,,,,"  198",",,S","  241","H,,S"
"SPE00119936","2020-05-23","36.5008","-6.2567","1.0","CADIZ, SP",,,,,"  212",",,S","  264","H,,S"
"SPE00119936","2020-05-24","36.5008","-6.2567","1.0","CADIZ, SP",,,"  298",",,S",,,"  253","H,,S"
"SPE00119936","2020-05-25","36.5008","-6.2567","1.0","CADIZ, SP",,,,,"  206",",,S","  232","H,,S"
"SPE00119936","2020-05-26","36.5008","-6.2567","1.0","CADIZ, SP",,,,,,,"  233","H,,S"
"SPE00119936","2020-05-27","36.5008","-6.2567","1.0","CADIZ, SP",,,,,"  203",",,S","  229","H,,S"
"SPE00119936","2020-05-28","36.5008","-6.2567","1.0","CADIZ, SP",,,,,"  203",",,S","  229","H,,S"
"SPE00119936","2020-05-29","36.5008","-6.2567","1.0","CADIZ, SP",,,,,"  201",",,S","  234","H,,S"
"SPE00119936","2020-05-30","36.5008","-6.2567","1.0","CADIZ, SP",,,,,"  212",",,S","  238","H,,S"
"SPE00119936","2020-05-31","36.5008","-6.2567","1.0","CADIZ, SP",,,"  249",",,S",,,"  213","H,,S"
"SPE00119936","2020-06-01","36.5008","-6.2567","1.0","CADIZ, SP",,,,,"  184",",,S","  208","H,,S"
"SPE00119936","2020-06-02","36.5008","-6.2567","1.0","CADIZ, SP",,,,,"  181",",,S","  210","H,,S"
"SPE00119936","2020-06-03","36.5008","-6.2567","1.0","CADIZ, SP",,,,,"  196",",,S","  216","H,,S"
