"STATION","DATE","LATITUDE","LONGITUDE","ELEVATION","NAME","PRCP","PRCP_ATTRIBUTES","TMAX","TMAX_ATTRIBUTES","TMIN","TMIN_ATTRIBUTES"
"USW00054795","2018-07-04","43.1092","-70.9484","19.2","DURHAM 2 SSW, NH US","    0",",,R","  327",",,R","  176",",,R"
"USW00054795","2018-07-05","43.1092","-70.9484","19.2","DURHAM 2 SSW, NH US","    0",",,R","  335",",,R","  172",",,R"
"USW00054795","2018-07-06","43.1092","-70.9484","19.2","DURHAM 2 SSW, NH US","   15",",,R","  292",",,R","  124",",,R"
"USW00054795","2018-07-07","43.1092","-70.9484","19.2","DURHAM 2 SSW, NH US","    0",",,R","  260",",,R","   83",",,R"
"USW00054795","2018-07-08","43.1092","-70.9484","19.2","DURHAM 2 SSW, NH US","    0",",,R","  287",",,R","   93",",,R"
"USW00054795","2018-07-09","43.1092","-70.9484","19.2","DURHAM 2 SSW, NH US","    0",",,R","  317",",,R","  131",",,R"
"USW00054795","2018-07-10","43.1092","-70.9484","19.2","DURHAM 2 SSW, NH US","    0",",,R","  336",",,R","  161",",,R"
"USW00054795","2018-07-11","43.1092","-70.9484","19.2","DURHAM 2 SSW, NH US","    0",",,R","  267",",,R","  128",",,R"
"USW00054795","2018-07-12","43.1092","-70.9484","19.2","DURHAM 2 SSW, NH US","    0",",,R","  269",",,R","  101",",,R"
"USW00054795","2018-07-13","43.1092","-70.9484","19.2","DURHAM 2 SSW, NH US","    0",",,R","  267",",,R","  114",",,R"
"USW00054795","2018-07-14","43.1092","-70.9484","19.2","DURHAM 2 SSW, NH US","    0",",,R","  254",",,R","  125",",,R"
"USW00054795","2018-07-15","43.1092","-70.9484","19.2","DURHAM 2 SSW, NH US","  168",",,R","  258",",,R","  165",",,R"
"USW00054795","2018-07-16","43.1092","-70.9484","19.2","DURHAM 2 SSW, NH US","    0",",,R","  277",",,R","  146",",,R"
"USW00054795","2018-07-17","43.1092","-70.9484","19.2","DURHAM 2 SSW, NH US","  587",",,R","  306",",,R","  192",",,R"
"USW00054795","2018-07-18","43.1092","-70.9484","19.2","DURHAM 2 SSW, NH US","    0",",,R","  256",",,R","  119",",,R"
"USW00054795","2018-07-19","43.1092","-70.9484","19.2","DURHAM 2 SSW, NH US","    0",",,R","  259",",,R","   88",",,R"
"USW00054795","2018-07-20","43.1092","-70.9484","19.2","DURHAM 2 SSW, NH US","    0",",,R","  282",",,R","  101",",,R"
"USW00054795","2018-07-21","43.1092","-70.9484","19.2","DURHAM 2 SSW, NH US","    0",",,R","  245",",,R","  107",",,R"
"USW00054795","2018-07-22","43.1092","-70.9484","19.2","DURHAM 2 SSW, NH US","  130",",,R","  235",",,R","  148",",,R"
"USW00054795","2018-07-23","43.1092","-70.9484","19.2","DURHAM 2 SSW, NH US","   46",",,R","  278",",,R","  210",",,R"
"USW00054795","2018-07-24","43.1092","-70.9484","19.2","DURHAM 2 SSW, NH US","    0",",,R","  283",",,R","  206",",,R"
"USW00054795","2018-07-25","43.1092","-70.9484","19.2","DURHAM 2 SSW, NH US","   25",",,R","  283",",,R","  199",",,R"
"USW00054795","2018-07-26","43.1092","-70.9484","19.2","DURHAM 2 SSW, NH US","  232",",,R","  280",",,R","  199",",,R"
"USW00054795","2018-07-27","43.1092","-70.9484","19.2","DURHAM 2 SSW, NH US","   43",",,R","  309",",,R","  173",",,R"
"USW00054795","2018-07-28","43.1092","-70.9484","19.2","DURHAM 2 SSW, NH US","  412",",,R","  300",",,R","  184",",,R"
"USW00054795","2018-07-29","43.1092","-70.9484","19.2","DURHAM 2 SSW, NH US","    0",",,R","  270",",,R","  157",",,R"
"USW00054795","2018-07-30","43.1092","-70.9484","19.2","DURHAM 2 SSW, NH US","    0",",,R","  277",",,R","  136",",,R"
"USW00054795","2018-07-31","43.1092","-70.9484","19.2","DURHAM 2 SSW, NH US","    0",",,R","  291",",,R","  149",",,R"
"USW00054795","2018-08-01","43.1092","-70.9484","19.2","DURHAM 2 SSW, NH US","   12",",,R","  258",",,R","  158",",,R"
"USW00054795","2018-08-02","43.1092","-70.9484","19.2","DURHAM 2 SSW, NH US","    2",",,R","  317",",,R","  195",",,R"
"USW00054795","2018-08-03","43.1092","-70.9484","19.2","DURHAM 2 SSW, NH US","  398",",,R","  308",",,R","  198",",,R"
"USW00054795","2018-08-04","43.1092","-70.9484","19.2","DURHAM 2 SSW, NH US","   87",",,R","  263",",,R","  192",",,R"
"USW00054795","2018-08-05","43.1092","-70.9484","19.2","DURHAM 2 SSW, NH US","    0",",,R","  307",",,R","  194",",,R"
"USW00054795","2018-08-06","43.1092","-70.9484","19.2","DURHAM 2 SSW, NH US","    0",",,R","  326",",,R","  178",",,R"
"USW00054795","2018-08-07","43.1092","-70.9484","19.2","DURHAM 2 SSW, NH US","   46",",,R","  330",",,R","  205",",,R"
"USW00054795","2018-08-08","43.1092","-70.9484","19.2","DURHAM 2 SSW, NH US","   24",",,R","  293",",,R","  199",",,R"
"USW00054795","2018-08-09","43.1092","-70.9484","19.2","DURHAM 2 SSW, NH US","    0",",,R","  299",",,R","  183",",,R"
"USW00054795","2018-08-10","43.1092","-70.9484","19.2","DURHAM 2 SSW, NH US","    0",",,R","  271",",,R","  150",",,R"
"USW00054795","2018-08-11","43.1092","-70.9484","19.2","DURHAM 2 SSW, NH US","  114",",,R","  207",",,R","  150",",,R"
"USW00054795","2018-08-12","43.1092","-70.9484","19.2","DURHAM 2 SSW, NH US","   88",",,R","  215",",,R","  176",",,R"
"USW00054795","2018-08-13","43.1092","-70.9484","19.2","DURHAM 2 SSW, NH US","    5",",,R","  237",",,R","  188",",,R"
"USW00054795","2018-08-14","43.1092","-70.9484","19.2","DURHAM 2 SSW, NH US","  295",",,R","  272",",,R","  190",",,R"
"USW00054795","2018-08-15","43.1092","-70.9484","19.2","DURHAM 2 SSW, NH US","    0",",,R","  294",",,R","  200",",,R"
"USW00054795","2018-08-16","43.1092","-70.9484","19.2","DURHAM 2 SSW, NH US","    0",",,R","  293",",,R","  172",",,R"
"USW00054795","2018-08-17","43.1092","-70.9484","19.2","DURHAM 2 SSW, NH US","   71",",,R","  248",",,R","  153",",,R"
"USW00054795","2018-08-18","43.1092","-70.9484","19.2","DURHAM 2 SSW, NH US","   37",",,R","  273",",,R","  182",",,R"
"USW00054795","2018-08-19","43.1092","-70.9484","19.2","DURHAM 2 SSW, NH US","    0",",,R","  234",",,R","  152",",,R"
"USW00054795","2018-08-20","43.1092","-70.9484","19.2","DURHAM 2 SSW, NH US","    0",",,R","  233",",,R","  126",",,R"
"USW00054795","2018-08-21","43.1092","-70.9484","19.2","DURHAM 2 SSW, NH US","    0",",,R","  226",",,R","  112",",,R"
"USW00054795","2018-08-22","43.1092","-70.9484","19.2","DURHAM 2 SSW, NH US","  222",",,R","  255",",,R","  149",",,R"
"USW00054795","2018-08-23","43.1092","-70.9484","19.2","DURHAM 2 SSW, NH US","    0",",,R","  241",",,R","  111",",,R"
"USW00054795","2018-08-24","43.1092","-70.9484","19.2","DURHAM 2 SSW, NH US","    0",",,R","  276",",,R","   96",",,R"
"USW00054795","2018-08-25","43.1092","-70.9484","19.2","DURHAM 2 SSW, NH US","    0",",,R","  278",",,R","  127",",,R"
"USW00054795","2018-08-26","43.1092","-70.9484","19.2","DURHAM 2 SSW, NH US","    0",",,R","  273",",,R","  130",",,R"
"USW00054795","2018-08-27","43.1092","-70.9484","19.2","DURHAM 2 SSW, NH US","    0",",,R","  296",",,R","  176",",,R"
"USW00054795","2018-08-28","43.1092","-70.9484","19.2","DURHAM 2 SSW, NH US","    0",",,R","  327",",,R","  200",",,R"
"USW00054795","2018-08-29","43.1092","-70.9484","19.2","DURHAM 2 SSW, NH US","    0",",,R","  336",",,R","  210",",,R"
"USW00054795","2018-08-30","43.1092","-70.9484","19.2","DURHAM 2 SSW, NH US","    0",",,R","  286",",,R","  170",",,R"
"USW00054795","2018-08-31","43.1092","-70.9484","19.2","DURHAM 2 SSW, NH US","    0",",,R","  218",",,R","  108",",,R"
"USW00054795","2018-09-01","43.1092","-70.9484","19.2","DURHAM 2 SSW, NH US","    0",",,R","  226",",,R","  101",",,R"
"USW00054795","2018-09-02","43.1092","-70.9484","19.2","DURHAM 2 SSW, NH US","    0",",,R","  274",",,R","  134",",,R"
"USW00054795","2018-09-03","43.1092","-70.9484","19.2","DURHAM 2 SSW, NH US","    0",",,R","  323",",,R","  173",",,R"
"USW00054795","2018-09-04","43.1092","-70.9484","19.2","DURHAM 2 SSW, NH US","    0",",,R","  302",",,R","  177",",,R"
"USW00054795","2018-09-05","43.1092","-70.9484","19.2","DURHAM 2 SSW, NH US","    0",",,R","  309",",,R","  167",",,R"
"USW00054795","2018-09-06","43.1092","-70.9484","19.2","DURHAM 2 SSW, NH US","  102",",,R","  326",",,R","  196",",,R"
"USW00054795","2018-09-07","43.1092","-70.9484","19.2","DURHAM 2 SSW, NH US","    0",",,R","  213",",,R","  126",",,R"
"USW00054795","2018-09-08","43.1092","-70.9484","19.2","DURHAM 2 SSW, NH US","    0",",,R","  189",",,R","  105",",,R"
"USW00054795","2018-09-09","43.1092","-70.9484","19.2","DURHAM 2 SSW, NH US","    0",",,R","  163",",,R","   87",",,R"
"USW00054795","2018-09-10","43.1092","-70.9484","19.2","DURHAM 2 SSW, NH US","  139",",,R","  181",",,R","   82",",,R"
"USW00054795","2018-09-11","43.1092","-70.9484","19.2","DURHAM 2 SSW, NH US","  210",",,R","  233",",,R","  144",",,R"
"USW00054795","2018-09-12","43.1092","-70.9484","19.2","DURHAM 2 SSW, NH US","   26",",,R","  202",",,R","  177",",,R"
"USW00054795","2018-09-13","43.1092","-70.9484","19.2","DURHAM 2 SSW, NH US","    0",",,R","  236",",,R","  146",",,R"
"USW00054795","2018-09-14","43.1092","-70.9484","19.2","DURHAM 2 SSW, NH US","    0",",,R","  244",",,R","  142",",,R"
"USW00054795","2018-09-15","43.1092","-70.9484","19.2","DURHAM 2 SSW, NH US","    0",",,R","  231",",,R","  150",",,R"
"USW00054795","2018-09-16","43.1092","-70.9484","19.2","DURHAM 2 SSW, NH US","    0",",,R","  289",",,R","  131",",,R"
"USW00054795","2018-09-17","43.1092","-70.9484","19.2","DURHAM 2 SSW, NH US","    0",",,R","  281",",,R","  146",",,R"
"USW00054795","2018-09-18","43.1092","-70.9484","19.2","DURHAM 2 SSW, NH US","  718",",,R","  246",",,R","  172",",,R"
"USW00054795","2018-09-19","43.1092","-70.9484","19.2","DURHAM 2 SSW, NH US","    0",",,R","  197",",,R","  144",",,R"
"USW00054795","2018-09-20","43.1092","-70.9484","19.2","DURHAM 2 SSW, NH US","    0",",,R","  174",",,R","  131",",,R"
"USW00054795","2018-09-21","43.1092","-70.9484","19.2","DURHAM 2 SSW, NH US","    0",",,R","  206",",,R","  126",",,R"
"USW00054795","2018-09-22","43.1092","-70.9484","19.2","DURHAM 2 SSW, NH US","    0",",,R","  212",",,R","   65",",,R"
"USW00054795","2018-09-23","43.1092","-70.9484","19.2","DURHAM 2 SSW, NH US","    0",",,R","  183",",,R","   54",",,R"
"USW00054795","2018-09-24","43.1092","-70.9484","19.2","DURHAM 2 SSW, NH US","    0",",,R","  131",",,R","   46",",,R"
"USW00054795","2018-09-25","43.1092","-70.9484","19.2","DURHAM 2 SSW, NH US","  207",",,R","  188",",,R","   41",",,R"
"USW00054795","2018-09-26","43.1092","-70.9484","19.2","DURHAM 2 SSW, NH US","  124",",,R","  274",",,R","  176",",,R"
"USW00054795","2018-09-27","43.1092","-70.9484","19.2","DURHAM 2 SSW, NH US","    0",",,R","  208",",,R","  128",",,R"
"USW00054795","2018-09-28","43.1092","-70.9484","19.2","DURHAM 2 SSW, NH US","    9",",,R","  169",",,R","   80",",,R"
"USW00054795","2018-09-29","43.1092","-70.9484","19.2","DURHAM 2 SSW, NH US","    0",",,R","  197",",,R","   73",",,R"
"USW00054795","2018-09-30","43.1092","-70.9484","19.2","DURHAM 2 SSW, NH US","    0",",,R","  188",",,R","   45",",,R"
"USW00054795","2018-10-01","43.1092","-70.9484","19.2","DURHAM 2 SSW, NH US","   58",",,R","  129",",,R","   98",",,R"
"USW00054795","2018-10-02","43.1092","-70.9484","19.2","DURHAM 2 SSW, NH US","  158",",,R","  124",",,R","  100",",,R"
"USW00054795","2018-10-03","43.1092","-70.9484","19.2","DURHAM 2 SSW, NH US","   41",",,R","  166",",,R","   98",",,R"
"USW00054795","2018-10-04","43.1092","-70.9484","19.2","DURHAM 2 SSW, NH US","    0",",,R","  216",",,R","  122",",,R"
"USW00054795","2018-10-05","43.1092","-70.9484","19.2","DURHAM 2 SSW, NH US","    0",",,R","  174",",,R","   48",",,R"
"USW00054795","2018-10-06","43.1092","-70.9484","19.2","DURHAM 2 SSW, NH US","    0",",,R","  154",",,R","   43",",,R"
"USW00054795","2018-10-07","43.1092","-70.9484","19.2","DURHAM 2 SSW, NH US","    5",",,R","  219",",,R","  122",",,R"
"USW00054795","2018-10-08","43.1092","-70.9484","19.2","DURHAM 2 SSW, NH US","    0",",,R","  129",",,R","   92",",,R"
"USW00054795","2018-10-09","43.1092","-70.9484","19.2","DURHAM 2 SSW, NH US","    0",",,R","  260",",,R","   97",",,R"
"USW00054795","2018-10-10","43.1092","-70.9484","19.2","DURHAM 2 SSW, NH US","    0",",,R","  276",",,R","  141",",,R"
"USW00054795","2018-10-11","43.1092","-70.9484","19.2","DURHAM 2 SSW, NH US","  191",",,R","  141",",,R","  113",",,R"
"USW00054795","2018-10-12","43.1092","-70.9484","19.2","DURHAM 2 SSW, NH US","    0",",,R","  150",",,R","   42",",,R"
"USW00054795","2018-10-13","43.1092","-70.9484","19.2","DURHAM 2 SSW, NH US","   31",",,R","   99",",,R","   16",",,R"
"USW00054795","2018-10-14","43.1092","-70.9484","19.2","DURHAM 2 SSW, NH US","    0",",,R","  141",",,R","   -1",",,R"
"USW00054795","2018-10-16","43.1092","-70.9484","19.2","DURHAM 2 SSW, NH US","    0",",,R","  130",",,R","   12",",,R"
"USW00054795","2018-10-17","43.1092","-70.9484","19.2","DURHAM 2 SSW, NH US","   12",",,R","  145",",,R","    2",",,R"
"USW00054795","2018-10-18","43.1092","-70.9484","19.2","DURHAM 2 SSW, NH US","    0",",,R","   61",",,R","  -33",",,R"
"USW00054795","2018-10-19","43.1092","-70.9484","19.2","DURHAM 2 SSW, NH US","    0",",,R","  145",",,R","  -35",",,R"
"USW00054795","2018-10-20","43.1092","-70.9484","19.2","DURHAM 2 SSW, NH US","    0",",,R","  172",",,R","   28",",,R"
"USW00054795","2018-10-21","43.1092","-70.9484","19.2","DURHAM 2 SSW, NH US","    0",",,R","   73",",,R","    3",",,R"
"USW00054795","2018-10-22","43.1092","-70.9484","19.2","DURHAM 2 SSW, NH US","    0",",,R","   96",",,R","  -26",",,R"
"USW00054795","2018-10-23","43.1092","-70.9484","19.2","DURHAM 2 SSW, NH US","  124",",,R","  122",",,R","   23",",,R"
"USW00054795","2018-10-24","43.1092","-70.9484","19.2","DURHAM 2 SSW, NH US","   15",",,R","   85",",,R","   11",",,R"
"USW00054795","2018-10-25","43.1092","-70.9484","19.2","DURHAM 2 SSW, NH US","    0",",,R","   70",",,R","  -14",",,R"
"USW00054795","2018-10-26","43.1092","-70.9484","19.2","DURHAM 2 SSW, NH US","    0",",,R","   73",",,R","  -32",",,R"
"USW00054795","2018-10-27","43.1092","-70.9484","19.2","DURHAM 2 SSW, NH US","  301",",,R","   75",",,R","    9",",,R"
"USW00054795","2018-10-28","43.1092","-70.9484","19.2","DURHAM 2 SSW, NH US","   10",",,R","   84",",,R","   33",",,R"
"USW00054795","2018-10-29","43.1092","-70.9484","19.2","DURHAM 2 SSW, NH US","  114",",,R","  108",",,R","   29",",,R"
"USW00054795","2018-10-30","43.1092","-70.9484","19.2","DURHAM 2 SSW, NH US","    0",",,R","   72",",,R","  -18",",,R"
"USW00054795","2018-10-31","43.1092","-70.9484","19.2","DURHAM 2 SSW, NH US","    0",",,R","   95",",,R","  -37",",,R"
"USW00054795","2018-11-01","43.1092","-70.9484","19.2","DURHAM 2 SSW, NH US","   25",",,R","  100",",,R","   48",",,R"
"USW00054795","2018-11-02","43.1092","-70.9484","19.2","DURHAM 2 SSW, NH US","  269",",,R","  105",",,R","   85",",,R"
"USW00054795","2018-11-03","43.1092","-70.9484","19.2","DURHAM 2 SSW, NH US","  423",",,R","  131",",,R","   53",",,R"
"USW00054795","2018-11-04","43.1092","-70.9484","19.2","DURHAM 2 SSW, NH US","    0",",,R","   98",",,R","   -7",",,R"
"USW00054795","2018-11-05","43.1092","-70.9484","19.2","DURHAM 2 SSW, NH US","   74",",,R","   50",",,R","  -10",",,R"
"USW00054795","2018-11-06","43.1092","-70.9484","19.2","DURHAM 2 SSW, NH US","  143",",,R","  108",",,R","   49",",,R"
"USW00054795","2018-11-07","43.1092","-70.9484","19.2","DURHAM 2 SSW, NH US","    0",",,R","  156",",,R","   44",",,R"
"USW00054795","2018-11-08","43.1092","-70.9484","19.2","DURHAM 2 SSW, NH US","    0",",,R","  117",",,R","   -6",",,R"
"USW00054795","2018-11-09","43.1092","-70.9484","19.2","DURHAM 2 SSW, NH US","  178",",,R","   81",",,R","  -31",",,R"
"USW00054795","2018-11-10","43.1092","-70.9484","19.2","DURHAM 2 SSW, NH US","   95",",,R","   83",",,R","   11",",,R"
"USW00054795","2018-11-11","43.1092","-70.9484","19.2","DURHAM 2 SSW, NH US","    0",",,R","   48",",,R","  -34",",,R"
"USW00054795","2018-11-12","43.1092","-70.9484","19.2","DURHAM 2 SSW, NH US","    0",",,R","   81",",,R","  -51",",,R"
"USW00054795","2018-11-13","43.1092","-70.9484","19.2","DURHAM 2 SSW, NH US","  377",",,R","  105",",,R","    3",",,R"
"USW00054795","2018-11-14","43.1092","-70.9484","19.2","DURHAM 2 SSW, NH US","    0",",,R","   17",",,R","  -74",",,R"
"USW00054795","2018-11-15","43.1092","-70.9484","19.2","DURHAM 2 SSW, NH US","   57",",,R","  -13",",,R","  -83",",,R"
"USW00054795","2018-11-16","43.1092","-70.9484","19.2","DURHAM 2 SSW, NH US","  215",",,R","   22",",,R","  -39",",,R"
"USW00054795","2018-11-17","43.1092","-70.9484","19.2","DURHAM 2 SSW, NH US","    0",",,R","   71",",,R","  -39",",,R"
"USW00054795","2018-11-18","43.1092","-70.9484","19.2","DURHAM 2 SSW, NH US","    0",",,R","   20",",,R","  -25",",,R"
"USW00054795","2018-11-19","43.1092","-70.9484","19.2","DURHAM 2 SSW, NH US","   62",",,R","   18",",,R","  -10",",,R"
"USW00054795","2018-11-20","43.1092","-70.9484","19.2","DURHAM 2 SSW, NH US","  176",",,R","    4",",,R","  -30",",,R"
"USW00054795","2018-11-21","43.1092","-70.9484","19.2","DURHAM 2 SSW, NH US","    7",",,R","   16",",,R","  -88",",,R"
"USW00054795","2018-11-22","43.1092","-70.9484","19.2","DURHAM 2 SSW, NH US","    0",",,R","  -87",",,R"," -140",",,R"
"USW00054795","2018-11-23","43.1092","-70.9484","19.2","DURHAM 2 SSW, NH US","    0",",,R","  -27",",,R"," -137",",,R"
"USW00054795","2018-11-24","43.1092","-70.9484","19.2","DURHAM 2 SSW, NH US","    0",",,R","   55",",,R","  -88",",,R"
"USW00054795","2018-11-25","43.1092","-70.9484","19.2","DURHAM 2 SSW, NH US","   46",",,R","   52",",,R","    5",",,R"
"USW00054795","2018-11-26","43.1092","-70.9484","19.2","DURHAM 2 SSW, NH US","  185",",,R","   53",",,R","   13",",,R"
"USW00054795","2018-11-27","43.1092","-70.9484","19.2","DURHAM 2 SSW, NH US","  360",",,R","   37",",,R","   -9",",,R"
"USW00054795","2018-11-28","43.1092","-70.9484","19.2","DURHAM 2 SSW, NH US","    0",",,R","   39",",,R","  -11",",,R"
"USW00054795","2018-11-29","43.1092","-70.9484","19.2","DURHAM 2 SSW, NH US","    0",",,R","   52",",,R","  -20",",,R"
"USW00054795","2018-11-30","43.1092","-70.9484","19.2","DURHAM 2 SSW, NH US","    0",",,R","   55",",,R","  -49",",,R"
"USW00054795","2018-12-01","43.1092","-70.9484","19.2","DURHAM 2 SSW, NH US","    0",",,R","   58",",,R","  -26",",,R"
"USW00054795","2018-12-02","43.1092","-70.9484","19.2","DURHAM 2 SSW, NH US","  231",",,R","   77",",,R","   -9",",,R"
"USW00054795","2018-12-03","43.1092","-70.9484","19.2","DURHAM 2 SSW, NH US","    0",",,R","  104",",,R","   21",",,R"
"USW00054795","2018-12-04","43.1092","-70.9484","19.2","DURHAM 2 SSW, NH US","    0",",,R","   21",",,R","  -63",",,R"
"USW00054795","2018-12-05","43.1092","-70.9484","19.2","DURHAM 2 SSW, NH US","    0",",,R","   -3",",,R","  -93",",,R"
"USW00054795","2018-12-06","43.1092","-70.9484","19.2","DURHAM 2 SSW, NH US","    0",",,R","   33",",,R","  -58",",,R"
"USW00054795","2018-12-07","43.1092","-70.9484","19.2","DURHAM 2 SSW, NH US","    0",",,R","   20",",,R","  -71",",,R"
"USW00054795","2018-12-08","43.1092","-70.9484","19.2","DURHAM 2 SSW, NH US","    0",",,R","  -39",",,R"," -116",",,R"
"USW00054795","2018-12-09","43.1092","-70.9484","19.2","DURHAM 2 SSW, NH US","    0",",,R","   10",",,R"," -119",",,R"
"USW00054795","2018-12-10","43.1092","-70.9484","19.2","DURHAM 2 SSW, NH US","    0",",,R","   14",",,R","  -94",",,R"
"USW00054795","2018-12-11","43.1092","-70.9484","19.2","DURHAM 2 SSW, NH US","    0",",,R","   10",",,R"," -117",",,R"
"USW00054795","2018-12-12","43.1092","-70.9484","19.2","DURHAM 2 SSW, NH US","    0",",,R","   16",",,R"," -112",",,R"
"USW00054795","2018-12-13","43.1092","-70.9484","19.2","DURHAM 2 SSW, NH US","    0",",,R","  -22",",,R"," -143",",,R"
"USW00054795","2018-12-14","43.1092","-70.9484","19.2","DURHAM 2 SSW, NH US","    0",",,R","   69",",,R","  -75",",,R"
"USW00054795","2018-12-15","43.1092","-70.9484","19.2","DURHAM 2 SSW, NH US","    0",",,R","  116",",,R","  -26",",,R"
"USW00054795","2018-12-16","43.1092","-70.9484","19.2","DURHAM 2 SSW, NH US","  102",",,R","   34",",,R","  -32",",,R"
"USW00054795","2018-12-17","43.1092","-70.9484","19.2","DURHAM 2 SSW, NH US","   26",",,R","   36",",,R","    3",",,R"
"USW00054795","2018-12-18","43.1092","-70.9484","19.2","DURHAM 2 SSW, NH US","    0",",,R","   11",",,R","  -62",",,R"
"USW00054795","2018-12-19","43.1092","-70.9484","19.2","DURHAM 2 SSW, NH US","    0",",,R","   26",",,R","  -57",",,R"
"USW00054795","2018-12-20","43.1092","-70.9484","19.2","DURHAM 2 SSW, NH US","    0",",,R","   64",",,R","  -81",",,R"
"USW00054795","2018-12-21","43.1092","-70.9484","19.2","DURHAM 2 SSW, NH US","  173",",,R","  144",",,R","    4",",,R"
"USW00054795","2018-12-22","43.1092","-70.9484","19.2","DURHAM 2 SSW, NH US","    8",",,R","  124",",,R","   11",",,R"
"USW00054795","2018-12-23","43.1092","-70.9484","19.2","DURHAM 2 SSW, NH US","    0",",,R","   17",",,R","  -65",",,R"
"USW00054795","2018-12-24","43.1092","-70.9484","19.2","DURHAM 2 SSW, NH US","    0",",,R","   32",",,R","  -65",",,R"
"USW00054795","2018-12-25","43.1092","-70.9484","19.2","DURHAM 2 SSW, NH US","    0",",,R","    0",",,R","  -62",",,R"
"USW00054795","2018-12-26","43.1092","-70.9484","19.2","DURHAM 2 SSW, NH US","    0",",,R","    9",",,R","  -68",",,R"
"USW00054795","2018-12-27","43.1092","-70.9484","19.2","DURHAM 2 SSW, NH US","    0",",,R","    0",",,R","  -53",",,R"
"USW00054795","2018-12-28","43.1092","-70.9484","19.2","DURHAM 2 SSW, NH US","  141",",,R","   35",",,R","  -47",",,R"
"USW00054795","2018-12-29","43.1092","-70.9484","19.2","DURHAM 2 SSW, NH US","    0",",,R","   93",",,R","  -44",",,R"
"USW00054795","2018-12-30","43.1092","-70.9484","19.2","DURHAM 2 SSW, NH US","    0",",,R","   -3",",,R","  -70",",,R"
"USW00054795","2018-12-31","43.1092","-70.9484","19.2","DURHAM 2 SSW, NH US","   91",",,R","   46",",,R","  -53",",,R"
"USW00054795","2019-01-01","43.1092","-70.9484","19.2","DURHAM 2 SSW, NH US","  122",",,R","   95",",,R","  -25",",,R"
"USW00054795","2019-01-02","43.1092","-70.9484","19.2","DURHAM 2 SSW, NH US","    0",",,R","    3",",,R","  -60",",,R"
"USW00054795","2019-01-03","43.1092","-70.9484","19.2","DURHAM 2 SSW, NH US","   37",",,R","   36",",,R","  -43",",,R"
"USW00054795","2019-01-04","43.1092","-70.9484","19.2","DURHAM 2 SSW, NH US","    0",",,R","   64",",,R","  -30",",,R"
"USW00054795","2019-01-05","43.1092","-70.9484","19.2","DURHAM 2 SSW, NH US","   23",",,R","   36",",,R","  -23",",,R"
"USW00054795","2019-01-06","43.1092","-70.9484","19.2","DURHAM 2 SSW, NH US","    0",",,R","   54",",,R","  -63",",,R"
"USW00054795","2019-01-07","43.1092","-70.9484","19.2","DURHAM 2 SSW, NH US","    0",",,R","  -32",",,R"," -105",",,R"
"USW00054795","2019-01-08","43.1092","-70.9484","19.2","DURHAM 2 SSW, NH US","   81",",,R","    4",",,R","  -67",",,R"
"USW00054795","2019-01-09","43.1092","-70.9484","19.2","DURHAM 2 SSW, NH US","   79",",,R","   26",",,R","    0",",,R"
"USW00054795","2019-01-10","43.1092","-70.9484","19.2","DURHAM 2 SSW, NH US","    0",",,R","    7",",,R","  -65",",,R"
"USW00054795","2019-01-11","43.1092","-70.9484","19.2","DURHAM 2 SSW, NH US","    0",",,R","  -50",",,R"," -130",",,R"
"USW00054795","2019-01-12","43.1092","-70.9484","19.2","DURHAM 2 SSW, NH US","    0",",,R","  -65",",,R"," -136",",,R"
"USW00054795","2019-01-13","43.1092","-70.9484","19.2","DURHAM 2 SSW, NH US","    0",",,R","  -28",",,R"," -146",",,R"
"USW00054795","2019-01-14","43.1092","-70.9484","19.2","DURHAM 2 SSW, NH US","    0",",,R","   -6",",,R"," -113",",,R"
"USW00054795","2019-01-15","43.1092","-70.9484","19.2","DURHAM 2 SSW, NH US","    0",",,R","   13",",,R"," -125",",,R"
"USW00054795","2019-01-16","43.1092","-70.9484","19.2","DURHAM 2 SSW, NH US","    0",",,R","   26",",,R","  -96",",,R"
"USW00054795","2019-01-17","43.1092","-70.9484","19.2","DURHAM 2 SSW, NH US","    0",",,R","  -46",",,R"," -124",",,R"
"USW00054795","2019-01-18","43.1092","-70.9484","19.2","DURHAM 2 SSW, NH US","    0",",,R","   21",",,R","  -99",",,R"
"USW00054795","2019-01-19","43.1092","-70.9484","19.2","DURHAM 2 SSW, NH US","   21",",,R","   -8",",,R","  -95",",,R"
"USW00054795","2019-01-20","43.1092","-70.9484","19.2","DURHAM 2 SSW, NH US","  251",",,R","  -59",",,R"," -155",",,R"
"USW00054795","2019-01-21","43.1092","-70.9484","19.2","DURHAM 2 SSW, NH US","    3",",,R"," -154",",,R"," -175",",,R"
"USW00054795","2019-01-22","43.1092","-70.9484","19.2","DURHAM 2 SSW, NH US","    0",",,R","  -55",",,R"," -162",",,R"
"USW00054795","2019-01-23","43.1092","-70.9484","19.2","DURHAM 2 SSW, NH US","    0",",,R","   55",",,R"," -132",",,R"
"USW00054795","2019-01-24","43.1092","-70.9484","19.2","DURHAM 2 SSW, NH US","  344",",,R","  140",",,R","   15",",,R"
"USW00054795","2019-01-25","43.1092","-70.9484","19.2","DURHAM 2 SSW, NH US","    0",",,R","   34",",,R","  -42",",,R"
"USW00054795","2019-01-26","43.1092","-70.9484","19.2","DURHAM 2 SSW, NH US","    0",",,R","   -8",",,R","  -89",",,R"
"USW00054795","2019-01-27","43.1092","-70.9484","19.2","DURHAM 2 SSW, NH US","    0",",,R","   62",",,R"," -102",",,R"
"USW00054795","2019-01-28","43.1092","-70.9484","19.2","DURHAM 2 SSW, NH US","    0",",,R","   23",",,R","  -90",",,R"
"USW00054795","2019-01-29","43.1092","-70.9484","19.2","DURHAM 2 SSW, NH US","   92",",,R","  -64",",,R"," -134",",,R"
"USW00054795","2019-01-30","43.1092","-70.9484","19.2","DURHAM 2 SSW, NH US","   94",",,R","  -16",",,R"," -142",",,R"
"USW00054795","2019-01-31","43.1092","-70.9484","19.2","DURHAM 2 SSW, NH US","    0",",,R","  -94",",,R"," -188",",,R"
"USW00054795","2019-02-01","43.1092","-70.9484","19.2","DURHAM 2 SSW, NH US","    0",",,R","  -68",",,R"," -186",",,R"
"USW00054795","2019-02-02","43.1092","-70.9484","19.2","DURHAM 2 SSW, NH US","    0",",,R","   -7",",,R"," -205",",,R"
"USW00054795","2019-02-03","43.1092","-70.9484","19.2","DURHAM 2 SSW, NH US","    0",",,R","    3",",,R"," -104",",,R"
"USW00054795","2019-02-04","43.1092","-70.9484","19.2","DURHAM 2 SSW, NH US","    0",",,R","  156",",,R","  -11",",,R"
"USW00054795","2019-02-05","43.1092","-70.9484","19.2","DURHAM 2 SSW, NH US","    0",",,R","  162",",,R","  -24",",,R"
"USW00054795","2019-02-06","43.1092","-70.9484","19.2","DURHAM 2 SSW, NH US","  103",",,R","   27",",,R","  -38",",,R"
"USW00054795","2019-02-07","43.1092","-70.9484","19.2","DURHAM 2 SSW, NH US","   12",",,R","   32",",,R","   -1",",,R"
"USW00054795","2019-02-08","43.1092","-70.9484","19.2","DURHAM 2 SSW, NH US","   42",",,R","   99",",,R","  -24",",,R"
"USW00054795","2019-02-09","43.1092","-70.9484","19.2","DURHAM 2 SSW, NH US","    0",",,R","   -9",",,R","  -80",",,R"
"USW00054795","2019-02-10","43.1092","-70.9484","19.2","DURHAM 2 SSW, NH US","    0",",,R","   -5",",,R","  -86",",,R"
"USW00054795","2019-02-11","43.1092","-70.9484","19.2","DURHAM 2 SSW, NH US","    0",",,R","   -3",",,R","  -76",",,R"
"USW00054795","2019-02-12","43.1092","-70.9484","19.2","DURHAM 2 SSW, NH US","  200",",,R","  -43",",,R"," -122",",,R"
"USW00054795","2019-02-13","43.1092","-70.9484","19.2","DURHAM 2 SSW, NH US","  145",",,R","   24",",,R","  -43",",,R"
"USW00054795","2019-02-14","43.1092","-70.9484","19.2","DURHAM 2 SSW, NH US","    0",",,R","   20",",,R","  -62",",,R"
"USW00054795","2019-02-15","43.1092","-70.9484","19.2","DURHAM 2 SSW, NH US","   13",",,R","   59",",,R","  -71",",,R"
"USW00054795","2019-02-16","43.1092","-70.9484","19.2","DURHAM 2 SSW, NH US","    0",",,R","   33",",,R","  -48",",,R"
"USW00054795","2019-02-17","43.1092","-70.9484","19.2","DURHAM 2 SSW, NH US","    0",",,R","    0",",,R","  -95",",,R"
"USW00054795","2019-02-18","43.1092","-70.9484","19.2","DURHAM 2 SSW, NH US","   30",",,R","  -33",",,R","  -93",",,R"
"USW00054795","2019-02-19","43.1092","-70.9484","19.2","DURHAM 2 SSW, NH US","    0",",,R","  -28",",,R"," -131",",,R"
"USW00054795","2019-02-20","43.1092","-70.9484","19.2","DURHAM 2 SSW, NH US","   15",",,R","  -23",",,R"," -138",",,R"
"USW00054795","2019-02-21","43.1092","-70.9484","19.2","DURHAM 2 SSW, NH US","  103",",,R","   63",",,R","  -52",",,R"
"USW00054795","2019-02-22","43.1092","-70.9484","19.2","DURHAM 2 SSW, NH US","    0",",,R","   51",",,R","  -39",",,R"
"USW00054795","2019-02-23","43.1092","-70.9484","19.2","DURHAM 2 SSW, NH US","    0",",,R","   40",",,R","  -82",",,R"
"USW00054795","2019-02-24","43.1092","-70.9484","19.2","DURHAM 2 SSW, NH US","  179",",,R","   47",",,R","  -31",",,R"
"USW00054795","2019-02-25","43.1092","-70.9484","19.2","DURHAM 2 SSW, NH US","    0",",,R","   28",",,R","  -35",",,R"
"USW00054795","2019-02-26","43.1092","-70.9484","19.2","DURHAM 2 SSW, NH US","    0",",,R","  -34",",,R"," -118",",,R"
"USW00054795","2019-02-27","43.1092","-70.9484","19.2","DURHAM 2 SSW, NH US","    5",",,R","  -79",",,R"," -148",",,R"
"USW00054795","2019-02-28","43.1092","-70.9484","19.2","DURHAM 2 SSW, NH US","   21",",,R","  -19",",,R"," -121",",,R"
"USW00054795","2019-03-01","43.1092","-70.9484","19.2","DURHAM 2 SSW, NH US","    0",",,R","   23",",,R"," -159",",,R"
"USW00054795","2019-03-02","43.1092","-70.9484","19.2","DURHAM 2 SSW, NH US","   19",",,R","  -11",",,R","  -67",",,R"
"USW00054795","2019-03-03","43.1092","-70.9484","19.2","DURHAM 2 SSW, NH US","   18",",,R","   45",",,R"," -102",",,R"
"USW00054795","2019-03-04","43.1092","-70.9484","19.2","DURHAM 2 SSW, NH US","  138",",,R","   27",",,R","  -56",",,R"
"USW00054795","2019-03-05","43.1092","-70.9484","19.2","DURHAM 2 SSW, NH US","    0",",,R","  -22",",,R"," -105",",,R"
"USW00054795","2019-03-06","43.1092","-70.9484","19.2","DURHAM 2 SSW, NH US","    0",",,R","  -54",",,R"," -145",",,R"
"USW00054795","2019-03-07","43.1092","-70.9484","19.2","DURHAM 2 SSW, NH US","    0",",,R","  -38",",,R"," -195",",,R"
"USW00054795","2019-03-08","43.1092","-70.9484","19.2","DURHAM 2 SSW, NH US","    0",",,R","   18",",,R"," -168",",,R"
"USW00054795","2019-03-09","43.1092","-70.9484","19.2","DURHAM 2 SSW, NH US","    0",",,R","   57",",,R"," -114",",,R"
"USW00054795","2019-03-10","43.1092","-70.9484","19.2","DURHAM 2 SSW, NH US","  193",",,R","   31",",,R","  -60",",,R"
"USW00054795","2019-03-11","43.1092","-70.9484","19.2","DURHAM 2 SSW, NH US","    0",",,R","   74",",,R","    3",",,R"
"USW00054795","2019-03-12","43.1092","-70.9484","19.2","DURHAM 2 SSW, NH US","    0",",,R","   48",",,R","  -19",",,R"
"USW00054795","2019-03-13","43.1092","-70.9484","19.2","DURHAM 2 SSW, NH US","    0",",,R","   48",",,R","  -74",",,R"
"USW00054795","2019-03-14","43.1092","-70.9484","19.2","DURHAM 2 SSW, NH US","    0",",,R","   64",",,R","  -16",",,R"
"USW00054795","2019-03-15","43.1092","-70.9484","19.2","DURHAM 2 SSW, NH US","   52",",,R","  168",",,R","    3",",,R"
"USW00054795","2019-03-16","43.1092","-70.9484","19.2","DURHAM 2 SSW, NH US","    0",",,R","   99",",,R","  -17",",,R"
"USW00054795","2019-03-17","43.1092","-70.9484","19.2","DURHAM 2 SSW, NH US","    0",",,R","   22",",,R","  -32",",,R"
"USW00054795","2019-03-18","43.1092","-70.9484","19.2","DURHAM 2 SSW, NH US","    0",",,R","   36",",,R","  -66",",,R"
"USW00054795","2019-03-19","43.1092","-70.9484","19.2","DURHAM 2 SSW, NH US","    0",",,R","   52",",,R","  -75",",,R"
"USW00054795","2019-03-20","43.1092","-70.9484","19.2","DURHAM 2 SSW, NH US","    0",",,R","   92",",,R","  -81",",,R"
"USW00054795","2019-03-21","43.1092","-70.9484","19.2","DURHAM 2 SSW, NH US","    0",",,R","   95",",,R","  -39",",,R"
"USW00054795","2019-03-22","43.1092","-70.9484","19.2","DURHAM 2 SSW, NH US","   74",",,R","   54",",,R","   17",",,R"
"USW00054795","2019-03-23","43.1092","-70.9484","19.2","DURHAM 2 SSW, NH US","    0",",,R","   53",",,R","    3",",,R"
"USW00054795","2019-03-24","43.1092","-70.9484","19.2","DURHAM 2 SSW, NH US","    0",",,R","  141",",,R","  -25",",,R"
"USW00054795","2019-03-25","43.1092","-70.9484","19.2","DURHAM 2 SSW, NH US","    0",",,R","   67",",,R","  -47",",,R"
"USW00054795","2019-03-26","43.1092","-70.9484","19.2","DURHAM 2 SSW, NH US","    0",",,R","   43",",,R","  -75",",,R"
"USW00054795","2019-03-27","43.1092","-70.9484","19.2","DURHAM 2 SSW, NH US","    0",",,R","   63",",,R","  -79",",,R"
"USW00054795","2019-03-28","43.1092","-70.9484","19.2","DURHAM 2 SSW, NH US","    0",",,R","  132",",,R","  -47",",,R"
"USW00054795","2019-03-29","43.1092","-70.9484","19.2","DURHAM 2 SSW, NH US","   19",",,R","  124",",,R","   19",",,R"
"USW00054795","2019-03-30","43.1092","-70.9484","19.2","DURHAM 2 SSW, NH US","    0",",,R","   96",",,R","   19",",,R"
"USW00054795","2019-03-31","43.1092","-70.9484","19.2","DURHAM 2 SSW, NH US","   57",",,R","  199",",,R","   14",",,R"
"USW00054795","2019-04-01","43.1092","-70.9484","19.2","DURHAM 2 SSW, NH US","    0",",,R","   47",",,R","  -45",",,R"
"USW00054795","2019-04-02","43.1092","-70.9484","19.2","DURHAM 2 SSW, NH US","    0",",,R","  109",",,R","  -65",",,R"
"USW00054795","2019-04-03","43.1092","-70.9484","19.2","DURHAM 2 SSW, NH US","   25",",,R","  165",",,R","   16",",,R"
"USW00054795","2019-04-04","43.1092","-70.9484","19.2","DURHAM 2 SSW, NH US","    0",",,R","   79",",,R","  -12",",,R"
"USW00054795","2019-04-05","43.1092","-70.9484","19.2","DURHAM 2 SSW, NH US","   25",",,R","   82",",,R","  -33",",,R"
"USW00054795","2019-04-06","43.1092","-70.9484","19.2","DURHAM 2 SSW, NH US","   21",",,R","  159",",,R","    9",",,R"
"USW00054795","2019-04-07","43.1092","-70.9484","19.2","DURHAM 2 SSW, NH US","    5",",,R","  184",",,R","    3",",,R"
"USW00054795","2019-04-08","43.1092","-70.9484","19.2","DURHAM 2 SSW, NH US","  119",",,R","   98",",,R","    0",",,R"
"USW00054795","2019-04-09","43.1092","-70.9484","19.2","DURHAM 2 SSW, NH US","   44",",,R","   25",",,R","   -9",",,R"
"USW00054795","2019-04-10","43.1092","-70.9484","19.2","DURHAM 2 SSW, NH US","    0",",,R","   55",",,R","  -21",",,R"
"USW00054795","2019-04-11","43.1092","-70.9484","19.2","DURHAM 2 SSW, NH US","    0",",,R","  110",",,R","  -24",",,R"
"USW00054795","2019-04-12","43.1092","-70.9484","19.2","DURHAM 2 SSW, NH US","   16",",,R","  106",",,R","  -21",",,R"
"USW00054795","2019-04-13","43.1092","-70.9484","19.2","DURHAM 2 SSW, NH US","   56",",,R","  238",",,R","   61",",,R"
"USW00054795","2019-04-14","43.1092","-70.9484","19.2","DURHAM 2 SSW, NH US","   46",",,R","  197",",,R","   66",",,R"
"USW00054795","2019-04-15","43.1092","-70.9484","19.2","DURHAM 2 SSW, NH US","  230",",,R","  152",",,R","   49",",,R"
"USW00054795","2019-04-16","43.1092","-70.9484","19.2","DURHAM 2 SSW, NH US","    0",",,R","  123",",,R","   33",",,R"
"USW00054795","2019-04-17","43.1092","-70.9484","19.2","DURHAM 2 SSW, NH US","    0",",,R","  159",",,R","  -17",",,R"
"USW00054795","2019-04-18","43.1092","-70.9484","19.2","DURHAM 2 SSW, NH US","    6",",,R","   85",",,R","  -22",",,R"
"USW00054795","2019-04-19","43.1092","-70.9484","19.2","DURHAM 2 SSW, NH US","    0",",,R","  252",",,R","   46",",,R"
"USW00054795","2019-04-20","43.1092","-70.9484","19.2","DURHAM 2 SSW, NH US","   45",",,R","  218",",,R","  144",",,R"
"USW00054795","2019-04-21","43.1092","-70.9484","19.2","DURHAM 2 SSW, NH US","   15",",,R","  183",",,R","  102",",,R"
"USW00054795","2019-04-22","43.1092","-70.9484","19.2","DURHAM 2 SSW, NH US","  173",",,R","  188",",,R","   80",",,R"
"USW00054795","2019-04-23","43.1092","-70.9484","19.2","DURHAM 2 SSW, NH US","   40",",,R","  134",",,R","   58",",,R"
"USW00054795","2019-04-24","43.1092","-70.9484","19.2","DURHAM 2 SSW, NH US","   28",",,R","  171",",,R","   56",",,R"
"USW00054795","2019-04-25","43.1092","-70.9484","19.2","DURHAM 2 SSW, NH US","    0",",,R","  144",",,R","   18",",,R"
"USW00054795","2019-04-26","43.1092","-70.9484","19.2","DURHAM 2 SSW, NH US","  245",",,R","   75",",,R","   31",",,R"
"USW00054795","2019-04-27","43.1092","-70.9484","19.2","DURHAM 2 SSW, NH US","  213",",,R","  104",",,R","   51",",,R"
"USW00054795","2019-04-28","43.1092","-70.9484","19.2","DURHAM 2 SSW, NH US","    0",",,R","  145",",,R","    8",",,R"
"USW00054795","2019-04-29","43.1092","-70.9484","19.2","DURHAM 2 SSW, NH US","    4",",,R","  136",",,R","   -2",",,R"
"USW00054795","2019-04-30","43.1092","-70.9484","19.2","DURHAM 2 SSW, NH US","   42",",,R","  113",",,R","   19",",,R"
"USW00054795","2019-05-01","43.1092","-70.9484","19.2","DURHAM 2 SSW, NH US","    0",",,R","  125",",,R","   16",",,R"
"USW00054795","2019-05-02","43.1092","-70.9484","19.2","DURHAM 2 SSW, NH US","   65",",,R","   88",",,R","   57",",,R"
"USW00054795","2019-05-03","43.1092","-70.9484","19.2","DURHAM 2 SSW, NH US","   58",",,R","   85",",,R","   55",",,R"
"USW00054795","2019-05-04","43.1092","-70.9484","19.2","DURHAM 2 SSW, NH US","   11",",,R","  161",",,R","   71",",,R"
"USW00054795","2019-05-05","43.1092","-70.9484","19.2","DURHAM 2 SSW, NH US","    0",",,R","  146",",,R","   80",",,R"
"USW00054795","2019-05-06","43.1092","-70.9484","19.2","DURHAM 2 SSW, NH US","    0",",,R","  166",",,R","   35",",,R"
"USW00054795","2019-05-07","43.1092","-70.9484","19.2","DURHAM 2 SSW, NH US","   18",",,R","  207",",,R","   27",",,R"
"USW00054795","2019-05-08","43.1092","-70.9484","19.2","DURHAM 2 SSW, NH US","    0",",,R","  178",",,R","   44",",,R"
"USW00054795","2019-05-09","43.1092","-70.9484","19.2","DURHAM 2 SSW, NH US","    0",",,R","  138",",,R","   -3",",,R"
"USW00054795","2019-05-10","43.1092","-70.9484","19.2","DURHAM 2 SSW, NH US","   47",",,R","  120",",,R","   66",",,R"
"USW00054795","2019-05-11","43.1092","-70.9484","19.2","DURHAM 2 SSW, NH US","    0",",,R","  175",",,R","   79",",,R"
"USW00054795","2019-05-12","43.1092","-70.9484","19.2","DURHAM 2 SSW, NH US","    0",",,R","  110",",,R","   60",",,R"
"USW00054795","2019-05-13","43.1092","-70.9484","19.2","DURHAM 2 SSW, NH US","  146",",,R","  123",",,R","   46",",,R"
"USW00054795","2019-05-14","43.1092","-70.9484","19.2","DURHAM 2 SSW, NH US","   51",",,R","   74",",,R","   34",",,R"
"USW00054795","2019-05-15","43.1092","-70.9484","19.2","DURHAM 2 SSW, NH US","    0",",,R","  133",",,R","   48",",,R"
"USW00054795","2019-05-16","43.1092","-70.9484","19.2","DURHAM 2 SSW, NH US","    7",",,R","  171",",,R","   60",",,R"
"USW00054795","2019-05-17","43.1092","-70.9484","19.2","DURHAM 2 SSW, NH US","   62",",,R","  191",",,R","   46",",,R"
"USW00054795","2019-05-18","43.1092","-70.9484","19.2","DURHAM 2 SSW, NH US","    0",",,R","  213",",,R","   87",",,R"
"USW00054795","2019-05-19","43.1092","-70.9484","19.2","DURHAM 2 SSW, NH US","    0",",,R","  231",",,R","   83",",,R"
"USW00054795","2019-05-20","43.1092","-70.9484","19.2","DURHAM 2 SSW, NH US","    0",",,R","  283",",,R","  150",",,R"
"USW00054795","2019-05-21","43.1092","-70.9484","19.2","DURHAM 2 SSW, NH US","    0",",,R","  183",",,R","  119",",,R"
"USW00054795","2019-05-22","43.1092","-70.9484","19.2","DURHAM 2 SSW, NH US","    0",",,R","  199",",,R","   69",",,R"
"USW00054795","2019-05-23","43.1092","-70.9484","19.2","DURHAM 2 SSW, NH US","   69",",,R","  218",",,R","   80",",,R"
"USW00054795","2019-05-24","43.1092","-70.9484","19.2","DURHAM 2 SSW, NH US","    0",",,R","  194",",,R","   73",",,R"
"USW00054795","2019-05-25","43.1092","-70.9484","19.2","DURHAM 2 SSW, NH US","    0",",,R","  218",",,R","   52",",,R"
"USW00054795","2019-05-26","43.1092","-70.9484","19.2","DURHAM 2 SSW, NH US","    0",",,R","  294",",,R","  116",",,R"
"USW00054795","2019-05-27","43.1092","-70.9484","19.2","DURHAM 2 SSW, NH US","    0",",,R","  247",",,R","   79",",,R"
"USW00054795","2019-05-28","43.1092","-70.9484","19.2","DURHAM 2 SSW, NH US","  201",",,R","  132",",,R","   48",",,R"
"USW00054795","2019-05-29","43.1092","-70.9484","19.2","DURHAM 2 SSW, NH US","    5",",,R","  119",",,R","   68",",,R"
"USW00054795","2019-05-30","43.1092","-70.9484","19.2","DURHAM 2 SSW, NH US","    2",",,R","  175",",,R","   77",",,R"
"USW00054795","2019-05-31","43.1092","-70.9484","19.2","DURHAM 2 SSW, NH US","    3",",,R","  220",",,R","   90",",,R"
"USW00054795","2019-06-01","43.1092","-70.9484","19.2","DURHAM 2 SSW, NH US","    0",",,R","  201",",,R","   66",",,R"
"USW00054795","2019-06-02","43.1092","-70.9484","19.2","DURHAM 2 SSW, NH US","  104",",,R","  184",",,R","  107",",,R"
"USW00054795","2019-06-03","43.1092","-70.9484","19.2","DURHAM 2 SSW, NH US","    0",",,R","  194",",,R","   80",",,R"
"USW00054795","2019-06-04","43.1092","-70.9484","19.2","DURHAM 2 SSW, NH US","    3",",,R","  195",",,R","   47",",,R"
"USW00054795","2019-06-05","43.1092","-70.9484","19.2","DURHAM 2 SSW, NH US","   72",",,R","  240",",,R","  100",",,R"
"USW00054795","2019-06-06","43.1092","-70.9484","19.2","DURHAM 2 SSW, NH US","  321",",,R","  232",",,R","  118",",,R"
"USW00054795","2019-06-07","43.1092","-70.9484","19.2","DURHAM 2 SSW, NH US","    0",",,R","  240",",,R","   83",",,R"
"USW00054795","2019-06-08","43.1092","-70.9484","19.2","DURHAM 2 SSW, NH US","    0",",,R","  236",",,R","   96",",,R"
"USW00054795","2019-06-09","43.1092","-70.9484","19.2","DURHAM 2 SSW, NH US","    0",",,R","  249",",,R","   79",",,R"
"USW00054795","2019-06-10","43.1092","-70.9484","19.2","DURHAM 2 SSW, NH US","    0",",,R","  256",",,R","  101",",,R"
"USW00054795","2019-06-11","43.1092","-70.9484","19.2","DURHAM 2 SSW, NH US","  189",",,R","  234",",,R","  103",",,R"
"USW00054795","2019-06-12","43.1092","-70.9484","19.2","DURHAM 2 SSW, NH US","    0",",,R","  240",",,R","   77",",,R"
"USW00054795","2019-06-13","43.1092","-70.9484","19.2","DURHAM 2 SSW, NH US","  122",",,R","  146",",,R","   89",",,R"
"USW00054795","2019-06-14","43.1092","-70.9484","19.2","DURHAM 2 SSW, NH US","    0",",,R","  220",",,R","   96",",,R"
"USW00054795","2019-06-15","43.1092","-70.9484","19.2","DURHAM 2 SSW, NH US","    0",",,R","  263",",,R","   91",",,R"
"USW00054795","2019-06-16","43.1092","-70.9484","19.2","DURHAM 2 SSW, NH US","   66",",,R","  211",",,R","  160",",,R"
"USW00054795","2019-06-17","43.1092","-70.9484","19.2","DURHAM 2 SSW, NH US","    0",",,R","  254",",,R","  141",",,R"
"USW00054795","2019-06-18","43.1092","-70.9484","19.2","DURHAM 2 SSW, NH US","    0",",,R","  212",",,R","  134",",,R"
"USW00054795","2019-06-19","43.1092","-70.9484","19.2","DURHAM 2 SSW, NH US","    0",",,R","  236",",,R","  154",",,R"
"USW00054795","2019-06-20","43.1092","-70.9484","19.2","DURHAM 2 SSW, NH US","   82",",,R","  164",",,R","  148",",,R"
"USW00054795","2019-06-21","43.1092","-70.9484","19.2","DURHAM 2 SSW, NH US","   22",",,R","  222",",,R","  148",",,R"
"USW00054795","2019-06-22","43.1092","-70.9484","19.2","DURHAM 2 SSW, NH US","    0",",,R","  251",",,R","  133",",,R"
"USW00054795","2019-06-23","43.1092","-70.9484","19.2","DURHAM 2 SSW, NH US","    0",",,R","  275",",,R","  121",",,R"
"USW00054795","2019-06-24","43.1092","-70.9484","19.2","DURHAM 2 SSW, NH US","    0",",,R","  273",",,R","  119",",,R"
"USW00054795","2019-06-25","43.1092","-70.9484","19.2","DURHAM 2 SSW, NH US","  102",",,R","  195",",,R","  106",",,R"
"USW00054795","2019-06-26","43.1092","-70.9484","19.2","DURHAM 2 SSW, NH US","    0",",,R","  261",",,R","  155",",,R"
"USW00054795","2019-06-27","43.1092","-70.9484","19.2","DURHAM 2 SSW, NH US","    0",",,R","  240",",,R","  141",",,R"
"USW00054795","2019-06-28","43.1092","-70.9484","19.2","DURHAM 2 SSW, NH US","    0",",,R","  304",",,R","  145",",,R"
"USW00054795","2019-06-29","43.1092","-70.9484","19.2","DURHAM 2 SSW, NH US","  142",",,R","  270",",,R","  176",",,R"
"USW00054795","2019-06-30","43.1092","-70.9484","19.2","DURHAM 2 SSW, NH US","   26",",,R","  236",",,R","  133",",,R"
"USW00054795","2019-07-01","43.1092","-70.9484","19.2","DURHAM 2 SSW, NH US","    0",",,R","  282",",,R","  129",",,R"
"USW00054795","2019-07-02","43.1092","-70.9484","19.2","DURHAM 2 SSW, NH US","    3",",,R","  291",",,R","  161",",,R"
"USW00054795","2019-07-03","43.1092","-70.9484","19.2","DURHAM 2 SSW, NH US","    0",",,R","  302",",,R","  139",",,R"
"USW00054795","2019-07-04","43.1092","-70.9484","19.2","DURHAM 2 SSW, NH US","    0",",,R","  303",",,R","  153",",,R"
"USW00054795","2019-07-05","43.1092","-70.9484","19.2","DURHAM 2 SSW, NH US","    0",",,R","  317",",,R","  152",",,R"
"USW00054795","2019-07-06","43.1092","-70.9484","19.2","DURHAM 2 SSW, NH US","   41",",,R","  323",",,R","  204",",,R"
"USW00054795","2019-07-07","43.1092","-70.9484","19.2","DURHAM 2 SSW, NH US","    0",",,R","  251",",,R","  129",",,R"
"USW00054795","2019-07-08","43.1092","-70.9484","19.2","DURHAM 2 SSW, NH US","    0",",,R","  274",",,R","  100",",,R"
"USW00054795","2019-07-09","43.1092","-70.9484","19.2","DURHAM 2 SSW, NH US","    0",",,R","  294",",,R","  117",",,R"
"USW00054795","2019-07-10","43.1092","-70.9484","19.2","DURHAM 2 SSW, NH US","    0",",,R","  308",",,R","  131",",,R"
"USW00054795","2019-07-11","43.1092","-70.9484","19.2","DURHAM 2 SSW, NH US","  149",",,R","  267",",,R","  150",",,R"
"USW00054795","2019-07-12","43.1092","-70.9484","19.2","DURHAM 2 SSW, NH US","  439",",,R","  280",",,R","  187",",,R"
"USW00054795","2019-07-13","43.1092","-70.9484","19.2","DURHAM 2 SSW, NH US","    0",",,R","  287",",,R","  161",",,R"
"USW00054795","2019-07-14","43.1092","-70.9484","19.2","DURHAM 2 SSW, NH US","    0",",,R","  292",",,R","  170",",,R"
"USW00054795","2019-07-15","43.1092","-70.9484","19.2","DURHAM 2 SSW, NH US","    0",",,R","  271",",,R","  141",",,R"
"USW00054795","2019-07-16","43.1092","-70.9484","19.2","DURHAM 2 SSW, NH US","    0",",,R","  288",",,R","  126",",,R"
"USW00054795","2019-07-17","43.1092","-70.9484","19.2","DURHAM 2 SSW, NH US","    8",",,R","  298",",,R","  185",",,R"
"USW00054795","2019-07-18","43.1092","-70.9484","19.2","DURHAM 2 SSW, NH US","    0",",,R","  243",",,R","  143",",,R"
"USW00054795","2019-07-19","43.1092","-70.9484","19.2","DURHAM 2 SSW, NH US","    0",",,R","  316",",,R","  135",",,R"
"USW00054795","2019-07-20","43.1092","-70.9484","19.2","DURHAM 2 SSW, NH US","    0",",,R","  343",",,R","  219",",,R"
"USW00054795","2019-07-21","43.1092","-70.9484","19.2","DURHAM 2 SSW, NH US","    0",",,R","  334",",,R","  214",",,R"
"USW00054795","2019-07-22","43.1092","-70.9484","19.2","DURHAM 2 SSW, NH US","  274",",,R","  260",",,R","  171",",,R"
"USW00054795","2019-07-23","43.1092","-70.9484","19.2","DURHAM 2 SSW, NH US","  229",",,R","  211",",,R","  154",",,R"
"USW00054795","2019-07-24","43.1092","-70.9484","19.2","DURHAM 2 SSW, NH US","    0",",,R","  262",",,R","  139",",,R"
"USW00054795","2019-07-25","43.1092","-70.9484","19.2","DURHAM 2 SSW, NH US","    0",",,R","  255",",,R","  128",",,R"
"USW00054795","2019-07-26","43.1092","-70.9484","19.2","DURHAM 2 SSW, NH US","    0",",,R","  280",",,R","  123",",,R"
"USW00054795","2019-07-27","43.1092","-70.9484","19.2","DURHAM 2 SSW, NH US","    0",",,R","  273",",,R","  144",",,R"
"USW00054795","2019-07-28","43.1092","-70.9484","19.2","DURHAM 2 SSW, NH US","    0",",,R","  313",",,R","  143",",,R"
"USW00054795","2019-07-29","43.1092","-70.9484","19.2","DURHAM 2 SSW, NH US","    0",",,R","  314",",,R","  181",",,R"
"USW00054795","2019-07-30","43.1092","-70.9484","19.2","DURHAM 2 SSW, NH US","    0",",,R","  333",",,R","  181",",,R"
"USW00054795","2019-07-31","43.1092","-70.9484","19.2","DURHAM 2 SSW, NH US","   15",",,R","  310",",,R","  187",",,R"
"USW00054795","2019-08-01","43.1092","-70.9484","19.2","DURHAM 2 SSW, NH US","    0",",,R","  293",",,R","  138",",,R"
"USW00054795","2019-08-02","43.1092","-70.9484","19.2","DURHAM 2 SSW, NH US","    0",",,R","  283",",,R","  111",",,R"
"USW00054795","2019-08-03","43.1092","-70.9484","19.2","DURHAM 2 SSW, NH US","   39",",,R","  281",",,R","  132",",,R"
"USW00054795","2019-08-04","43.1092","-70.9484","19.2","DURHAM 2 SSW, NH US","    0",",,R","  277",",,R","  120",",,R"
"USW00054795","2019-08-05","43.1092","-70.9484","19.2","DURHAM 2 SSW, NH US","    0",",,R","  267",",,R","   87",",,R"
"USW00054795","2019-08-06","43.1092","-70.9484","19.2","DURHAM 2 SSW, NH US","    0",",,R","  272",",,R","  109",",,R"
"USW00054795","2019-08-07","43.1092","-70.9484","19.2","DURHAM 2 SSW, NH US","  263",",,R","  291",",,R","  181",",,R"
"USW00054795","2019-08-08","43.1092","-70.9484","19.2","DURHAM 2 SSW, NH US","  151",",,R","  289",",,R","  180",",,R"
"USW00054795","2019-08-09","43.1092","-70.9484","19.2","DURHAM 2 SSW, NH US","    0",",,R","  274",",,R","  141",",,R"
"USW00054795","2019-08-10","43.1092","-70.9484","19.2","DURHAM 2 SSW, NH US","    0",",,R","  242",",,R","  119",",,R"
"USW00054795","2019-08-11","43.1092","-70.9484","19.2","DURHAM 2 SSW, NH US","    0",",,R","  248",",,R","  106",",,R"
"USW00054795","2019-08-12","43.1092","-70.9484","19.2","DURHAM 2 SSW, NH US","    0",",,R","  284",",,R","  125",",,R"
"USW00054795","2019-08-13","43.1092","-70.9484","19.2","DURHAM 2 SSW, NH US","  184",",,R","  283",",,R","  181",",,R"
"USW00054795","2019-08-14","43.1092","-70.9484","19.2","DURHAM 2 SSW, NH US","    0",",,R","  251",",,R","  144",",,R"
"USW00054795","2019-08-15","43.1092","-70.9484","19.2","DURHAM 2 SSW, NH US","    0",",,R","  248",",,R","  124",",,R"
"USW00054795","2019-08-16","43.1092","-70.9484","19.2","DURHAM 2 SSW, NH US","    0",",,R","  245",",,R","  162",",,R"
"USW00054795","2019-08-17","43.1092","-70.9484","19.2","DURHAM 2 SSW, NH US","   63",",,R","  227",",,R","  181",",,R"
"USW00054795","2019-08-18","43.1092","-70.9484","19.2","DURHAM 2 SSW, NH US","   11",",,R","  288",",,R","  178",",,R"
"USW00054795","2019-08-19","43.1092","-70.9484","19.2","DURHAM 2 SSW, NH US","  108",",,R","  319",",,R","  194",",,R"
"USW00054795","2019-08-20","43.1092","-70.9484","19.2","DURHAM 2 SSW, NH US","    0",",,R","  284",",,R","  148",",,R"
"USW00054795","2019-08-21","43.1092","-70.9484","19.2","DURHAM 2 SSW, NH US","   22",",,R","  243",",,R","  134",",,R"
"USW00054795","2019-08-22","43.1092","-70.9484","19.2","DURHAM 2 SSW, NH US","    0",",,R","  307",",,R","  177",",,R"
"USW00054795","2019-08-23","43.1092","-70.9484","19.2","DURHAM 2 SSW, NH US","    0",",,R","  249",",,R","  114",",,R"
"USW00054795","2019-08-24","43.1092","-70.9484","19.2","DURHAM 2 SSW, NH US","    0",",,R","  224",",,R","   88",",,R"
"USW00054795","2019-08-25","43.1092","-70.9484","19.2","DURHAM 2 SSW, NH US","    0",",,R","  205",",,R","   95",",,R"
"USW00054795","2019-08-26","43.1092","-70.9484","19.2","DURHAM 2 SSW, NH US","    0",",,R","  230",",,R","   70",",,R"
"USW00054795","2019-08-27","43.1092","-70.9484","19.2","DURHAM 2 SSW, NH US","    0",",,R","  256",",,R","   62",",,R"
"USW00054795","2019-08-28","43.1092","-70.9484","19.2","DURHAM 2 SSW, NH US","  462",",,R","  251",",,R","  129",",,R"
"USW00054795","2019-08-29","43.1092","-70.9484","19.2","DURHAM 2 SSW, NH US","   32",",,R","  278",",,R","  146",",,R"
"USW00054795","2019-08-30","43.1092","-70.9484","19.2","DURHAM 2 SSW, NH US","    0",",,R","  282",",,R","  115",",,R"
"USW00054795","2019-08-31","43.1092","-70.9484","19.2","DURHAM 2 SSW, NH US","    0",",,R","  243",",,R","  108",",,R"
"USW00054795","2019-09-01","43.1092","-70.9484","19.2","DURHAM 2 SSW, NH US","    0",",,R","  217",",,R","   77",",,R"
"USW00054795","2019-09-02","43.1092","-70.9484","19.2","DURHAM 2 SSW, NH US","   52",",,R","  203",",,R","  122",",,R"
"USW00054795","2019-09-03","43.1092","-70.9484","19.2","DURHAM 2 SSW, NH US","    0",",,R","  256",",,R","  121",",,R"
"USW00054795","2019-09-04","43.1092","-70.9484","19.2","DURHAM 2 SSW, NH US","    0",",,R","  258",",,R","  136",",,R"
"USW00054795","2019-09-05","43.1092","-70.9484","19.2","DURHAM 2 SSW, NH US","    0",",,R","  215",",,R","   98",",,R"
"USW00054795","2019-09-06","43.1092","-70.9484","19.2","DURHAM 2 SSW, NH US","    0",",,R","  189",",,R","   87",",,R"
"USW00054795","2019-09-07","43.1092","-70.9484","19.2","DURHAM 2 SSW, NH US","   16",",,R","  205",",,R","  115",",,R"
"USW00054795","2019-09-08","43.1092","-70.9484","19.2","DURHAM 2 SSW, NH US","    0",",,R","  217",",,R","   92",",,R"
"USW00054795","2019-09-09","43.1092","-70.9484","19.2","DURHAM 2 SSW, NH US","    0",",,R","  222",",,R","   59",",,R"
"USW00054795","2019-09-10","43.1092","-70.9484","19.2","DURHAM 2 SSW, NH US","    0",",,R","  200",",,R","   93",",,R"
"USW00054795","2019-09-11","43.1092","-70.9484","19.2","DURHAM 2 SSW, NH US","   57",",,R","  285",",,R","  171",",,R"
"USW00054795","2019-09-12","43.1092","-70.9484","19.2","DURHAM 2 SSW, NH US","    9",",,R","  178",",,R","   76",",,R"
"USW00054795","2019-09-13","43.1092","-70.9484","19.2","DURHAM 2 SSW, NH US","    0",",,R","  186",",,R","   42",",,R"
"USW00054795","2019-09-14","43.1092","-70.9484","19.2","DURHAM 2 SSW, NH US","    4",",,R","  184",",,R","   33",",,R"
"USW00054795","2019-09-15","43.1092","-70.9484","19.2","DURHAM 2 SSW, NH US","    0",",,R","  241",",,R","  122",",,R"
"USW00054795","2019-09-16","43.1092","-70.9484","19.2","DURHAM 2 SSW, NH US","    0",",,R","  202",",,R","   83",",,R"
"USW00054795","2019-09-17","43.1092","-70.9484","19.2","DURHAM 2 SSW, NH US","    0",",,R","  198",",,R","   58",",,R"
"USW00054795","2019-09-18","43.1092","-70.9484","19.2","DURHAM 2 SSW, NH US","    0",",,R","  163",",,R","   30",",,R"
"USW00054795","2019-09-19","43.1092","-70.9484","19.2","DURHAM 2 SSW, NH US","    0",",,R","  203",",,R","    5",",,R"
"USW00054795","2019-09-20","43.1092","-70.9484","19.2","DURHAM 2 SSW, NH US","    0",",,R","  257",",,R","   16",",,R"
"USW00054795","2019-09-21","43.1092","-70.9484","19.2","DURHAM 2 SSW, NH US","    0",",,R","  280",",,R","   96",",,R"
"USW00054795","2019-09-22","43.1092","-70.9484","19.2","DURHAM 2 SSW, NH US","    0",",,R","  293",",,R","   99",",,R"
"USW00054795","2019-09-24","43.1092","-70.9484","19.2","DURHAM 2 SSW, NH US","    0",",,R","  244",",,R","  114",",,R"
"USW00054795","2019-09-25","43.1092","-70.9484","19.2","DURHAM 2 SSW, NH US","    0",",,R","  206",",,R","   78",",,R"
"USW00054795","2019-09-26","43.1092","-70.9484","19.2","DURHAM 2 SSW, NH US","   55",",,R","  270",",,R","   69",",,R"
"USW00054795","2019-09-27","43.1092","-70.9484","19.2","DURHAM 2 SSW, NH US","    0",",,R","  219",",,R","   87",",,R"
"USW00054795","2019-09-28","43.1092","-70.9484","19.2","DURHAM 2 SSW, NH US","    0",",,R","  264",",,R","   71",",,R"
"USW00054795","2019-09-29","43.1092","-70.9484","19.2","DURHAM 2 SSW, NH US","    0",",,R","  225",",,R","   54",",,R"
"USW00054795","2019-09-30","43.1092","-70.9484","19.2","DURHAM 2 SSW, NH US","    0",",,R","  149",",,R","   24",",,R"
"USW00054795","2019-10-01","43.1092","-70.9484","19.2","DURHAM 2 SSW, NH US","   43",",,R","  196",",,R","  110",",,R"
"USW00054795","2019-10-02","43.1092","-70.9484","19.2","DURHAM 2 SSW, NH US","   46",",,R","  210",",,R","   90",",,R"
"USW00054795","2019-10-03","43.1092","-70.9484","19.2","DURHAM 2 SSW, NH US","   11",",,R","  114",",,R","   35",",,R"
"USW00054795","2019-10-04","43.1092","-70.9484","19.2","DURHAM 2 SSW, NH US","   17",",,R","  145",",,R","   13",",,R"
"USW00054795","2019-10-05","43.1092","-70.9484","19.2","DURHAM 2 SSW, NH US","    0",",,R","  150",",,R","  -19",",,R"
"USW00054795","2019-10-06","43.1092","-70.9484","19.2","DURHAM 2 SSW, NH US","    0",",,R","  181",",,R","  -21",",,R"
"USW00054795","2019-10-07","43.1092","-70.9484","19.2","DURHAM 2 SSW, NH US","  177",",,R","  247",",,R","  141",",,R"
"USW00054795","2019-10-08","43.1092","-70.9484","19.2","DURHAM 2 SSW, NH US","   19",",,R","  178",",,R","   79",",,R"
"USW00054795","2019-10-09","43.1092","-70.9484","19.2","DURHAM 2 SSW, NH US","    0",",,R","  138",",,R","   77",",,R"
"USW00054795","2019-10-10","43.1092","-70.9484","19.2","DURHAM 2 SSW, NH US","    0",",,R","  130",",,R","   85",",,R"
"USW00054795","2019-10-11","43.1092","-70.9484","19.2","DURHAM 2 SSW, NH US","    0",",,R","  152",",,R","  102",",,R"
"USW00054795","2019-10-12","43.1092","-70.9484","19.2","DURHAM 2 SSW, NH US","    0",",,R","  142",",,R","   90",",,R"
"USW00054795","2019-10-13","43.1092","-70.9484","19.2","DURHAM 2 SSW, NH US","    0",",,R","  195",",,R","   61",",,R"
"USW00054795","2019-10-14","43.1092","-70.9484","19.2","DURHAM 2 SSW, NH US","    0",",,R","  187",",,R","   65",",,R"
"USW00054795","2019-10-15","43.1092","-70.9484","19.2","DURHAM 2 SSW, NH US","    0",",,R","  154",",,R","   14",",,R"
"USW00054795","2019-10-16","43.1092","-70.9484","19.2","DURHAM 2 SSW, NH US","   69",",,R","  155",",,R","  -13",",,R"
"USW00054795","2019-10-17","43.1092","-70.9484","19.2","DURHAM 2 SSW, NH US","  446",",,R","  154",",,R","   68",",,R"
"USW00054795","2019-10-18","43.1092","-70.9484","19.2","DURHAM 2 SSW, NH US","    0",",,R","  139",",,R","   56",",,R"
"USW00054795","2019-10-19","43.1092","-70.9484","19.2","DURHAM 2 SSW, NH US","    0",",,R","  142",",,R","    4",",,R"
"USW00054795","2019-10-20","43.1092","-70.9484","19.2","DURHAM 2 SSW, NH US","    0",",,R","  156",",,R","   -7",",,R"
"USW00054795","2019-10-21","43.1092","-70.9484","19.2","DURHAM 2 SSW, NH US","    0",",,R","  185",",,R","   35",",,R"
"USW00054795","2019-10-22","43.1092","-70.9484","19.2","DURHAM 2 SSW, NH US","   75",",,R","  145",",,R","   34",",,R"
"USW00054795","2019-10-23","43.1092","-70.9484","19.2","DURHAM 2 SSW, NH US","  209",",,R","  187",",,R","   40",",,R"
"USW00054795","2019-10-24","43.1092","-70.9484","19.2","DURHAM 2 SSW, NH US","    0",",,R","  193",",,R","   11",",,R"
"USW00054795","2019-10-25","43.1092","-70.9484","19.2","DURHAM 2 SSW, NH US","   18",",,R","  145",",,R","   68",",,R"
"USW00054795","2019-10-26","43.1092","-70.9484","19.2","DURHAM 2 SSW, NH US","   10",",,R","  145",",,R","   15",",,R"
"USW00054795","2019-10-27","43.1092","-70.9484","19.2","DURHAM 2 SSW, NH US","  302",",,R","   95",",,R","   15",",,R"
"USW00054795","2019-10-28","43.1092","-70.9484","19.2","DURHAM 2 SSW, NH US","    3",",,R","  115",",,R","   81",",,R"
"USW00054795","2019-10-29","43.1092","-70.9484","19.2","DURHAM 2 SSW, NH US","   21",",,R","  114",",,R","   84",",,R"
"USW00054795","2019-10-30","43.1092","-70.9484","19.2","DURHAM 2 SSW, NH US","   38",",,R","  164",",,R","  103",",,R"
"USW00054795","2019-10-31","43.1092","-70.9484","19.2","DURHAM 2 SSW, NH US","  118",",,R","  213",",,R","  132",",,R"
"USW00054795","2019-11-01","43.1092","-70.9484","19.2","DURHAM 2 SSW, NH US","   44",",,R","  217",",,R","   24",",,R"
"USW00054795","2019-11-02","43.1092","-70.9484","19.2","DURHAM 2 SSW, NH US","    0",",,R","   90",",,R","  -28",",,R"
"USW00054795","2019-11-03","43.1092","-70.9484","19.2","DURHAM 2 SSW, NH US","    0",",,R","  119",",,R","  -31",",,R"
"USW00054795","2019-11-04","43.1092","-70.9484","19.2","DURHAM 2 SSW, NH US","    0",",,R","  113",",,R","  -32",",,R"
"USW00054795","2019-11-05","43.1092","-70.9484","19.2","DURHAM 2 SSW, NH US","   14",",,R","  129",",,R","   22",",,R"
"USW00054795","2019-11-06","43.1092","-70.9484","19.2","DURHAM 2 SSW, NH US","    0",",,R","  101",",,R","  -23",",,R"
"USW00054795","2019-11-07","43.1092","-70.9484","19.2","DURHAM 2 SSW, NH US","  100",",,R","   95",",,R","  -29",",,R"
"USW00054795","2019-11-08","43.1092","-70.9484","19.2","DURHAM 2 SSW, NH US","    0",",,R","   25",",,R","  -42",",,R"
"USW00054795","2019-11-09","43.1092","-70.9484","19.2","DURHAM 2 SSW, NH US","    0",",,R","   44",",,R","  -73",",,R"
"USW00054795","2019-11-10","43.1092","-70.9484","19.2","DURHAM 2 SSW, NH US","    0",",,R","   97",",,R","  -21",",,R"
"USW00054795","2019-11-11","43.1092","-70.9484","19.2","DURHAM 2 SSW, NH US","    0",",,R","   66",",,R","    0",",,R"
"USW00054795","2019-11-12","43.1092","-70.9484","19.2","DURHAM 2 SSW, NH US","    8",",,R","   29",",,R","  -72",",,R"
"USW00054795","2019-11-13","43.1092","-70.9484","19.2","DURHAM 2 SSW, NH US","    0",",,R","  -35",",,R"," -100",",,R"
"USW00054795","2019-11-14","43.1092","-70.9484","19.2","DURHAM 2 SSW, NH US","    0",",,R","    4",",,R"," -115",",,R"
"USW00054795","2019-11-15","43.1092","-70.9484","19.2","DURHAM 2 SSW, NH US","    0",",,R","   95",",,R","  -65",",,R"
"USW00054795","2019-11-16","43.1092","-70.9484","19.2","DURHAM 2 SSW, NH US","    0",",,R","   18",",,R","  -83",",,R"
"USW00054795","2019-11-17","43.1092","-70.9484","19.2","DURHAM 2 SSW, NH US","    0",",,R","   18",",,R"," -106",",,R"
"USW00054795","2019-11-18","43.1092","-70.9484","19.2","DURHAM 2 SSW, NH US","   59",",,R","   38",",,R","    5",",,R"
"USW00054795","2019-11-19","43.1092","-70.9484","19.2","DURHAM 2 SSW, NH US","   59",",,R","   49",",,R","   11",",,R"
"USW00054795","2019-11-20","43.1092","-70.9484","19.2","DURHAM 2 SSW, NH US","   49",",,R","   35",",,R","   11",",,R"
"USW00054795","2019-11-21","43.1092","-70.9484","19.2","DURHAM 2 SSW, NH US","    0",",,R","   84",",,R","  -25",",,R"
"USW00054795","2019-11-22","43.1092","-70.9484","19.2","DURHAM 2 SSW, NH US","   16",",,R","   88",",,R","  -10",",,R"
"USW00054795","2019-11-23","43.1092","-70.9484","19.2","DURHAM 2 SSW, NH US","    0",",,R","   63",",,R","  -29",",,R"
"USW00054795","2019-11-24","43.1092","-70.9484","19.2","DURHAM 2 SSW, NH US","  256",",,R","   43",",,R","  -30",",,R"
"USW00054795","2019-11-25","43.1092","-70.9484","19.2","DURHAM 2 SSW, NH US","    0",",,R","  105",",,R","    7",",,R"
"USW00054795","2019-11-26","43.1092","-70.9484","19.2","DURHAM 2 SSW, NH US","    0",",,R","  154",",,R","  -26",",,R"
"USW00054795","2019-11-27","43.1092","-70.9484","19.2","DURHAM 2 SSW, NH US","   71",",,R","   99",",,R","  -26",",,R"
"USW00054795","2019-11-28","43.1092","-70.9484","19.2","DURHAM 2 SSW, NH US","   53",",,R","   56",",,R","    4",",,R"
"USW00054795","2019-11-29","43.1092","-70.9484","19.2","DURHAM 2 SSW, NH US","    0",",,R","   41",",,R","  -34",",,R"
"USW00054795","2019-11-30","43.1092","-70.9484","19.2","DURHAM 2 SSW, NH US","    0",",,R","   -3",",,R","  -83",",,R"
"USW00054795","2019-12-01","43.1092","-70.9484","19.2","DURHAM 2 SSW, NH US","  117",",,R","    2",",,R"," -107",",,R"
"USW00054795","2019-12-02","43.1092","-70.9484","19.2","DURHAM 2 SSW, NH US","  191",",,R","   -3",",,R","  -31",",,R"
"USW00054795","2019-12-03","43.1092","-70.9484","19.2","DURHAM 2 SSW, NH US","  140",",,R","    0",",,R","  -53",",,R"
"USW00054795","2019-12-04","43.1092","-70.9484","19.2","DURHAM 2 SSW, NH US","    0",",,R","   25",",,R","  -77",",,R"
"USW00054795","2019-12-05","43.1092","-70.9484","19.2","DURHAM 2 SSW, NH US","    0",",,R","   49",",,R","  -83",",,R"
"USW00054795","2019-12-06","43.1092","-70.9484","19.2","DURHAM 2 SSW, NH US","   29",",,R","  -12",",,R","  -65",",,R"
"USW00054795","2019-12-07","43.1092","-70.9484","19.2","DURHAM 2 SSW, NH US","    2",",,R","  -13",",,R"," -130",",,R"
"USW00054795","2019-12-08","43.1092","-70.9484","19.2","DURHAM 2 SSW, NH US","    0",",,R","    3",",,R"," -173",",,R"
"USW00054795","2019-12-09","43.1092","-70.9484","19.2","DURHAM 2 SSW, NH US","  160",",,R","  115",",,R","  -12",",,R"
"USW00054795","2019-12-10","43.1092","-70.9484","19.2","DURHAM 2 SSW, NH US","   47",",,R","  133",",,R","   23",",,R"
"USW00054795","2019-12-11","43.1092","-70.9484","19.2","DURHAM 2 SSW, NH US","   22",",,R","   23",",,R","  -69",",,R"
"USW00054795","2019-12-12","43.1092","-70.9484","19.2","DURHAM 2 SSW, NH US","    0",",,R","  -10",",,R","  -77",",,R"
"USW00054795","2019-12-13","43.1092","-70.9484","19.2","DURHAM 2 SSW, NH US","   53",",,R","   30",",,R","  -87",",,R"
"USW00054795","2019-12-14","43.1092","-70.9484","19.2","DURHAM 2 SSW, NH US","  652",",,R","  124",",,R","   15",",,R"
"USW00054795","2019-12-15","43.1092","-70.9484","19.2","DURHAM 2 SSW, NH US","    0",",,R","  106",",,R","  -15",",,R"
"USW00054795","2019-12-16","43.1092","-70.9484","19.2","DURHAM 2 SSW, NH US","    0",",,R","   -5",",,R","  -51",",,R"
"USW00054795","2019-12-17","43.1092","-70.9484","19.2","DURHAM 2 SSW, NH US","  103",",,R","  -19",",,R","  -45",",,R"
"USW00054795","2019-12-18","43.1092","-70.9484","19.2","DURHAM 2 SSW, NH US","    7",",,R","   10",",,R","  -68",",,R"
"USW00054795","2019-12-19","43.1092","-70.9484","19.2","DURHAM 2 SSW, NH US","    0",",,R","  -68",",,R"," -131",",,R"
"USW00054795","2019-12-20","43.1092","-70.9484","19.2","DURHAM 2 SSW, NH US","    0",",,R","  -24",",,R"," -134",",,R"
"USW00054795","2019-12-21","43.1092","-70.9484","19.2","DURHAM 2 SSW, NH US","    0",",,R","   -9",",,R"," -160",",,R"
"USW00054795","2019-12-22","43.1092","-70.9484","19.2","DURHAM 2 SSW, NH US","    0",",,R","   47",",,R"," -110",",,R"
"USW00054795","2019-12-23","43.1092","-70.9484","19.2","DURHAM 2 SSW, NH US","    0",",,R","  100",",,R","  -72",",,R"
"USW00054795","2019-12-24","43.1092","-70.9484","19.2","DURHAM 2 SSW, NH US","    0",",,R","   69",",,R","  -45",",,R"
"USW00054795","2019-12-25","43.1092","-70.9484","19.2","DURHAM 2 SSW, NH US","    0",",,R","   26",",,R","  -64",",,R"
"USW00054795","2019-12-26","43.1092","-70.9484","19.2","DURHAM 2 SSW, NH US","    0",",,R","    9",",,R","  -47",",,R"
"USW00054795","2019-12-27","43.1092","-70.9484","19.2","DURHAM 2 SSW, NH US","    0",",,R","   62",",,R","  -22",",,R"
"USW00054795","2019-12-28","43.1092","-70.9484","19.2","DURHAM 2 SSW, NH US","    0",",,R","   74",",,R","  -33",",,R"
"USW00054795","2019-12-29","43.1092","-70.9484","19.2","DURHAM 2 SSW, NH US","    6",",,R","   49",",,R","  -50",",,R"
"USW00054795","2019-12-30","43.1092","-70.9484","19.2","DURHAM 2 SSW, NH US","  417",",,R","   -3",",,R","  -37",",,R"
"USW00054795","2019-12-31","43.1092","-70.9484","19.2","DURHAM 2 SSW, NH US","   94",",,R","   17",",,R","  -28",",,R"
"USW00054795","2020-01-01","43.1092","-70.9484","19.2","DURHAM 2 SSW, NH US","    0",",,R","   31",",,R","  -12",",,R"
"USW00054795","2020-01-02","43.1092","-70.9484","19.2","DURHAM 2 SSW, NH US","    0",",,R","   47",",,R","  -25",",,R"
"USW00054795","2020-01-03","43.1092","-70.9484","19.2","DURHAM 2 SSW, NH US","    0",",,R","   67",",,R","   -8",",,R"
"USW00054795","2020-01-04","43.1092","-70.9484","19.2","DURHAM 2 SSW, NH US","   46",",,R","   44",",,R","    6",",,R"
"USW00054795","2020-01-05","43.1092","-70.9484","19.2","DURHAM 2 SSW, NH US","   39",",,R","   14",",,R","  -45",",,R"
"USW00054795","2020-01-06","43.1092","-70.9484","19.2","DURHAM 2 SSW, NH US","    0",",,R","  -14",",,R","  -89",",,R"
"USW00054795","2020-01-07","43.1092","-70.9484","19.2","DURHAM 2 SSW, NH US","    0",",,R","   29",",,R","  -79",",,R"
"USW00054795","2020-01-08","43.1092","-70.9484","19.2","DURHAM 2 SSW, NH US","   15",",,R","   41",",,R","  -43",",,R"
"USW00054795","2020-01-09","43.1092","-70.9484","19.2","DURHAM 2 SSW, NH US","    0",",,R","  -43",",,R","  -99",",,R"
"USW00054795","2020-01-10","43.1092","-70.9484","19.2","DURHAM 2 SSW, NH US","    0",",,R","   74",",,R"," -100",",,R"
"USW00054795","2020-01-11","43.1092","-70.9484","19.2","DURHAM 2 SSW, NH US","    0",",,R","  187",",,R","    1",",,R"
"USW00054795","2020-01-12","43.1092","-70.9484","19.2","DURHAM 2 SSW, NH US","   63",",,R","  199",",,R","   -5",",,R"
"USW00054795","2020-01-13","43.1092","-70.9484","19.2","DURHAM 2 SSW, NH US","    5",",,R","    0",",,R","  -31",",,R"
"USW00054795","2020-01-14","43.1092","-70.9484","19.2","DURHAM 2 SSW, NH US","    0",",,R","   31",",,R","  -18",",,R"
"USW00054795","2020-01-15","43.1092","-70.9484","19.2","DURHAM 2 SSW, NH US","    0",",,R","   77",",,R","  -14",",,R"
"USW00054795","2020-01-16","43.1092","-70.9484","19.2","DURHAM 2 SSW, NH US","   86",",,R","   22",",,R","  -50",",,R"
"USW00054795","2020-01-17","43.1092","-70.9484","19.2","DURHAM 2 SSW, NH US","    0",",,R","  -50",",,R"," -144",",,R"
"USW00054795","2020-01-18","43.1092","-70.9484","19.2","DURHAM 2 SSW, NH US","  103",",,R","  -79",",,R"," -149",",,R"
"USW00054795","2020-01-19","43.1092","-70.9484","19.2","DURHAM 2 SSW, NH US","   28",",,R","   40",",,R"," -102",",,R"
"USW00054795","2020-01-20","43.1092","-70.9484","19.2","DURHAM 2 SSW, NH US","    0",",,R","  -40",",,R"," -115",",,R"
"USW00054795","2020-01-21","43.1092","-70.9484","19.2","DURHAM 2 SSW, NH US","    0",",,R","  -42",",,R"," -173",",,R"
"USW00054795","2020-01-22","43.1092","-70.9484","19.2","DURHAM 2 SSW, NH US","    0",",,R","   15",",,R"," -170",",,R"
"USW00054795","2020-01-23","43.1092","-70.9484","19.2","DURHAM 2 SSW, NH US","    0",",,R","   58",",,R"," -141",",,R"
"USW00054795","2020-01-24","43.1092","-70.9484","19.2","DURHAM 2 SSW, NH US","    0",",,R","   59",",,R","  -62",",,R"
"USW00054795","2020-01-25","43.1092","-70.9484","19.2","DURHAM 2 SSW, NH US","  360",",,R","   76",",,R","   18",",,R"
"USW00054795","2020-01-26","43.1092","-70.9484","19.2","DURHAM 2 SSW, NH US","    8",",,R","   88",",,R","  -14",",,R"
"USW00054795","2020-01-27","43.1092","-70.9484","19.2","DURHAM 2 SSW, NH US","    0",",,R","   77",",,R","   -7",",,R"
"USW00054795","2020-01-28","43.1092","-70.9484","19.2","DURHAM 2 SSW, NH US","    0",",,R","   49",",,R","   -4",",,R"
"USW00054795","2020-01-29","43.1092","-70.9484","19.2","DURHAM 2 SSW, NH US","    0",",,R","   30",",,R","  -66",",,R"
"USW00054795","2020-01-30","43.1092","-70.9484","19.2","DURHAM 2 SSW, NH US","    0",",,R","   10",",,R"," -109",",,R"
"USW00054795","2020-01-31","43.1092","-70.9484","19.2","DURHAM 2 SSW, NH US","    0",",,R","   58",",,R","  -98",",,R"
"USW00054795","2020-02-01","43.1092","-70.9484","19.2","DURHAM 2 SSW, NH US","    2",",,R","   36",",,R","  -28",",,R"
"USW00054795","2020-02-02","43.1092","-70.9484","19.2","DURHAM 2 SSW, NH US","    0",",,R","   36",",,R","  -30",",,R"
"USW00054795","2020-02-03","43.1092","-70.9484","19.2","DURHAM 2 SSW, NH US","    0",",,R","   80",",,R","  -58",",,R"
"USW00054795","2020-02-04","43.1092","-70.9484","19.2","DURHAM 2 SSW, NH US","    0",",,R","   64",",,R","  -28",",,R"
"USW00054795","2020-02-05","43.1092","-70.9484","19.2","DURHAM 2 SSW, NH US","    0",",,R","   37",",,R","  -38",",,R"
"USW00054795","2020-02-06","43.1092","-70.9484","19.2","DURHAM 2 SSW, NH US","  132",",,R","    0",",,R","  -36",",,R"
"USW00054795","2020-02-07","43.1092","-70.9484","19.2","DURHAM 2 SSW, NH US","  126",",,R","   11",",,R","  -56",",,R"
"USW00054795","2020-02-08","43.1092","-70.9484","19.2","DURHAM 2 SSW, NH US","    0",",,R","  -37",",,R"," -123",",,R"
"USW00054795","2020-02-09","43.1092","-70.9484","19.2","DURHAM 2 SSW, NH US","    0",",,R","  -25",",,R"," -163",",,R"
"USW00054795","2020-02-10","43.1092","-70.9484","19.2","DURHAM 2 SSW, NH US","   56",",,R","   45",",,R","  -38",",,R"
"USW00054795","2020-02-11","43.1092","-70.9484","19.2","DURHAM 2 SSW, NH US","    6",",,R","   20",",,R","  -30",",,R"
"USW00054795","2020-02-12","43.1092","-70.9484","19.2","DURHAM 2 SSW, NH US","    0",",,R","   49",",,R","  -13",",,R"
"USW00054795","2020-02-13","43.1092","-70.9484","19.2","DURHAM 2 SSW, NH US","  121",",,R","   19",",,R","   -2",",,R"
"USW00054795","2020-02-14","43.1092","-70.9484","19.2","DURHAM 2 SSW, NH US","    0",",,R","    6",",,R"," -153",",,R"
"USW00054795","2020-02-15","43.1092","-70.9484","19.2","DURHAM 2 SSW, NH US","    0",",,R","  -45",",,R"," -191",",,R"
"USW00054795","2020-02-16","43.1092","-70.9484","19.2","DURHAM 2 SSW, NH US","    0",",,R","   40",",,R","  -56",",,R"
"USW00054795","2020-02-17","43.1092","-70.9484","19.2","DURHAM 2 SSW, NH US","    0",",,R","   42",",,R","  -54",",,R"
"USW00054795","2020-02-18","43.1092","-70.9484","19.2","DURHAM 2 SSW, NH US","  194",",,R","    5",",,R","  -55",",,R"
"USW00054795","2020-02-19","43.1092","-70.9484","19.2","DURHAM 2 SSW, NH US","    0",",,R","   33",",,R","  -51",",,R"
"USW00054795","2020-02-20","43.1092","-70.9484","19.2","DURHAM 2 SSW, NH US","    0",",,R","  -19",",,R"," -117",",,R"
"USW00054795","2020-02-21","43.1092","-70.9484","19.2","DURHAM 2 SSW, NH US","    0",",,R","  -18",",,R"," -173",",,R"
"USW00054795","2020-02-22","43.1092","-70.9484","19.2","DURHAM 2 SSW, NH US","    0",",,R","   58",",,R","  -99",",,R"
"USW00054795","2020-02-23","43.1092","-70.9484","19.2","DURHAM 2 SSW, NH US","    0",",,R","  103",",,R","  -66",",,R"
"USW00054795","2020-02-24","43.1092","-70.9484","19.2","DURHAM 2 SSW, NH US","    0",",,R","  151",",,R","  -67",",,R"
"USW00054795","2020-02-25","43.1092","-70.9484","19.2","DURHAM 2 SSW, NH US","    0",",,R","  101",",,R","   -9",",,R"
"USW00054795","2020-02-26","43.1092","-70.9484","19.2","DURHAM 2 SSW, NH US","    4",",,R","   94",",,R","    3",",,R"
"USW00054795","2020-02-27","43.1092","-70.9484","19.2","DURHAM 2 SSW, NH US","  353",",,R","   87",",,R","  -15",",,R"
"USW00054795","2020-02-28","43.1092","-70.9484","19.2","DURHAM 2 SSW, NH US","    0",",,R","   21",",,R","  -55",",,R"
"USW00054795","2020-02-29","43.1092","-70.9484","19.2","DURHAM 2 SSW, NH US","    0",",,R","   12",",,R","  -76",",,R"
"USW00054795","2020-03-01","43.1092","-70.9484","19.2","DURHAM 2 SSW, NH US","    0",",,R","   -7",",,R","  -90",",,R"
"USW00054795","2020-03-02","43.1092","-70.9484","19.2","DURHAM 2 SSW, NH US","    5",",,R","   92",",,R","  -93",",,R"
"USW00054795","2020-03-03","43.1092","-70.9484","19.2","DURHAM 2 SSW, NH US","   12",",,R","  169",",,R","   -1",",,R"
"USW00054795","2020-03-04","43.1092","-70.9484","19.2","DURHAM 2 SSW, NH US","    4",",,R","  103",",,R","   36",",,R"
"USW00054795","2020-03-05","43.1092","-70.9484","19.2","DURHAM 2 SSW, NH US","    0",",,R","   95",",,R","  -33",",,R"
"USW00054795","2020-03-06","43.1092","-70.9484","19.2","DURHAM 2 SSW, NH US","    0",",,R","   80",",,R","  -49",",,R"
"USW00054795","2020-03-07","43.1092","-70.9484","19.2","DURHAM 2 SSW, NH US","    0",",,R","   67",",,R","  -22",",,R"
"USW00054795","2020-03-08","43.1092","-70.9484","19.2","DURHAM 2 SSW, NH US","    0",",,R","  116",",,R","  -23",",,R"
"USW00054795","2020-03-09","43.1092","-70.9484","19.2","DURHAM 2 SSW, NH US","    0",",,R","  221",",,R","  -11",",,R"
"USW00054795","2020-03-10","43.1092","-70.9484","19.2","DURHAM 2 SSW, NH US","    0",",,R","  148",",,R","   34",",,R"
"USW00054795","2020-03-11","43.1092","-70.9484","19.2","DURHAM 2 SSW, NH US","    0",",,R","  134",",,R","  -12",",,R"
"USW00054795","2020-03-12","43.1092","-70.9484","19.2","DURHAM 2 SSW, NH US","    0",",,R","   52",",,R","  -33",",,R"
"USW00054795","2020-03-13","43.1092","-70.9484","19.2","DURHAM 2 SSW, NH US","  126",",,R","  133",",,R","   37",",,R"
"USW00054795","2020-03-14","43.1092","-70.9484","19.2","DURHAM 2 SSW, NH US","    0",",,R","  114",",,R","  -15",",,R"
"USW00054795","2020-03-15","43.1092","-70.9484","19.2","DURHAM 2 SSW, NH US","    0",",,R","   68",",,R","  -30",",,R"
"USW00054795","2020-03-16","43.1092","-70.9484","19.2","DURHAM 2 SSW, NH US","    0",",,R","   17",",,R","  -86",",,R"
"USW00054795","2020-03-17","43.1092","-70.9484","19.2","DURHAM 2 SSW, NH US","    8",",,R","   52",",,R","  -44",",,R"
"USW00054795","2020-03-18","43.1092","-70.9484","19.2","DURHAM 2 SSW, NH US","    0",",,R","  113",",,R","  -25",",,R"
"USW00054795","2020-03-19","43.1092","-70.9484","19.2","DURHAM 2 SSW, NH US","  121",",,R","   57",",,R","   24",",,R"
"USW00054795","2020-03-20","43.1092","-70.9484","19.2","DURHAM 2 SSW, NH US","   33",",,R","  177",",,R","   28",",,R"
"USW00054795","2020-03-21","43.1092","-70.9484","19.2","DURHAM 2 SSW, NH US","    0",",,R","  121",",,R","  -32",",,R"
"USW00054795","2020-03-22","43.1092","-70.9484","19.2","DURHAM 2 SSW, NH US","    0",",,R","   35",",,R","  -69",",,R"
"USW00054795","2020-03-23","43.1092","-70.9484","19.2","DURHAM 2 SSW, NH US","  248",",,R","   33",",,R","  -68",",,R"
"USW00054795","2020-03-24","43.1092","-70.9484","19.2","DURHAM 2 SSW, NH US","   30",",,R","   87",",,R","  -18",",,R"
"USW00054795","2020-03-25","43.1092","-70.9484","19.2","DURHAM 2 SSW, NH US","    0",",,R","   57",",,R","  -30",",,R"
"USW00054795","2020-03-26","43.1092","-70.9484","19.2","DURHAM 2 SSW, NH US","    0",",,R","  117",",,R","  -11",",,R"
"USW00054795","2020-03-27","43.1092","-70.9484","19.2","DURHAM 2 SSW, NH US","    0",",,R","  144",",,R","    7",",,R"
"USW00054795","2020-03-28","43.1092","-70.9484","19.2","DURHAM 2 SSW, NH US","    0",",,R","  110",",,R","  -31",",,R"
"USW00054795","2020-03-29","43.1092","-70.9484","19.2","DURHAM 2 SSW, NH US","  235",",,R","   63",",,R","   30",",,R"
"USW00054795","2020-03-30","43.1092","-70.9484","19.2","DURHAM 2 SSW, NH US","   55",",,R","   50",",,R","   10",",,R"
"USW00054795","2020-03-31","43.1092","-70.9484","19.2","DURHAM 2 SSW, NH US","    0",",,R","   74",",,R","  -30",",,R"
"USW00054795","2020-04-01","43.1092","-70.9484","19.2","DURHAM 2 SSW, NH US","    0",",,R","   79",",,R","  -40",",,R"
"USW00054795","2020-04-02","43.1092","-70.9484","19.2","DURHAM 2 SSW, NH US","  158",",,R","   77",",,R","   38",",,R"
"USW00054795","2020-04-03","43.1092","-70.9484","19.2","DURHAM 2 SSW, NH US","  227",",,R","   81",",,R","   62",",,R"
"USW00054795","2020-04-04","43.1092","-70.9484","19.2","DURHAM 2 SSW, NH US","    0",",,R","  111",",,R","   44",",,R"
"USW00054795","2020-04-05","43.1092","-70.9484","19.2","DURHAM 2 SSW, NH US","    0",",,R","  127",",,R","   37",",,R"
"USW00054795","2020-04-06","43.1092","-70.9484","19.2","DURHAM 2 SSW, NH US","    0",",,R","  153",",,R","    9",",,R"
"USW00054795","2020-04-07","43.1092","-70.9484","19.2","DURHAM 2 SSW, NH US","    0",",,R","  161",",,R","   -7",",,R"
"USW00054795","2020-04-08","43.1092","-70.9484","19.2","DURHAM 2 SSW, NH US","    0",",,R","  125",",,R","   22",",,R"
"USW00054795","2020-04-09","43.1092","-70.9484","19.2","DURHAM 2 SSW, NH US","  287",",,R","   83",",,R","    2",",,R"
"USW00054795","2020-04-10","43.1092","-70.9484","19.2","DURHAM 2 SSW, NH US","    4",",,R","   87",",,R","   10",",,R"
"USW00054795","2020-04-11","43.1092","-70.9484","19.2","DURHAM 2 SSW, NH US","    0",",,R","   94",",,R","   -4",",,R"
"USW00054795","2020-04-12","43.1092","-70.9484","19.2","DURHAM 2 SSW, NH US","    0",",,R","  161",",,R","  -32",",,R"
"USW00054795","2020-04-13","43.1092","-70.9484","19.2","DURHAM 2 SSW, NH US","  323",",,R","  164",",,R","   73",",,R"
"USW00054795","2020-04-14","43.1092","-70.9484","19.2","DURHAM 2 SSW, NH US","    0",",,R","  145",",,R","   61",",,R"
"USW00054795","2020-04-15","43.1092","-70.9484","19.2","DURHAM 2 SSW, NH US","    0",",,R","  109",",,R","  -12",",,R"
"USW00054795","2020-04-16","43.1092","-70.9484","19.2","DURHAM 2 SSW, NH US","    2",",,R","   75",",,R","  -21",",,R"
"USW00054795","2020-04-17","43.1092","-70.9484","19.2","DURHAM 2 SSW, NH US","    0",",,R","   96",",,R","  -39",",,R"
"USW00054795","2020-04-18","43.1092","-70.9484","19.2","DURHAM 2 SSW, NH US","   45",",,R","   51",",,R","   -8",",,R"
"USW00054795","2020-04-19","43.1092","-70.9484","19.2","DURHAM 2 SSW, NH US","    0",",,R","  170",",,R","  -27",",,R"
"USW00054795","2020-04-20","43.1092","-70.9484","19.2","DURHAM 2 SSW, NH US","    0",",,R","  108",",,R","  -20",",,R"
"USW00054795","2020-04-21","43.1092","-70.9484","19.2","DURHAM 2 SSW, NH US","   88",",,R","  123",",,R","  -36",",,R"
"USW00054795","2020-04-22","43.1092","-70.9484","19.2","DURHAM 2 SSW, NH US","    0",",,R","   67",",,R","  -12",",,R"
"USW00054795","2020-04-23","43.1092","-70.9484","19.2","DURHAM 2 SSW, NH US","    0",",,R","  127",",,R","  -28",",,R"
"USW00054795","2020-04-24","43.1092","-70.9484","19.2","DURHAM 2 SSW, NH US","    4",",,R","  104",",,R","    8",",,R"
"USW00054795","2020-04-25","43.1092","-70.9484","19.2","DURHAM 2 SSW, NH US","    0",",,R","  152",",,R","    6",",,R"
"USW00054795","2020-04-26","43.1092","-70.9484","19.2","DURHAM 2 SSW, NH US","   40",",,R","  134",",,R","    4",",,R"
"USW00054795","2020-04-27","43.1092","-70.9484","19.2","DURHAM 2 SSW, NH US","  196",",,R","   49",",,R","   31",",,R"
"USW00054795","2020-04-28","43.1092","-70.9484","19.2","DURHAM 2 SSW, NH US","    0",",,R","  114",",,R","   31",",,R"
"USW00054795","2020-04-29","43.1092","-70.9484","19.2","DURHAM 2 SSW, NH US","    0",",,R","  126",",,R","   -9",",,R"
"USW00054795","2020-04-30","43.1092","-70.9484","19.2","DURHAM 2 SSW, NH US","   18",",,R","   83",",,R","   63",",,R"
"USW00054795","2020-05-01","43.1092","-70.9484","19.2","DURHAM 2 SSW, NH US","  251",",,R","  168",",,R","   83",",,R"
"USW00054795","2020-05-02","43.1092","-70.9484","19.2","DURHAM 2 SSW, NH US","    2",",,R","  198",",,R","   59",",,R"
"USW00054795","2020-05-03","43.1092","-70.9484","19.2","DURHAM 2 SSW, NH US","    0",",,R","  256",",,R","   87",",,R"
"USW00054795","2020-05-04","43.1092","-70.9484","19.2","DURHAM 2 SSW, NH US","    0",",,R","  191",",,R","   79",",,R"
"USW00054795","2020-05-05","43.1092","-70.9484","19.2","DURHAM 2 SSW, NH US","    0",",,R","  133",",,R","   22",",,R"
"USW00054795","2020-05-06","43.1092","-70.9484","19.2","DURHAM 2 SSW, NH US","    5",",,R","  140",",,R","  -13",",,R"
"USW00054795","2020-05-07","43.1092","-70.9484","19.2","DURHAM 2 SSW, NH US","    2",",,R","  170",",,R","   40",",,R"
"USW00054795","2020-05-08","43.1092","-70.9484","19.2","DURHAM 2 SSW, NH US","   15",",,R","  150",",,R","   53",",,R"
"USW00054795","2020-05-09","43.1092","-70.9484","19.2","DURHAM 2 SSW, NH US","   57",",,R","   64",",,R","   10",",,R"
"USW00054795","2020-05-10","43.1092","-70.9484","19.2","DURHAM 2 SSW, NH US","    0",",,R","  143",",,R","   -6",",,R"
"USW00054795","2020-05-11","43.1092","-70.9484","19.2","DURHAM 2 SSW, NH US","   45",",,R","  162",",,R","   22",",,R"
"USW00054795","2020-05-12","43.1092","-70.9484","19.2","DURHAM 2 SSW, NH US","    0",",,R","  124",",,R","   37",",,R"
"USW00054795","2020-05-13","43.1092","-70.9484","19.2","DURHAM 2 SSW, NH US","    0",",,R","  142",",,R","   15",",,R"
"USW00054795","2020-05-14","43.1092","-70.9484","19.2","DURHAM 2 SSW, NH US","    0",",,R","  211",",,R","   -7",",,R"
"USW00054795","2020-05-15","43.1092","-70.9484","19.2","DURHAM 2 SSW, NH US","   73",",,R","  223",",,R","  102",",,R"
"USW00054795","2020-05-16","43.1092","-70.9484","19.2","DURHAM 2 SSW, NH US","   15",",,R","  198",",,R","   86",",,R"
"USW00054795","2020-05-17","43.1092","-70.9484","19.2","DURHAM 2 SSW, NH US","    0",",,R","  208",",,R","   80",",,R"
"USW00054795","2020-05-18","43.1092","-70.9484","19.2","DURHAM 2 SSW, NH US","    0",",,R","  180",",,R","   51",",,R"
"USW00054795","2020-05-19","43.1092","-70.9484","19.2","DURHAM 2 SSW, NH US","    0",",,R","  154",",,R","   28",",,R"
"USW00054795","2020-05-20","43.1092","-70.9484","19.2","DURHAM 2 SSW, NH US","    0",",,R","  183",",,R","   16",",,R"
"USW00054795","2020-05-21","43.1092","-70.9484","19.2","DURHAM 2 SSW, NH US","    0",",,R","  264",",,R","   16",",,R"
"USW00054795","2020-05-22","43.1092","-70.9484","19.2","DURHAM 2 SSW, NH US","    0",",,R","  294",",,R","   95",",,R"
"USW00054795","2020-05-23","43.1092","-70.9484","19.2","DURHAM 2 SSW, NH US","    0",",,R","  186",",,R","   38",",,R"
"USW00054795","2020-05-24","43.1092","-70.9484","19.2","DURHAM 2 SSW, NH US","    0",",,R","  160",",,R","   20",",,R"
"USW00054795","2020-05-25","43.1092","-70.9484","19.2","DURHAM 2 SSW, NH US","    0",",,R","  152",",,R","   41",",,R"
"USW00054795","2020-05-26","43.1092","-70.9484","19.2","DURHAM 2 SSW, NH US","    0",",,R","  256",",,R","  109",",,R"
"USW00054795","2020-05-27","43.1092","-70.9484","19.2","DURHAM 2 SSW, NH US","    0",",,R","  315",",,R","  118",",,R"
"USW00054795","2020-05-28","43.1092","-70.9484","19.2","DURHAM 2 SSW, NH US","    0",",,R","  281",",,R","  185",",,R"
"USW00054795","2020-05-29","43.1092","-70.9484","19.2","DURHAM 2 SSW, NH US","    0",",,R","  295",",,R","  215",",,R"
"USW00054795","2020-05-30","43.1092","-70.9484","19.2","DURHAM 2 SSW, NH US","   25",",,R","  254",",,R","  135",",,R"
"USW00054795","2020-05-31","43.1092","-70.9484","19.2","DURHAM 2 SSW, NH US","    0",",,R","  180",",,R","   36",",,R"
"USW00054795","2020-06-01","43.1092","-70.9484","19.2","DURHAM 2 SSW, NH US","    0",",,R","  175",",,R","   15",",,R"
"USW00054795","2020-06-02","43.1092","-70.9484","19.2","DURHAM 2 SSW, NH US","    0",",,R","  189",",,R","   23",",,R"
"USW00054795","2020-06-03","43.1092","-70.9484","19.2","DURHAM 2 SSW, NH US","    5",",,R","  223",",,R","  114",",,R"
